task_identifier,task_app,apk,task_app_CHN,adb_home_page,goal,functional_point,difficulty_level,golden_steps,key_nodes
idxyer_0,idxyer,idxyer_10.3.0.apk,丁香园,cn.dxy.idxyer/.biz.startup.StartupActivity,帮我在丁香园关闭“截屏后提示分享”,设置,medium,6,"{""xpath"": ['''//*[@checkable=""true"" and @checked=""false"" and (preceding-sibling::*[contains(@text, ""截屏后提示分享"")])]''']}"
idxyer_1,idxyer,idxyer_10.3.0.apk,丁香园,cn.dxy.idxyer/.biz.startup.StartupActivity,帮我打开丁香园临床内科的版块，看看有哪些热帖,频道,easy,4,"{""xpath"": ['''//*[contains(@class, ""ViewGroup"") and bbox_contains_point(@bounds,$point) and (child::*[contains(@text, ""临床内科"") and contains(@resource-id, ""id/tv_category_title"") ])] ''']}"
idxyer_2,idxyer,idxyer_10.3.0.apk,丁香园,cn.dxy.idxyer/.biz.startup.StartupActivity,帮我查看丁香园的骨科最新指南,搜索,easy,5,"{""xpath"": ['''//*[contains(@text, ""骨科"") and contains(@resource-id, ""id/searchInputMet"")] and //*[contains(@text, ""指南"") and contains(@class, ""TextView"")] ''']}###{""xpath"": ['''//*[contains(@content-desc, ""骨科"")  and bbox_contains_point(@bounds,$point) ] and //*[contains(@content-desc, ""指南"") and contains(@class, ""ImageView"")] ''']}"
idxyer_3,idxyer,idxyer_10.3.0.apk,丁香园,cn.dxy.idxyer/.biz.startup.StartupActivity,帮我查询一下在丁香园临床诊疗心血管科的相关课程,搜索,easy,5,"{""xpath"": ['''//*[contains(@text, ""临床诊疗"") and contains(@text, ""心血管科"") and contains(@text, ""课程"") and contains(@resource-id, ""id/searchInputMet"")] ''']}"
idxyer_4,idxyer,idxyer_10.3.0.apk,丁香园,cn.dxy.idxyer/.biz.startup.StartupActivity,在丁香园查一下过敏性鼻炎应该用什么药,搜索,easy,4,"{""xpath"": ['''//*[contains(@text, ""过敏性鼻炎"") and contains(@text, ""药"") and contains(@resource-id, ""id/searchInputMet"")] ''']}"
keep_0,keep,keep_8.5.30.apk,Keep,com.gotokeep.keep/.splash.SplashActivity,在Keep中打开计划搜索户外跑,搜索,easy,6,"{""xpath"": ['''//*[contains(@text, ""计划"") and bbox_contains_point(@bounds,$point)] ''', '''//*[contains(@text, ""户外跑"") and contains(@class, ""EditText"") and contains(@resource-id, ""editText_search_bar"")] ''']}"
keep_1,keep,keep_8.5.30.apk,Keep,com.gotokeep.keep/.splash.SplashActivity,在Keep查看课程里的排行榜,频道,easy,5,"{""xpath"": ['''//*[contains(@text, ""课程"") and bbox_contains_point(@bounds,$point)] ''', '''//*[contains(@class, ""ViewGroup"")  and bbox_contains_point(@bounds,$point) and (child::*[contains(@text, ""排行榜"") and contains(@resource-id, ""id/textEntrance"") ])] ''']}"
keep_2,keep,keep_8.5.30.apk,Keep,com.gotokeep.keep/.splash.SplashActivity,用Keep查看本月的活动月历,频道,medium,6,"{""xpath"": ['''//*[contains(@class, ""ViewGroup"") and bbox_contains_point(@bounds,$point) and (child::*[contains(@text, ""活动月历"") and contains(@resource-id, ""id/textEntrance"") ])] ''']}"
keep_3,keep,keep_8.5.30.apk,Keep,com.gotokeep.keep/.splash.SplashActivity,在Keep的榜单中查看减脂热门榜,频道,medium,6,"{""xpath"": ['''//*[contains(@text, ""减脂热门榜"") and @selected=""true""] ''']}"
keep_4,keep,keep_8.5.30.apk,Keep,com.gotokeep.keep/.splash.SplashActivity,在Keep查看我的动态,动态,easy,5,"{""xpath"": ['''//*[contains(@text, ""我的动态"") and contains(@resource-id, ""id/title"")] ''']}"
xiaoxun_0,xiaoxun,xiaoxun_1.2.19.apk,小寻,com.xiaoxun.xun/.activitys.XunAdSplashActivity,帮我查看小寻上目前我有多少积分,我的,easy,5,"{""xpath"": ['''//*[contains(@text, ""我的积分"") and contains(@resource-id, ""title"")] ''']}"
xiaoxun_1,xiaoxun,xiaoxun_1.2.19.apk,小寻,com.xiaoxun.xun/.activitys.XunAdSplashActivity,查看小寻里面我的购物车都有哪些产品,我的,easy,4,"{""xpath"": ['''//*[contains(@text, ""购物车-小寻商城"") and contains(@resource-id, ""id/tv_title"")] ''']}"
xiaoxun_2,xiaoxun,xiaoxun_1.2.19.apk,小寻,com.xiaoxun.xun/.activitys.XunAdSplashActivity,在小寻打开Z9 Pro电话手表的商品页,搜索,medium,7,"{""xpath"": ['''//*[contains(@text, ""Z9 Pro"") and contains(@text, ""电话手表"")  and contains(@resource-id, ""id/tv_title"")] ''']}"
xiaoxun_3,xiaoxun,xiaoxun_1.2.19.apk,小寻,com.xiaoxun.xun/.activitys.XunAdSplashActivity,在小寻查看已完成订单,我的,medium,6,"{""xpath"": ['''//*[contains(@text, ""订单- 全部订单"") and contains(@resource-id, ""id/tv_title"")]  and //*[contains(@content-desc, ""已完成"")  and bbox_contains_point(@bounds,$point) ]   ''']}"
xiaoxun_4,xiaoxun,xiaoxun_1.2.19.apk,小寻,com.xiaoxun.xun/.activitys.XunAdSplashActivity,在小寻查看优惠券提醒信息,我的,easy,4,"{""xpath"": ['''//*[contains(@text, ""优惠券提醒"") and contains(@resource-id, ""id/tv_title"")] ''']}"
dwbtime_0,dwbtime,dwbtime_11.6.8.apk,亲宝宝,com.dw.btime/.Launcher,我想在亲宝宝中查看宝宝最新记录的身高是多少,我的,easy,4,"{""xpath"": ['''//*[contains(@resource-id, ""growth_hpj_value"") and (preceding-sibling::*[contains(@text, ""身高"")])]''']}###{""xpath"": ['''//*[contains(@text, ""生长记录"")  and bbox_contains_point(../@bounds,$point) ] ''']}"
dwbtime_1,dwbtime,dwbtime_11.6.8.apk,亲宝宝,com.dw.btime/.Launcher,在亲宝宝中上传相册里的第一张照片,我的,hard,8,"{""xpath"": ['''//*[contains(@text, ""所在位置"")]  and //*[contains(@text, ""谁可以看"")]  and //*[contains(@text, ""记录时间"")] and //*[contains(@text, ""保存"") and bbox_contains_point(@bounds,$point) ] ''']}"
dwbtime_2,dwbtime,dwbtime_11.6.8.apk,亲宝宝,com.dw.btime/.Launcher,在亲宝宝中查看宝宝出生时卡介苗的接种状态,我的,medium,6,"{""xpath"": ['''//*[contains(@text, ""卡介苗"") and contains(@resource-id, ""id/name_tv"")] and //*[contains(@text, ""接种表"") and contains(@resource-id, ""id/title_bar_title"")] ''']}"
dwbtime_3,dwbtime,dwbtime_11.6.8.apk,亲宝宝,com.dw.btime/.Launcher,在亲宝宝中，查看纸尿裤类别中第一个商品的详情页,搜索,hard,9,"{""xpath"": ['''//*[contains(@text, ""纸尿裤"") and contains(@resource-id, ""id/tv_goods_title"")] and //*[contains(@text, ""立即购买"") and contains(@resource-id, ""id/tv_buy1"")] ''']}"
dwbtime_4,dwbtime,dwbtime_11.6.8.apk,亲宝宝,com.dw.btime/.Launcher,查看一下亲宝宝中最新的消息通知,消息,easy,5,"{""xpath"": ['''//*[contains(@text, ""消息"") and contains(@resource-id, ""id/title_bar_title"")] ''']}"
dongqiudi_0,dongqiudi,dongqiudi_8.4.2.apk,懂球帝,com.dongqiudi.news/.BaseSplashActivity,在懂球帝查询世界杯赛程,搜索,easy,5,"{""xpath"": ['''//*[contains(@text, ""世界杯赛程"") and contains(@resource-id, ""id/search_edit"")]''']}"
dongqiudi_1,dongqiudi,dongqiudi_8.4.2.apk,懂球帝,com.dongqiudi.news/.BaseSplashActivity,在懂球帝查询曼联球队的动态,搜索,medium,6,"{""xpath"": ['''//*[contains(@text, ""曼联"") and contains(@resource-id, ""id/team_name"")] and //*[contains(@text, ""动态"") and @selected=""true""]  ''']}"
dongqiudi_2,dongqiudi,dongqiudi_8.4.2.apk,懂球帝,com.dongqiudi.news/.BaseSplashActivity,在懂球帝查询利物浦球队的具体赛程,搜索,medium,7,"{""xpath"": ['''//*[contains(@text, ""利物浦"") and contains(@resource-id, ""id/team_name"")] and //*[contains(@text, ""赛程"") and @selected=""true""]  ''']}###{""xpath"": ['''//*[contains(@text, ""利物浦"") and contains(@resource-id, ""item_team"")] and //*[contains(@text, ""赛程"") and @selected=""true""]  ''']}"
dongqiudi_3,dongqiudi,dongqiudi_8.4.2.apk,懂球帝,com.dongqiudi.news/.BaseSplashActivity,在懂球帝将我的主队设置为英超阿森纳,频道,hard,8,"{""xpath"": ['''//*[contains(@text, ""主队"") and contains(@resource-id, ""id/lib_title_text"")] and //*[contains(@text, ""阿森纳"")]  ''']}"
dongqiudi_4,dongqiudi,dongqiudi_8.4.2.apk,懂球帝,com.dongqiudi.news/.BaseSplashActivity,去懂球帝设置为深色主题,设置,medium,5,"{""xpath"": ['''//*[contains(@resource-id, ""mode_check_box"") and @checkable=""true"" and @checked=""true""] and //*[contains(@text, ""深色主题"")] ''']}###{""xpath"": ['''//*[contains(@resource-id, ""mode_check_box"") and @checkable=""true"" and @checked=""true""  and bbox_contains_point(@bounds,$point) ] and //*[contains(@text, ""深色主题"")] ''']}"
hupu_0,hupu,hupu_8.0.50.apk,虎扑,com.hupu.games/.main.MainActivity,去虎扑查一下阿森纳的联赛积分,搜索,easy,4,"{""xpath"": ['''//*[contains(@text, ""阿森纳"") and contains(@text, ""积分"") and contains(@resource-id, ""id/et_search"")]   ''']}"
hupu_1,hupu,hupu_8.0.50.apk,虎扑,com.hupu.games/.main.MainActivity,去虎扑查查去年NBA联赛冠军是谁,搜索,easy,4,"{""xpath"": ['''//*[contains(@text, ""NBA"") and contains(@text, ""冠军"") and contains(@resource-id, ""id/et_search"")]   ''']}"
hupu_2,hupu,hupu_8.0.50.apk,虎扑,com.hupu.games/.main.MainActivity,查看虎扑热榜的第一条新闻,频道,easy,5,"{""xpath"": ['''//*[contains(@text, ""实时热榜，每10分钟更新一次"")  ] ''']}###{""xpath"": ['''//*[contains(@text, ""热榜"")  and bbox_contains_point(../@bounds,$point) ] ''']}"
hupu_3,hupu,hupu_8.0.50.apk,虎扑,com.hupu.games/.main.MainActivity,去虎扑关闭个性化推荐,设置,hard,6,"{""xpath"": ['''//*[contains(@text, ""个性化推荐"") and (following-sibling::*[contains(@class, ""Switch"") and @checkable=""true"" and @checked=""false"" ]) ] ''']}"
hupu_4,hupu,hupu_8.0.50.apk,虎扑,com.hupu.games/.main.MainActivity,去虎扑设置我的主队为曼联,设置,hard,9,"{""xpath"": ['''//*[contains(@text, ""曼联"")  and contains(@resource-id, ""id/tvTeamName"") and (following-sibling::*[contains(@resource-id, ""id/ivDelete"")  ]) ] ''']}###{""xpath"": ['''//*[contains(@text, ""曼联"")]  and //*[contains(@text, ""已设为主队"")] ''']}"
kugoumusic_0,kugoumusic,com.kugou.android,酷狗音乐,com.kugou.android/.app.splash.SplashActivity,关闭酷狗音乐的自适应系统深浅色,设置,medium,5,"{""xpath"": ['''//*[contains(@text, ""自适应系统深浅色"")] and //*[contains(@content-desc, ""未选中开关"")]''']}"
kugoumusic_1,kugoumusic,com.kugou.android,酷狗音乐,com.kugou.android/.app.splash.SplashActivity,帮我把酷狗音乐版设置10分钟定时关闭,设置,medium,6,"{""xpath"": ['''//*[contains(@text, ""定时关闭"")]  and //*[contains(@text, ""后，将停止播放"")]  ''']}"
kugoumusic_2,kugoumusic,com.kugou.android,酷狗音乐,com.kugou.android/.app.splash.SplashActivity,我想听酷狗音乐里毛不易的消愁,搜索,medium,6,"{""xpath"": ['''//*[contains(@text, ""消愁"") and contains(@class, ""EditText"") ] and //*[contains(@text, ""毛不易"") ] ''']}"
kugoumusic_3,kugoumusic,com.kugou.android,酷狗音乐,com.kugou.android/.app.splash.SplashActivity,帮我关闭酷狗音乐的无缝播放,设置,hard,8,"{""xpath"": ['''//*[contains(@text, ""无缝播放"")] and //*[contains(@content-desc, ""未选中开关"")] ''']}"
kugoumusic_4,kugoumusic,com.kugou.android,酷狗音乐,com.kugou.android/.app.splash.SplashActivity,在酷狗音乐里面播放童话镇,搜索,medium,6,"{""xpath"": ['''//*[contains(@text, ""童话镇"") and contains(@class, ""EditText"") ] ''']}"
qtradio_0,qtradio,qtradio_10.8.7.apk,蜻蜓FM,fm.qingting.qtradio/.WelcomeActivity,我想看一下蜻蜓FM今天播放最多的国内要闻,搜索,medium,6,"{""xpath"": ['''//*[contains(@text, ""播放最多"") and @checkable=""true"" and @checked=""true""] and //*[contains(@text, ""国内要闻"") and @checkable=""true"" and @checked=""true""]  ''']}"
qtradio_1,qtradio,qtradio_10.8.7.apk,蜻蜓FM,fm.qingting.qtradio/.WelcomeActivity,帮我看一下蜻蜓FM都有哪些儿童睡前故事,搜索,easy,5,"{""xpath"": ['''//*[contains(@text, ""全部儿童"")]  and //*[contains(@text, ""综合排序"")]   and //*[contains(@text, ""播放最多"")] ''']}"
qtradio_2,qtradio,qtradio_10.8.7.apk,蜻蜓FM,fm.qingting.qtradio/.WelcomeActivity,帮我看一下蜻蜓FM里我现在有多少余额,我的,easy,5,"{""xpath"": ['''//*[contains(@text, ""当前余额"")]  and //*[contains(@text, ""收支明细"")]  ''']}###{""xpath"": ['''//*[contains(@text, ""任务中心"")]  and //*[contains(@text, ""余额"")]  ''']}"
qtradio_3,qtradio,qtradio_10.8.7.apk,蜻蜓FM,fm.qingting.qtradio/.WelcomeActivity,我想看蜻蜓FM里免费的小说,频道,easy,5,"{""xpath"": ['''//*[contains(@text, ""免费有声书"") and contains(@resource-id, ""id/defaultSearch"")]   ''']}"
qtradio_4,qtradio,qtradio_10.8.7.apk,蜻蜓FM,fm.qingting.qtradio/.WelcomeActivity,我想联系蜻蜓FM的客服,我的,hard,7,"{""xpath"": ['''//*[contains(@text, ""联系客服"") and bbox_contains_point(@bounds,$point) ]''']}"
feichanghuai_0,feichanghuai,feichanghuai_6.5.0.apk,飞常准,vz.com/com.feeyo.vz.DefaultAlias,在飞常准里，查看我的订单里的机票订单,我的,medium,3,"{""xpath"": ['''//*[contains(@text, ""机票订单"") and contains(@resource-id, ""id/h5_title_text"")]    ''']}"
feichanghuai_1,feichanghuai,feichanghuai_6.5.0.apk,飞常准,vz.com/com.feeyo.vz.DefaultAlias,在飞常准里，查看北京大兴机场的进港情况,我的,hard,6,"{""xpath"": ['''//*[contains(@text, ""北京大兴"") and contains(@resource-id, ""id/tv_airport_name"")]  and //*[contains(@text, ""进港"") and @selected=""true""]  ''']}"
feichanghuai_2,feichanghuai,feichanghuai_6.5.0.apk,飞常准,vz.com/com.feeyo.vz.DefaultAlias,在飞常准里，查看最近的行程记录,频道,easy,3,"{""xpath"": ['''//*[contains(@text, ""行程记录"")  and bbox_contains_point(../@bounds,$point) ]   ''']}"
feichanghuai_3,feichanghuai,feichanghuai_6.5.0.apk,飞常准,vz.com/com.feeyo.vz.DefaultAlias,在飞常准里，去设置里清除缓存,设置,medium,5,"{""xpath"": ['''//*[contains(@text, ""清除缓存"")  and bbox_contains_point(../@bounds,$point) ]   ''']}"
feichanghuai_4,feichanghuai,feichanghuai_6.5.0.apk,飞常准,vz.com/com.feeyo.vz.DefaultAlias,在飞常准里，我想看看飞行圈的热榜资讯,频道,medium,4,"{""xpath"": ['''//*[contains(@text, ""飞行圈"") and @checkable=""true"" and @checked=""true""]  and //*[contains(@text, ""热榜"") and @selected=""true""]  ''']}"
qqmusic_0,qqmusic,qqmuisc_14.6.0.8.apk,QQ音乐,com.tencent.qqmusic/.activity.AppStarterActivity,在QQ音乐里面播放“别看我只是一只羊”,搜索,easy,5,"{""xpath"": ['''//*[contains(@text, ""别看我只是一只羊"") and contains(@resource-id, ""id/searchItem"") ] and //*[contains(@text, ""杨沛宜"")] ''']}"
qqmusic_1,qqmusic,qqmuisc_14.6.0.8.apk,QQ音乐,com.tencent.qqmusic/.activity.AppStarterActivity,在QQ音乐里面播放高山流水,搜索,easy,5,"{""xpath"": ['''//*[contains(@text, ""高山流水"") and contains(@resource-id, ""id/searchItem"") ] and //*[contains(@text, ""古筝"")] ''']}"
qqmusic_2,qqmusic,qqmuisc_14.6.0.8.apk,QQ音乐,com.tencent.qqmusic/.activity.AppStarterActivity,在QQ音乐里面查找并关注周杰伦,搜索,hard,7,"{""xpath"": ['''//*[contains(@text, ""已关注歌手"")  ] and //*[contains(@text, ""周杰伦"")]''']}###{""xpath"": ['''//*[contains(@text, ""关注歌手"")  and bbox_contains_point(../@bounds,$point) ] and //*[contains(@text, ""周杰伦"")] ''']}"
qqmusic_3,qqmusic,qqmuisc_14.6.0.8.apk,QQ音乐,com.tencent.qqmusic/.activity.AppStarterActivity,去QQ音乐一键已读所有私信,消息,hard,6,"{""xpath"": [ '''//*[contains(@text, ""将全部未读私信设为已读"")] and //*[contains(@text, ""确认"")  and bbox_contains_point(@bounds,$point) ] ''' ]}"
qqmusic_4,qqmusic,qqmuisc_14.6.0.8.apk,QQ音乐,com.tencent.qqmusic/.activity.AppStarterActivity,将QQ音乐设置为简洁模式,设置,hard,8,"{""xpath"": ['''//*[contains(@text, ""简洁模式"") and (following-sibling::*[contains(@class, ""CheckBox"") and @checkable=""true"" and @checked=""true"" ]) ] ''']}###{""xpath"": ['''//*[contains(@text, ""简洁模式"") ] and //*[contains(@content-desc, ""模式与自定义"") ] ''']}"
migumusic_0,migumusic,migumusic_7.47.0.apk,咪咕音乐,cmccwm.mobilemusic/.ui.SplashActivity,在咪咕音乐播放蜗牛与黄鹂鸟,搜索,easy,5,"{""xpath"": ['''//*[contains(@text, ""蜗牛与黄鹂鸟"") and contains(@resource-id, ""id/edt_search_input"")] ''']}"
migumusic_1,migumusic,migumusic_7.47.0.apk,咪咕音乐,cmccwm.mobilemusic/.ui.SplashActivity,在咪咕音乐播放七里香,搜索,easy,5,"{""xpath"": ['''//*[contains(@text, ""七里香"") and contains(@resource-id, ""id/edt_search_input"")] ''']}"
migumusic_2,migumusic,migumusic_7.47.0.apk,咪咕音乐,cmccwm.mobilemusic/.ui.SplashActivity,在咪咕音乐打开包含葫芦娃的歌单,频道,medium,6,"{""xpath"": ['''//*[contains(@text, ""葫芦娃"") and contains(@resource-id, ""id/edt_search_input"")] and //*[contains(@text, ""歌单"") and @selected=""true""]  ''']}"
migumusic_3,migumusic,migumusic_7.47.0.apk,咪咕音乐,cmccwm.mobilemusic/.ui.SplashActivity,去咪咕音乐打开听歌识曲,频道,medium,6,"{""xpath"": ['''//*[contains(@text, ""听歌识曲"") and contains(@resource-id, ""id/uikit_optionnav_option_tv"")] and //*[contains(@text, ""哼唱识曲"") and contains(@resource-id, ""id/uikit_optionnav_option_tv"")]  ''']}"
migumusic_4,migumusic,migumusic_7.47.0.apk,咪咕音乐,cmccwm.mobilemusic/.ui.SplashActivity,去咪咕音乐设置音乐缓存上限为500MB,设置,hard,9,"{""xpath"": ['''//*[contains(@text, ""500MB"") and (following-sibling::*[contains(@resource-id, ""local_cache_500mb"") ]) ] and //*[contains(@text, ""设置音乐缓存上限"") and contains(@resource-id, ""topbar_title"")]  ''']}###{""xpath"": ['''//*[contains(@text, ""设置音乐缓存上限"") and contains(@resource-id, ""item_name"")]  and //*[contains(@text, ""500MB"") and contains(@resource-id, ""item_des"")]   ''']}"
mtxx_0,mtxx,mtxx_11.12.0.apk,美图秀秀,com.mt.mtxx.mtxx/.MainActivity,我想知道美图秀秀如何申请五星达人？,我的,hard,8,"{""xpath"": ['''//*[contains(@text, ""问题详情"") ] and //*[contains(@text, ""如何申请五星达人"") ]''']}"
mtxx_1,mtxx,mtxx_11.12.0.apk,美图秀秀,com.mt.mtxx.mtxx/.MainActivity,在美图秀秀里面帮我将相册的第一张图片按照精选的第一个美图配方进行图片美化,频道,hard,8,"{""xpath"": ['''//*[contains(@text, ""所有图片"") and contains(@resource-id, ""id/tv_title"")] and //*[contains(@text, ""图片美化"") and @selected=""true""] and //*[contains(@resource-id, ""id/C"") and bbox_contains_point(@bounds,$point) ] ''', ''' //*[contains(@text, ""美图配方"") and @selected=""true""] and //*[contains(@class, ""view.ViewGroup"")  and bbox_contains_point(@bounds,$point) and (child::*[contains(@resource-id, ""id/A+H"")])]''', '''//*[contains(@text, ""保存"") and bbox_contains_point(@bounds,$point) ]''' ]}"
mtxx_2,mtxx,mtxx_11.12.0.apk,美图秀秀,com.mt.mtxx.mtxx/.MainActivity,查看美图秀秀图库界面有哪些最新玩法,频道,medium,5,"{""xpath"": ['''//*[contains(@text, ""最新玩法"") and @selected=""true""] ''']}"
mtxx_3,mtxx,mtxx_11.12.0.apk,美图秀秀,com.mt.mtxx.mtxx/.MainActivity,用美图秀秀将我相册的第一张人像图进行一键美颜并保存,频道,hard,9,"{""xpath"": [''' //*[contains(@class, ""FrameLayout"")  and bbox_contains_point(@bounds,$point) and (child::*[contains(@text, ""一键美颜"")])]''', '''//*[contains(@resource-id, ""id/LR"") and bbox_contains_point(@bounds,$point) ]''', '''//*[contains(@text, ""保存"") and bbox_contains_point(@bounds,$point) ]''' ]}"
mtxx_4,mtxx,mtxx_11.12.0.apk,美图秀秀,com.mt.mtxx.mtxx/.MainActivity,选择相册的前两张中照片在美图秀秀里面按照模板的第一个款式进行拼图,频道,hard,8,"{""xpath"": ['''//*[contains(@text, ""开始拼图"") and bbox_contains_point(@bounds,$point) and (preceding-sibling::*[contains(@text, ""请选择1–12个图片或视频"")] ) and (preceding-sibling::*[@text=""2""] ) ]''' , '''//*[contains(@text, ""保存"") and bbox_contains_point(@bounds,$point) ]''' ]}"
theater_0,theater,theater_2.7.1.2.apk,喜番免费短剧,com.kwai.theater/.api.component.HomeActivity,在喜番免费短剧中播放《传奇》第2集,搜索,medium,7,"{""xpath"": ['''//*[@text=""传奇"" and contains(@class, ""EditText"")] and //*[contains(@resource-id, ""item_root"") and bbox_contains_point(@bounds,$point) and (descendant::*[@text=""传奇"" and contains(@resource-id, ""title_name"")])]''', '''//*[contains(@text, ""第2集"") and contains(@resource-id, ""bottom_content"")] '''   ]}"
theater_1,theater,theater_2.7.1.2.apk,喜番免费短剧,com.kwai.theater/.api.component.HomeActivity,在喜番免费短剧中播放“校园”类别第一个短剧,搜索,medium,7,"{""xpath"": ['''//*[contains(@class, ""ksad_tube_tag_filter_item_root"")  and bbox_contains_point(@bounds,$point) and (child::*[contains(@text, ""校园"") and contains(@resource-id, ""id/ksad_tube_tag_filter_desc"")])]''', ''' //*[contains(@resource-id, ""seek_bar"")]  ''']}"
theater_2,theater,theater_2.7.1.2.apk,喜番免费短剧,com.kwai.theater/.api.component.HomeActivity,看一下我在喜番免费短剧里收藏的小说,频道,easy,4,"{""xpath"": [''' //*[contains(@text, ""小说"") and contains(@resource-id, ""ksad_novel_collect_title"") and bbox_contains_point(@bounds,$point)] ''']}"
theater_3,theater,theater_2.7.1.2.apk,喜番免费短剧,com.kwai.theater/.api.component.HomeActivity,给喜番免费短剧热门推荐的第一个视频加入追剧,推荐,easy,3,"{""xpath"": ['''//*[contains(@text, ""推荐"") and @selected=""true""] and //*[contains(@resource-id, ""slide_detail_favorite_button_container"") and bbox_contains_point(@bounds,$point) ] ''']}"
theater_4,theater,theater_2.7.1.2.apk,喜番免费短剧,com.kwai.theater/.api.component.HomeActivity,查看喜番免费短剧中热搜榜第一名的短剧,频道,easy,4,"{""xpath"": ['''//*[contains(@text, ""热榜"") and @selected=""true""] and //*[contains(@text, ""热搜榜"") and @selected=""true""] ''']}"
haokan_0,haokan,haokan_7.83.0.10.apk,好看视频,com.baidu.haokan/.app.activity.HomeActivity,在好看视频查看观看历史,我的,easy,4,"{""xpath"": ['''//*[contains(@class, ""RelativeLayout"")  and bbox_contains_point(@bounds,$point) and (descendant::*[contains(@text, ""观看历史"")])]''']}"
haokan_1,haokan,haokan_7.83.0.10.apk,好看视频,com.baidu.haokan/.app.activity.HomeActivity,好看视频里打开国产动漫,频道,easy,4,"{""xpath"": ['''//*[contains(@text, ""国产动漫"") and bbox_contains_point(@bounds,$point) ]''']}###{""xpath"": ['''//*[contains(@text, ""国产动漫"") and contains(@class, ""EditText"")] ''']}"
haokan_2,haokan,haokan_7.83.0.10.apk,好看视频,com.baidu.haokan/.app.activity.HomeActivity,听一下好看视频里听书猜你喜欢的第一个作品,频道,hard,6,"{""xpath"": ['''//*[contains(@text, ""听书"") and @selected=""true""] and //*[contains(@text, ""猜你喜欢"")]  and //*[contains(@class, ""ViewGroup"") and bbox_contains_point(@bounds,$point)]  ''']}"
haokan_3,haokan,haokan_7.83.0.10.apk,好看视频,com.baidu.haokan/.app.activity.HomeActivity,在好看视频清除缓存,我的,easy,4,"{""xpath"": ['''//*[contains(@class, ""RelativeLayout"")  and bbox_contains_point(@bounds,$point) and (descendant::*[contains(@text, ""清理缓存"")])]''']}"
haokan_4,haokan,haokan_7.83.0.10.apk,好看视频,com.baidu.haokan/.app.activity.HomeActivity,打开好看视频里听书高分榜里的第一个作品,频道,medium,5,"{""xpath"": [ '''//*[contains(@text, ""高分榜"")  and bbox_contains_point(@bounds,$point)] ''',  '''//*[contains(@text, ""万次播放"")] and //*[contains(@text, ""状态"")] and //*[contains(@text, ""开始听书"")] ''' ]}"
huajiao_0,huajiao,huajiao_9.6.4.2030.apk,花椒直播,com.huajiao/.cover.CoverActivity,在花椒直播里查看我附近的动态,附近,medium,5,"{""xpath"": ['''//*[contains(@text, ""附近动态"") and bbox_contains_point(@bounds,$point) ]''']}"
huajiao_1,huajiao,huajiao_9.6.4.2030.apk,花椒直播,com.huajiao/.cover.CoverActivity,查看我在花椒直播里看过的内容,我的,easy,4,"{""xpath"": ['''//*[contains(@class, ""ViewGroup"") and bbox_contains_point(@bounds,$point) and (child::*[contains(@text, ""我看过"") and contains(@resource-id, ""id/tv_text"") ])] ''']}"
huajiao_2,huajiao,huajiao_9.6.4.2030.apk,花椒直播,com.huajiao/.cover.CoverActivity,查看我的花椒直播最新的通知消息,消息,easy,4,"{""xpath"": ['''//*[contains(@resource-id, ""id/rel_notice"") and bbox_contains_point(@bounds,$point) and (child::*[contains(@text, ""通知"") and contains(@resource-id, ""id/text_notice"") ])] ''']}"
huajiao_3,huajiao,huajiao_9.6.4.2030.apk,花椒直播,com.huajiao/.cover.CoverActivity,查看花椒直播上我的成就勋章有哪些,我的,hard,6,"{""xpath"": ['''//*[contains(@text, ""我的成就"") and contains(@resource-id, ""id/top_bar_center_top_tv"")] ''']}"
huajiao_4,huajiao,huajiao_9.6.4.2030.apk,花椒直播,com.huajiao/.cover.CoverActivity,查看花椒直播里我的访客记录,我的,easy,5,"{""xpath"": ['''//*[contains(@text, ""我的访客"") and contains(@resource-id, ""id/top_bar_center_top_tv"")] ''']}"
tencentvedio_0,tencentvedio,tencentvedio_9.01.60.30228.apk,腾讯视频,com.tencent.qqlive/.ona.activity.SplashHomeActivity,去腾讯视频播放葫芦兄弟,搜索,medium,6,"{""xpath"": ['''//*[contains(@text, ""葫芦兄弟"")] and //*[contains(@text, ""推荐"")] and //*[contains(@text, ""选集"")] ''']}"
tencentvedio_1,tencentvedio,tencentvedio_9.01.60.30228.apk,腾讯视频,com.tencent.qqlive/.ona.activity.SplashHomeActivity,在腾讯视频播放并推荐黑猫警长,搜索,medium,7,"{""xpath"": ['''//*[contains(@text, ""已推荐"")  ] and //*[contains(@text, ""黑猫警长"")]  and //*[contains(@text, ""选集"")]  ''']}###{""xpath"": ['''//*[contains(@text, ""推荐"")  and bbox_contains_point(../@bounds,$point) ] and //*[contains(@text, ""黑猫警长"")]  and //*[contains(@text, ""选集"")]  ''']}"
tencentvedio_2,tencentvedio,tencentvedio_9.01.60.30228.apk,腾讯视频,com.tencent.qqlive/.ona.activity.SplashHomeActivity,去腾讯视频查看热搜榜单,频道,medium,5,"{""xpath"": ['''//*[contains(@text, ""筛选"")]  and //*[contains(@text, ""榜单"") and @selected=""true""]  ''']}"
tencentvedio_3,tencentvedio,tencentvedio_9.01.60.30228.apk,腾讯视频,com.tencent.qqlive/.ona.activity.SplashHomeActivity,去腾讯视频查看我的下载,我的,easy,4,"{""xpath"": ['''//*[contains(@text, ""我的下载"")]  and //*[contains(@text, ""视频"")] and //*[contains(@text, ""小说"")]  ''']}"
tencentvedio_4,tencentvedio,tencentvedio_9.01.60.30228.apk,腾讯视频,com.tencent.qqlive/.ona.activity.SplashHomeActivity,去腾讯视频设置自动跳过片头片尾,设置,hard,6,"{""xpath"": ['''//*[contains(@content-desc, ""自动跳过片头片尾,，切换按钮打开"") ] and //*[contains(@content-desc, ""播放设置 , 导航栏"") ]''']}"
xiguavideo_3,xiguavideo,xiguavideo_9.6.4.apk,西瓜视频,com.ss.android.article.video/.activity.SplashActivity,在西瓜视频里面播放英雄本色,搜索,medium,6,"{""xpath"": ['''//*[contains(@text, ""英雄本色"") and contains(@resource-id, ""id/a6r"")] ''']}###{""xpath"": ['''//*[contains(@text, ""英雄本色"")] and //*[contains(@text, ""暂停"")] and //*[contains(@text, ""播放"")] ''']}"
xiguavideo_4,xiguavideo,xiguavideo_9.6.4.apk,西瓜视频,com.ss.android.article.video/.activity.SplashActivity,在西瓜视频里面播放喜羊羊与灰太狼,搜索,medium,6,"{""xpath"": ['''//*[contains(@text, ""喜羊羊与灰太狼"") and contains(@resource-id, ""id/a6r"")] ''']}###{""xpath"": ['''//*[contains(@text, ""喜羊羊与灰太狼"")] and //*[contains(@text, ""暂停"")] and //*[contains(@text, ""播放"")] ''']}"
xiguavideo_0,xiguavideo,xiguavideo_9.6.4.apk,西瓜视频,com.ss.android.article.video/.activity.SplashActivity,查看西瓜视频中我的账号的创作中心,我的,medium,5,"{""xpath"": ['''//*[contains(@text, ""创作中心"")] and //*[contains(@text, ""内容管理"")] and //*[contains(@text, ""数据中心"")] ''']}"
xiguavideo_1,xiguavideo,xiguavideo_9.6.4.apk,西瓜视频,com.ss.android.article.video/.activity.SplashActivity,查看西瓜视频里最多弹幕的内地喜剧电影推荐,频道,hard,7,"{""xpath"": ['''//*[contains(@text, ""电影"") and @selected=""true""] and //*[contains(@text, ""内地"") and @selected=""true""]  and //*[contains(@text, ""喜剧"") and @selected=""true""]  and //*[contains(@text, ""最多弹幕"") and @selected=""true""]   ''']}"
xiguavideo_2,xiguavideo,xiguavideo_9.6.4.apk,西瓜视频,com.ss.android.article.video/.activity.SplashActivity,查看西瓜视频里90年代最热的日本动漫推荐,频道,hard,8,"{""xpath"": ['''//*[contains(@text, ""动漫"") and @selected=""true""] and //*[contains(@text, ""日本"") and @selected=""true""]  and //*[contains(@text, ""最热"") and @selected=""true""]  and //*[contains(@text, ""90年代"") and @selected=""true""]   ''']}"
yangcong345_0,yangcong345,yangcong_7.87.0.apk,洋葱学园,com.yangcong345.android.phone/com.yangcong345.main.phone.splash.SplashActivity,去洋葱学园查看我的洋葱币,我的,medium,5,"{""xpath"": ['''//*[contains(@resource-id, ""id/myOnionCoin"") and bbox_contains_point(@bounds,$point) and (child::*[contains(@text, ""我的洋葱币"") ])] ''']}"
yangcong345_1,yangcong345,yangcong_7.87.0.apk,洋葱学园,com.yangcong345.android.phone/com.yangcong345.main.phone.splash.SplashActivity,打开洋葱学园的公共自习室,频道,easy,4,"{""xpath"": ['''//*[contains(@text, ""公共自习室"") and contains(@class, ""android.widget.Image"")] ''']}"
yangcong345_2,yangcong345,yangcong_7.87.0.apk,洋葱学园,com.yangcong345.android.phone/com.yangcong345.main.phone.splash.SplashActivity,打开洋葱学园我的收藏查看第一条内容,我的,medium,5,"{""xpath"": ['''//*[contains(@resource-id, ""id/collectView"")  and bbox_contains_point(@bounds,$point) and (child::*[contains(@text, ""充电地图"") and contains(@resource-id, ""id/tvName"")])]''']}###{""xpath"": ['''//*[contains(@text, ""我的收藏"")  and bbox_contains_point(../@bounds,$point) ] ''']}"
yangcong345_3,yangcong345,yangcong_7.87.0.apk,洋葱学园,com.yangcong345.android.phone/com.yangcong345.main.phone.splash.SplashActivity,打开洋葱学园我的二维码,我的,easy,5,"{""xpath"": ['''//*[contains(@text, ""我的二维码"")] and //*[contains(@text, ""扫一扫上面二维码，加我洋葱好友"")]''']}"
yangcong345_4,yangcong345,yangcong_7.87.0.apk,洋葱学园,com.yangcong345.android.phone/com.yangcong345.main.phone.splash.SplashActivity,在洋葱学园中查看二元一次方程组这个知识点,搜索,medium,6,"{""xpath"": ['''//*[contains(@text, ""二元一次"") and contains(@text, ""方程"") and contains(@class, ""EditText"")] ''']}"
huatu_0,huatu,huatu_7.4.350.apk,华图在线,com.huatu.handheld_huatu/.business.guide.SplashActivity,在华图在线查看2026国考备考计划,搜索,hard,7,"{""xpath"": ['''//*[contains(@text, ""备考计划"") and contains(@resource-id, ""title"")]''', '''//*[contains(@text, ""26"") and contains(@text, ""国考"") and contains(@class, ""title"")] ''']}"
huatu_1,huatu,huatu_7.4.350.apk,华图在线,com.huatu.handheld_huatu/.business.guide.SplashActivity,在华图在线中完成每日特训中的一道题,频道,medium,5,"{""xpath"": ['''//*[contains(@class, ""ViewGroup"") and bbox_contains_point(@bounds,$point) and (child::*[contains(@text, ""每日特训"") and contains(@resource-id, ""id/title"") ])] ''']}"
huatu_2,huatu,huatu_7.4.350.apk,华图在线,com.huatu.handheld_huatu/.business.guide.SplashActivity,打开一节华图在线的公务员免费课程,频道,easy,4,"{""xpath"": ['''//*[contains(@text, ""公务员"") and @selected=""true""] and //*[contains(@resource-id, ""id/clRootView"") and bbox_contains_point(@bounds,$point) ] ''']}"
huatu_3,huatu,huatu_7.4.350.apk,华图在线,com.huatu.handheld_huatu/.business.guide.SplashActivity,查看一下华图在线的刷题周报,频道,easy,3,"{""xpath"": ['''//*[contains(@class, ""ViewGroup"") and bbox_contains_point(@bounds,$point) and (child::*[contains(@text, ""刷题周报"") and contains(@resource-id, ""id/title"") ])] ''']}"
huatu_4,huatu,huatu_7.4.350.apk,华图在线,com.huatu.handheld_huatu/.business.guide.SplashActivity,打开华图在线的图豆中心,我的,easy,4,"{""xpath"": ['''//*[contains(@resource-id, ""id/clTuDou"") and bbox_contains_point(@bounds,$point) and (child::*[contains(@text, ""图豆中心"")  ])] ''']}"
xunfeiai_0,xunfeiai,xunfeiai_3.0.4.apk,讯飞AI学,com.iflytek.aistudyclient.parentcontrol/.MainActivity,在讯飞AI学中查看我添加了几个孩子,我的,easy,4,"{""xpath"": ['''//*[contains(@content-desc, ""孩子"")  and bbox_contains_point(@bounds,$point) and (parent::*[contains(@content-desc, ""我的家庭"")])] ''']}"
xunfeiai_1,xunfeiai,xunfeiai_3.0.4.apk,讯飞AI学,com.iflytek.aistudyclient.parentcontrol/.MainActivity,在讯飞AI学中将安徒生童话加入购物,搜索,hard,7,"{""xpath"": ['''//*[contains(@text, ""安徒生童话"")]  and //*[contains(@text, ""加入购物车"") ]''']}"
xunfeiai_2,xunfeiai,xunfeiai_3.0.4.apk,讯飞AI学,com.iflytek.aistudyclient.parentcontrol/.MainActivity,在讯飞AI学中查看线下门店,频道,easy,4,"{""xpath"": [ '''//*[contains(@content-desc, ""线下门店"") and bbox_contains_point(@bounds,$point) ]''']}"
xunfeiai_3,xunfeiai,xunfeiai_3.0.4.apk,讯飞AI学,com.iflytek.aistudyclient.parentcontrol/.MainActivity,打开讯飞AI学中“口算批改”功能,频道,easy,3,"{""xpath"": [ '''//*[contains(@content-desc, ""口算批改"") and bbox_contains_point(@bounds,$point) ]''']}"
xunfeiai_4,xunfeiai,xunfeiai_3.0.4.apk,讯飞AI学,com.iflytek.aistudyclient.parentcontrol/.MainActivity,播放讯飞AI学中“亲子关系”第一个视频,搜索,easy,5,"{""xpath"": ['''//*[contains(@content-desc, ""亲子关系"") and @selected=""true""] ''', '''//*[contains(@class, ""view.View"") and bbox_contains_point(@bounds,$point) and (child::*[contains(@class, ""ImageView"") ])] '''  ]}"
jiakao_0,jiakao,jiakao_8.80.0.apk,驾考宝典,com.handsgo.jiakao.android/cn.mucang.android.jiakao.default,在驾考宝典中进行一次模拟考试,频道,easy,5,"{""xpath"": ['''//*[contains(@resource-id, ""center_button"") and bbox_contains_point(@bounds,$point) ] and //*[contains(@text, ""模拟考试"") and contains(@resource-id, ""center_button_name"")]''']}"
jiakao_1,jiakao,jiakao_8.80.0.apk,驾考宝典,com.handsgo.jiakao.android/cn.mucang.android.jiakao.default,帮我在驾考宝典中查找距我3km内的驾校,搜索,medium,5,"{""xpath"": ['''//*[contains(@text, ""3 km"") and contains(@resource-id, ""id/tv_near"") ] ''']}"
jiakao_2,jiakao,jiakao_8.80.0.apk,驾考宝典,com.handsgo.jiakao.android/cn.mucang.android.jiakao.default,给驾考宝典中社区第一条帖子点赞,社区,easy,4,"{""xpath"": ['''//*[contains(@text, ""社区"") and contains(@resource-id, ""id/tab_strip_title"") and @selected=""true""] and //*[contains(@class, ""LinearLayout"") and bbox_contains_point(@bounds,$point) and (child::*[contains(@resource-id, ""id/zan_count_tv"") ])]''']}"
jiakao_3,jiakao,jiakao_8.80.0.apk,驾考宝典,com.handsgo.jiakao.android/cn.mucang.android.jiakao.default,打开驾考宝典中最近学习的第一条课程,我的,easy,5,"{""xpath"": ['''//*[contains(@text, ""我的课程"") and contains(@resource-id, ""id/title"")] ''']}"
jiakao_4,jiakao,jiakao_8.80.0.apk,驾考宝典,com.handsgo.jiakao.android/cn.mucang.android.jiakao.default,打开驾考宝典里的科二直播教学,频道,easy,4,"{""xpath"": ['''//*[contains(@text, ""科目二"") and contains(@resource-id, ""id/tv_label_subject"")] and //*[contains(@text, ""更多直播"")] ''']}"
zuoyebang_0,zuoyebang,zuoyebang_14.30.0.apk,作业帮,com.baidu.homework/.activity.init.InitActivity,去作业帮查找“中考作文感恩”,搜索,easy,5,"{""xpath"": ['''//*[contains(@text, ""中考"") and contains(@text, ""作文"") and contains(@text, ""感恩"") and contains(@class, ""EditText"")] ''']}"
zuoyebang_1,zuoyebang,zuoyebang_14.30.0.apk,作业帮,com.baidu.homework/.activity.init.InitActivity,去作业帮查找圆锥曲线,搜索,easy,5,"{""xpath"": ['''//*[contains(@text, ""圆锥曲线"") and contains(@class, ""EditText"")] ''']}"
zuoyebang_2,zuoyebang,zuoyebang_14.30.0.apk,作业帮,com.baidu.homework/.activity.init.InitActivity,去作业帮找一篇环境保护的英语作文,搜索,medium,6,"{""xpath"": ['''//*[contains(@text, ""环境保护"") and contains(@class, ""EditText"")] and //*[contains(@text, ""英语"") or contains(@class, ""英文"")] ''']}"
zuoyebang_3,zuoyebang,zuoyebang_14.30.0.apk,作业帮,com.baidu.homework/.activity.init.InitActivity,去作业帮查看口算PK的全国PK榜单,频道,easy,5,"{""xpath"": ['''//*[contains(@text, ""全国榜"") ] and //*[contains(@text, ""个人榜"")] and //*[contains(@text, ""城市榜"")] and //*[contains(@text, ""数学"")] ''']}"
zuoyebang_4,zuoyebang,zuoyebang_14.30.0.apk,作业帮,com.baidu.homework/.activity.init.InitActivity,去作业帮将我的地区和年级设置为合肥市初一,我的,hard,9,"{""xpath"": ['''//*[contains(@text, ""合肥市"") and contains(@class, ""TextView"")] and //*[contains(@text, ""初一"") and contains(@class, ""TextView"")] ''']}"
wukong_0,wukong,wukong_13.0.0.apk,悟空浏览器,com.cat.readall/.activity.BrowserMainActivity,在悟空浏览器中查看天气预报,搜索,easy,4,"{""xpath"": ['''//*[contains(@text, ""天气"") and contains(@text, ""搜索"")] ''']}"
wukong_1,wukong,wukong_13.0.0.apk,悟空浏览器,com.cat.readall/.activity.BrowserMainActivity,在悟空浏览器中搜索北京到上海的距离,搜索,easy,4,"{""xpath"": ['''//*[contains(@text, ""北京"") and contains(@text, ""上海"") and contains(@text, ""搜索"") and (contains(@text, ""距离"") or contains(@text, ""多远"") or contains(@text, ""公里"") ) ] ''']}"
wukong_2,wukong,wukong_13.0.0.apk,悟空浏览器,com.cat.readall/.activity.BrowserMainActivity,在悟空浏览器中搜一下今天是农历几号,搜索,easy,4,"{""xpath"": ['''//*[contains(@text, ""今天"") and contains(@text, ""农历"") and contains(@text, ""搜索"")] ''']}"
wukong_3,wukong,wukong_13.0.0.apk,悟空浏览器,com.cat.readall/.activity.BrowserMainActivity,打开悟空浏览器清除缓存,设置,medium,6,"{""xpath"": ['''//*[contains(@class, ""LinearLayout"")  and bbox_contains_point(@bounds,$point) and (child::*[contains(@text, ""清除缓存"")  ])]''' ,  '''//*[contains(@text, ""确定"")  and bbox_contains_point(@bounds,$point) ] ''' ]}###{""xpath"": ['''//*[contains(@class, ""LinearLayout"")  and bbox_contains_point(@bounds,$point) and (child::*[contains(@text, ""清除缓存"")  ])]''' ,  '''//*[contains(@text, ""清理"") ] and //*[contains(@text, ""缓存文件"") ] ''' ]}"
wukong_4,wukong,wukong_13.0.0.apk,悟空浏览器,com.cat.readall/.activity.BrowserMainActivity,在悟空浏览器中打开完结榜排名第一的免费小说,频道,medium,6,"{""xpath"": [''' //*[contains(@text, ""小说"") and @selected=""true""]  and //*[contains(@text, ""完结榜"") and bbox_contains_point(@bounds,$point)] ''' ,   '''//*[contains(@resource-id, ""id/csf"") ] and //*[contains(@resource-id, ""id/f1t"")  ] ''' ]}"
icredit_0,icredit,icredit_19.2.0.apk,企查查,com.android.icredit/.ui.SplashActivity,在企查查的全球企业中搜一下FACEBOOK,搜索,medium,6,"{""xpath"": ['''//*[contains(@text, ""全球企业"")] and //*[contains(@text, ""FACEBOOK"") and contains(@class, ""EditText"")] ''']}"
icredit_1,icredit,icredit_19.2.0.apk,企查查,com.android.icredit/.ui.SplashActivity,看一下企查查里我的优惠券,我的,easy,4,{"xpath": ['''//*[@text="优惠券"] and //*[@text="使用须知"] ''']}
icredit_2,icredit,icredit_19.2.0.apk,企查查,com.android.icredit/.ui.SplashActivity,在企查查的查看腾讯的股东信息,搜索,hard,9,"{""xpath"": [ '''//*[contains(@text, ""腾讯"") and contains(@class, ""EditText"")] ''' ,  '''//*[contains(@text, ""股东信息"") and following-sibling::*[contains(@text, ""历史股东信息"")] ]''']}###{""xpath"": [ '''//*[contains(@text, ""腾讯"") and contains(@class, ""EditText"")] ''' , '''//*[@text=""股东""] and //*[@text=""人员""]''']}"
icredit_3,icredit,icredit_19.2.0.apk,企查查,com.android.icredit/.ui.SplashActivity,在企查查的查看小米的工商信息,搜索,hard,9,"{""xpath"": [ '''//*[contains(@text, ""小米"") and contains(@class, ""EditText"")] ''' ,  '''//*[@text=""工商信息""] or //*[@text=""工商""]''']}"
icredit_4,icredit,icredit_19.2.0.apk,企查查,com.android.icredit/.ui.SplashActivity,在企查查里查一下张伟是不是失信被执行人,搜索,hard,6,"{""xpath"": [ '''//*[contains(@text, ""张伟"") and contains(@class, ""EditText"")] ''' ,  '''//*[@text=""失信自然人"" and following-sibling::*[contains(@text, ""失信企业"")] ]''']}"
workschedule_0,workschedule,workschedule_2.0.91.apk,排班日历,com.julanling.workschedule/com.workschedule.SplashActivity,在排班日历中设置当天19点的白班轮班闹钟,频道,hard,10,"{""xpath"": ['''//*[contains(@text, ""当天"")] and //*[contains(@text, ""班次"") and contains(@text, ""白班"")] and //*[contains(@content-desc, ""保存"") and bbox_contains_point(@bounds,$point)]''','''//*[contains(@text, ""19:00"") and contains(@text, ""白班"")] ''']}"
workschedule_1,workschedule,workschedule_2.0.91.apk,排班日历,com.julanling.workschedule/com.workschedule.SplashActivity,关闭排班日历中的班次推送提醒,设置,easy,4,"{""xpath"": ['''//*[@checkable=""true"" and @checked=""false"" and (parent::*[contains(@text, ""班次推送提醒"")])]''']}"
workschedule_2,workschedule,workschedule_2.0.91.apk,排班日历,com.julanling.workschedule/com.workschedule.SplashActivity,在排班日历中将周一设置为每周首日,设置,medium,5,"{""xpath"": ['''//*[@checkable=""true"" and @checked=""true"" and (parent::*[contains(@text, ""周一为每周首日"")])]''']}"
workschedule_3,workschedule,workschedule_2.0.91.apk,排班日历,com.julanling.workschedule/com.workschedule.SplashActivity,在排班日历中打开我的排班表分享页面,我的,easy,4,"{""xpath"": ['''//*[contains(@text, ""我的班次表"")] and //*[contains(@text, ""分享"")] ''']}"
workschedule_4,workschedule,workschedule_2.0.91.apk,排班日历,com.julanling.workschedule/com.workschedule.SplashActivity,在排班日历中设置工作日早上9点的闹铃,频道,hard,12,"{""xpath"": [ '''//*[contains(@text, ""普通闹钟"")  and bbox_contains_point(@bounds,$point) ] '''  , '''//*[contains(@text, ""工作日"")  and bbox_contains_point(@bounds,$point) ] '''  , '''//*[contains(@content-desc, ""保存"") and bbox_contains_point(@bounds,$point)]''']}"
netease_0,netease,netease_7.23.1.apk,网易邮箱,com.netease.mobimail/com.netease.mail.biz.main.DefaultSplashActivity,在网易邮箱中查看一下我的未读消息,消息,easy,3,"{""xpath"": ['''//*[contains(@text, ""未读"") and bbox_contains_point(@bounds,$point) ]''']}"
netease_1,netease,netease_7.23.1.apk,网易邮箱,com.netease.mobimail/com.netease.mail.biz.main.DefaultSplashActivity,打开网易邮箱中的已删除页面,频道,easy,4,"{""xpath"": ['''//*[contains(@text, ""已删除"") and @selected=""true""] ''']}"
netease_2,netease,netease_7.23.1.apk,网易邮箱,com.netease.mobimail/com.netease.mail.biz.main.DefaultSplashActivity,打开网易邮箱中的AI工具箱,频道,easy,4,"{""xpath"": ['''//*[contains(@class, ""FrameLayout"" ) and bbox_contains_point(@bounds,$point) and (child::*[contains(@text, ""AI工具箱"") ])] ''']}"
netease_3,netease,netease_7.23.1.apk,网易邮箱,com.netease.mobimail/com.netease.mail.biz.main.DefaultSplashActivity,打开网易邮箱中的邮件追踪功能,频道,easy,4,"{""xpath"": ['''//*[contains(@class, ""FrameLayout"" ) and bbox_contains_point(@bounds,$point) and (child::*[contains(@text, ""邮件追踪"") ])] ''']}"
netease_4,netease,netease_7.23.1.apk,网易邮箱,com.netease.mobimail/com.netease.mail.biz.main.DefaultSplashActivity,打开网易邮箱的扫一扫功能,频道,easy,3,"{""xpath"": ['''//*[contains(@text, ""扫二维码"") and contains(@resource-id, ""id/tv_qr_code"")] ''']}"
kdweibo_0,kdweibo,kdweibo_10.8.12.apk,云之家,com.kdweibo.client/com.kdweibo.android.ui.activity.StartActivity,帮我查看云之家已处理的待审批事项,我的,medium,5,"{""xpath"": ['''//*[contains(@text, ""已处理"") and contains(@resource-id, ""title"")] ''']}"
kdweibo_1,kdweibo,kdweibo_10.8.12.apk,云之家,com.kdweibo.client/com.kdweibo.android.ui.activity.StartActivity,帮我在云之家搜索姓李的联系人,搜索,medium,6,"{""xpath"": ['''//*[contains(@text, ""李"") and contains(@resource-id, ""id/yzj_search_editext"")] ''']}"
kdweibo_2,kdweibo,kdweibo_10.8.12.apk,云之家,com.kdweibo.client/com.kdweibo.android.ui.activity.StartActivity,帮我修改云之家的工作状态为忙碌中,设置,medium,5,"{""xpath"": ['''//*[contains(@class, ""LinearLayout"")  and bbox_contains_point(@bounds,$point) and (child::*[contains(@text, ""忙碌中"") and contains(@resource-id, ""id/contact_status_item_content"") ])]''']}"
kdweibo_3,kdweibo,kdweibo_10.8.12.apk,云之家,com.kdweibo.client/com.kdweibo.android.ui.activity.StartActivity,帮我筛选一下云之家的未读消息,消息,medium,5,"{""xpath"": ['''//*[contains(@text, ""未读消息"") and contains(@resource-id, ""id/titlebar_btn_title"")] ''']}"
kdweibo_4,kdweibo,kdweibo_10.8.12.apk,云之家,com.kdweibo.client/com.kdweibo.android.ui.activity.StartActivity,查看我在云之家的工作汇报记录,我的,easy,3,"{""xpath"": ['''//*[contains(@text, ""工作汇报"") and contains(@resource-id, ""id/tv_title"")] ''']}"
mobilemcloud_0,mobilemcloud,mobilemcloud_12.1.0.apk,中国移动云盘,com.chinamobile.mcloud/.client.ui.logo.LogoActivity,我想加入中国移动云盘的影视风向标,搜索,easy,5,"{""xpath"": ['''//*[contains(@text, ""影视风向标"") and contains(@resource-id, ""tv_name"")] ''']}"
mobilemcloud_1,mobilemcloud,mobilemcloud_12.1.0.apk,中国移动云盘,com.chinamobile.mcloud/.client.ui.logo.LogoActivity,我想在中国移动云盘上看《夺嫡》这本书，请帮我打开,搜索,medium,6,"{""xpath"": ['''//*[contains(@text, ""详情"") and contains(@resource-id, ""tv_small_routine_title_left"")]  and //*[contains(@text, ""夺嫡"")] and //*[contains(@text, ""开始阅读"")] ''']}"
mobilemcloud_2,mobilemcloud,mobilemcloud_12.1.0.apk,中国移动云盘,com.chinamobile.mcloud/.client.ui.logo.LogoActivity,我想查看中国移动云盘运动健康相关内容,搜索,easy,4,"{""xpath"": ['''//*[contains(@text, ""全民健身"") and contains(@resource-id, ""tv_tab_title"")] ''']}"
mobilemcloud_3,mobilemcloud,mobilemcloud_12.1.0.apk,中国移动云盘,com.chinamobile.mcloud/.client.ui.logo.LogoActivity,查看中国移动云盘内我的个人云空间已使用了多少内存,我的,easy,4,"{""xpath"": ['''//*[contains(@text, ""我的空间"") and contains(@resource-id, ""tv_small_routine_title_left"")]   ''']}"
mobilemcloud_4,mobilemcloud,mobilemcloud_12.1.0.apk,中国移动云盘,com.chinamobile.mcloud/.client.ui.logo.LogoActivity,查看中国移动云盘里有哪些AI工具,我的,easy,4,"{""xpath"": ['''//*[contains(@text, ""AI工具"") and contains(@resource-id, ""id/tv_title"")] and //*[contains(@text, ""图片创意"")] ''']}"
camscanner_0,camscanner,camscanner_6.91.5.apk,扫描全能王,com.intsig.camscanner/.mainmenu.mainactivity.MainActivity,我想在扫描全能王中开启文档备份,设置,medium,5,"{""xpath"": ['''//*[contains(@text, ""文档备份"") and contains(@resource-id, ""title"")] ''']}"
camscanner_1,camscanner,camscanner_6.91.5.apk,扫描全能王,com.intsig.camscanner/.mainmenu.mainactivity.MainActivity,帮我打开扫描全能王的新消息通知,消息,hard,8,"{""xpath"": ['''//*[contains(@resource-id, ""id/checkbox"") and @checkable=""true"" and @checked=""true"" and preceding-sibling::*[contains(@text, ""新消息通知"")] ]''']}"
camscanner_2,camscanner,camscanner_6.91.5.apk,扫描全能王,com.intsig.camscanner/.mainmenu.mainactivity.MainActivity,我想查看如何添加扫描全能王的小组件到桌面,设置,medium,5,"{""xpath"": ['''//*[contains(@text, ""添加小组件"")]  and //*[contains(@text, ""一键开启文档扫描"")]  ''']}"
camscanner_3,camscanner,camscanner_6.91.5.apk,扫描全能王,com.intsig.camscanner/.mainmenu.mainactivity.MainActivity,在扫描全能王中编辑最近的一个文档，左转90度。,频道,hard,7,"{""xpath"": ['''//*[contains(@resource-id, ""id/itb_turn_left"") and bbox_contains_point(@bounds,$point) ]''', '''//*[contains(@resource-id, ""id/iv_sub_page_confirm"") and bbox_contains_point(@bounds,$point) ]''']}"
camscanner_4,camscanner,camscanner_6.91.5.apk,扫描全能王,com.intsig.camscanner/.mainmenu.mainactivity.MainActivity,在扫描全能王中将最近一个文档重命名为“临时文档1”,频道,hard,6,"{""xpath"": ['''//*[contains(@text, ""临时文档1"") and contains(@resource-id, ""id/tv_edit_doc_title"")] and //*[contains(@resource-id, ""id/tvConfirm"") and bbox_contains_point(@bounds,$point) ] ''']}"
weread_0,weread,weread_9.3.4.apk ,微信读书,com.tencent.weread/.LauncherActivity,在微信读书开始阅读《钢铁是怎样炼成的》这本书,搜索,medium,6,"{""xpath"": ['''//*[contains(@text, ""钢铁是怎样炼成的"") and contains(@resource-id, ""bookName"")] and //*[contains(@content-desc, ""阅"") and contains(@content-desc, ""读"")  and bbox_contains_point(@bounds,$point)]''']}"
weread_1,weread,weread_9.3.4.apk ,微信读书,com.tencent.weread/.LauncherActivity,去微信读书查看一下本周的阅读时长分布,我的,hard,6,"{""xpath"": ['''//*[contains(@text, ""我的阅读"") ] and //*[contains(@content-desc, ""周"") and contains(@resource-id, ""SegmentedControlItem"") and bbox_contains_point(@bounds,$point) ]  '''  ]}"
weread_2,weread,weread_9.3.4.apk ,微信读书,com.tencent.weread/.LauncherActivity,把微信读书里Top200总榜排名第一的书加入书架,频道,hard,7,"{""xpath"": ['''//*[contains(@text, ""用户最喜爱的书籍"") ] and //*[contains(@text, ""总榜"")  ] ''',  '''//*[contains(@content-desc, ""加入书架"") and contains(@resource-id, ""BookDetail-Footer-AddBookshelfButton"") and bbox_contains_point(@bounds,$point) ]''' ]}"
weread_3,weread,weread_9.3.4.apk ,微信读书,com.tencent.weread/.LauncherActivity,去微信读书把红楼梦加入书架,搜索,medium,6,"{""xpath"": [  ''' //*[contains(@text, ""红楼梦"") and contains(@resource-id, ""id_bookName"") ] and   //*[contains(@content-desc, ""加入书架"") and contains(@resource-id, ""BookDetail-Footer-AddBookshelfButton"") and bbox_contains_point(@bounds,$point) ]''' ]}"
weread_4,weread,weread_9.3.4.apk ,微信读书,com.tencent.weread/.LauncherActivity,把微信读书里我的书架清空,书架,medium,5,"{""xpath"": ['''  //*[contains(@text, ""取消全选"") and contains(@resource-id, ""id/home_shelf_select_all"") ]  and //*[contains(@resource-id, ""id/home_shelf_toolbar_delete"")  and bbox_contains_point(@bounds,$point) and (child::*[contains(@text, ""移出书架"") ])]''']}"
dmzj_0,dmzj,dmzj_3.9.14.apk,动漫之家,com.dmzj.manhua/.ui.LaunchInterceptorActivity,帮我推荐动漫之家冒险题材的漫画,频道,easy,4,"{""xpath"": ['''//*[contains(@text, ""分类"") and contains(@resource-id, ""title"")] and //*[contains(@text, ""冒险"") and contains(@resource-id, ""op_txt"")]''']}"
dmzj_1,dmzj,dmzj_3.9.14.apk,动漫之家,com.dmzj.manhua/.ui.LaunchInterceptorActivity,我想在动漫之家找我最新的一条评论,我的,easy,4,"{""xpath"": ['''//*[contains(@text, ""我的评论"") and contains(@resource-id, ""title"")] ''']}"
dmzj_2,dmzj,dmzj_3.9.14.apk,动漫之家,com.dmzj.manhua/.ui.LaunchInterceptorActivity,我想看看动漫之家的轻小说《问题儿童都来自异世界》,搜索,medium,7,"{""xpath"": ['''//*[contains(@text, ""问题儿童都来自异世界"") and contains(@resource-id, ""id/title"")] and //*[contains(@text, ""开始阅读"") and contains(@resource-id, ""id/txt_read"")] ''']}"
dmzj_3,dmzj,dmzj_3.9.14.apk,动漫之家,com.dmzj.manhua/.ui.LaunchInterceptorActivity,我想找到我在动漫之家最新下载的一部漫画,我的,easy,4,"{""xpath"": ['''//*[contains(@text, ""我的下载"") and contains(@resource-id, ""title"")] ''']}"
dmzj_4,dmzj,dmzj_3.9.14.apk,动漫之家,com.dmzj.manhua/.ui.LaunchInterceptorActivity,我想看一本很多人吐槽的漫画，帮我在动漫之家推荐一下,频道,medium,5,"{""xpath"": ['''//*[contains(@resource-id, ""id/title"")] and //*[contains(@resource-id, ""id/txt_subscribe"")] and //*[contains(@text, ""开始阅读"") and contains(@resource-id, ""id/txt_read"")] ''']}"
fcatfreader_0,fcatfreader,fcatfreader_7.76.apk,七猫免费小说,com.kmxs.reader/com.km.app.home.view.LoadingActivity,我想在七猫免费小说中打开听书热播排行榜,频道,medium,5,"{""xpath"": ['''//*[contains(@text,  ""热播榜"") and @selected=""true"" ]''']}"
fcatfreader_1,fcatfreader,fcatfreader_7.76.apk,七猫免费小说,com.kmxs.reader/com.km.app.home.view.LoadingActivity,我想看一下七猫免费小说的完结榜排名第一的都市小说,频道,medium,5,"{""xpath"": ['''//*[contains(@text,  ""完结榜"") and @selected=""true"" ] and //*[contains(@text,  ""都市"") and @selected=""true"" ] ''']}"
fcatfreader_2,fcatfreader,fcatfreader_7.76.apk,七猫免费小说,com.kmxs.reader/com.km.app.home.view.LoadingActivity,去七猫免费小说关闭音量键翻页,设置,hard,6,"{""xpath"": ['''//*[contains(@text, ""音量键翻页"") and (following-sibling::*[contains(@class, ""Button"") and @checkable=""true"" and @checked=""false"" ]) ] ''']}"
fcatfreader_3,fcatfreader,fcatfreader_7.76.apk,七猫免费小说,com.kmxs.reader/com.km.app.home.view.LoadingActivity,去七猫免费小说关闭个性化书籍推荐,设置,hard,8,"{""xpath"": ['''//*[contains(@text, ""个性化书籍推荐"")]  and //*[contains(@class, ""Button"") and @checkable=""true"" and @checked=""false"" ] and //*[contains(@text, ""隐私设置"") and contains(@resource-id, ""id/tb_center_name"")] ''']}"
fcatfreader_4,fcatfreader,fcatfreader_7.76.apk,七猫免费小说,com.kmxs.reader/com.km.app.home.view.LoadingActivity,查看七猫免费小说里我的浏览历史,我的,easy,4,"{""xpath"": ['''//*[contains(@text, ""浏览历史"") and contains(@resource-id, ""id/tb_center_name"")] ''' ]}"
jinjiang_0,jinjiang,jinjiang_6.6.7.apk,晋江小说阅读,com.jjwxc.reader/.AppPrivacyActivity,打开晋江小说的言情月度排行榜,频道,easy,4,"{""xpath"": ['''//*[contains(@text, ""月度排行榜"") and contains(@resource-id, ""id/title_name"")] and //*[contains(@text, ""言情-"")] ''' ]}"
jinjiang_1,jinjiang,jinjiang_6.6.7.apk,晋江小说阅读,com.jjwxc.reader/.AppPrivacyActivity,去晋江收藏完结金榜里的第一本书,频道,medium,6,"{""xpath"": ['''//*[contains(@text, ""完结"") and contains(@resource-id, ""id/btn_main_title"")] and //*[contains(@text, ""完结金榜"")] ''' , ''' //*[contains(@text, ""收藏"")  and (bbox_contains_point(../@bounds,$point)or bbox_contains_point(../../@bounds,$point))] ''' ]}"
jinjiang_2,jinjiang,jinjiang_6.6.7.apk,晋江小说阅读,com.jjwxc.reader/.AppPrivacyActivity,去晋江打开衍生季度排行榜的第一本书的作者专栏,频道,medium,6,"{""xpath"": ['''//*[contains(@text, ""季度排行榜"") and contains(@resource-id, ""id/title_name"")] and //*[contains(@text, ""衍生-"")] ''' , '''//*[contains(@text, ""作者专栏"") and bbox_contains_point(@bounds,$point) ] ''' ]}"
jinjiang_3,jinjiang,jinjiang_6.6.7.apk,晋江小说阅读,com.jjwxc.reader/.AppPrivacyActivity,去晋江查看开端的作者是谁,搜索,easy,5,"{""xpath"": ['''//*[contains(@text, ""开端"")]  and //*[contains(@text, ""祈祷君"")]  ''' ]}"
jinjiang_4,jinjiang,jinjiang_6.6.7.apk,晋江小说阅读,com.jjwxc.reader/.AppPrivacyActivity,去晋江将主题色设置为黑白,设置,hard,8,"{""xpath"": ['''//*[contains(@text, ""主题"") and contains(@resource-id, ""id/btn_main_title"")] and //*[contains(@text, ""黑白"") and @checkable=""true"" and @checked=""true""] ''' ]}"
qidian_0,qidian,qidian_7.9.417.apk,起点读书-看小说漫画读听书神器,com.qidian.QDReader/.ui.activity.SplashActivity,去起点打开诡秘之主,搜索,easy,6,"{""xpath"": ['''//*[contains(@text, ""诡秘之主"") and contains(@resource-id, ""id/booksview_activity_search_edittext"")]  ''' ]}"
qidian_1,qidian,qidian_7.9.417.apk,起点读书-看小说漫画读听书神器,com.qidian.QDReader/.ui.activity.SplashActivity,去起点把绍宋加入书架,搜索,easy,6,"{""xpath"": ['''//*[contains(@text, ""绍宋"") and contains(@resource-id, ""id/booksview_activity_search_edittext"")]  ''', '''//*[contains(@text, ""已在书架"") ]  or //*[contains(@text, ""加入书架"") and bbox_contains_point(@bounds,$point) ] '''  ]}"
qidian_2,qidian,qidian_7.9.417.apk,起点读书-看小说漫画读听书神器,com.qidian.QDReader/.ui.activity.SplashActivity,去起点查看三体的作者,搜索,easy,5,"{""xpath"": ['''//*[contains(@text, ""三体"") and contains(@resource-id, ""id/booksview_activity_search_edittext"")] and //*[contains(@text, ""刘慈欣"")]  ''' ]}"
qidian_3,qidian,qidian_7.9.417.apk,起点读书-看小说漫画读听书神器,com.qidian.QDReader/.ui.activity.SplashActivity,去起点将我的阅读偏好设置为男生武侠,设置,hard,9,"{""xpath"": ['''//*[contains(@content-desc, ""阅读偏好"")]  and //*[contains(@content-desc, ""武侠"")] and //*[contains(@content-desc, ""男生"") and @selected=""true"" ]  ''' ]}"
qidian_4,qidian,qidian_7.9.417.apk,起点读书-看小说漫画读听书神器,com.qidian.QDReader/.ui.activity.SplashActivity,去起点关闭音量键翻页,设置,hard,6,"{""xpath"": [''' //*[contains(@text, ""音量键翻页"")] and //*[contains(resource-id, ""id/scKeyPage"") and @checkable=""true"" and @checked=""false""] ''' ]}"
smart360_0,smart360,smart360_2.12.1.apk,360智慧生活,com.qihoo.smart/com.qihoo.main.defaultSplash,在360智慧生活查看我的使用记录,我的,easy,4,"{""xpath"": ['''//*[contains(@content-desc, ""使用记录"") and bbox_contains_point(@bounds,$point) ]''']}"
smart360_1,smart360,smart360_2.12.1.apk,360智慧生活,com.qihoo.smart/com.qihoo.main.defaultSplash,在360智慧生活中把一个32G的360智能摄像头加入购物车,搜索,hard,8,"{""xpath"": ['''//*[contains(@text, ""360智能摄像头"") and contains(@resource-id, ""common_headview_title"")]''',  '''//*[contains(@text, ""已选"") and contains(@text, ""32G"")]  and //*[contains(@class, ""widget.Button"")  and contains(@text, ""加入购物车"") and bbox_contains_point(@bounds,$point)  ]''']}"
smart360_2,smart360,smart360_2.12.1.apk,360智慧生活,com.qihoo.smart/com.qihoo.main.defaultSplash,在360智慧生活查看人物识别的功能介绍,我的,easy,4,"{""xpath"": ['''//*[contains(@text, ""人物识别"") and contains(@class, ""android.view.View"")] and //*[contains(@text, ""功能介绍"") and contains(@class, ""android.view.View"")] ''']}###{""xpath"": ['''//*[contains(@content-desc, ""人物识别"")  and bbox_contains_point(@bounds,$point) ] ''']}"
smart360_3,smart360,smart360_2.12.1.apk,360智慧生活,com.qihoo.smart/com.qihoo.main.defaultSplash,在360智慧生活查看电话服务热线号码,我的,medium,5,"{""xpath"": ['''//*[contains(@text, ""360智慧生活服务热线"")] and //*[contains(@resource-id, ""activity_about_customer_phone_num"")]''']}###{""xpath"": ['''//*[contains(@text, ""360智慧生活服务热线"")] and //*[contains(@text, ""联系我们"")]''']}"
smart360_4,smart360,smart360_2.12.1.apk,360智慧生活,com.qihoo.smart/com.qihoo.main.defaultSplash,在360智慧生活查看一下购物车,频道,easy,3,"{""xpath"": ['''//*[contains(@text, ""购物车"") and contains(@resource-id, ""common_headview_title"") ] ''']}"
kuwomusic_0,kuwomusic,kuwomusic_11.3.2.0.apk,酷我音乐,cn.kuwo.player/.activities.EntryActivity,在酷我音乐里，搜索歌曲“红色高跟鞋”并且播放,搜索,easy,4,"{""xpath"": ['''//*[contains(@text, ""红色高跟鞋"") and contains(@resource-id, ""id/search_bar_et"")]    ''']}"
kuwomusic_1,kuwomusic,kuwomusic_11.3.2.0.apk,酷我音乐,cn.kuwo.player/.activities.EntryActivity,在酷我音乐里，打开每日推荐榜单，并点击全部播放,频道,easy,3,"{""xpath"": ['''//*[contains(@text, ""全部播放"")  and bbox_contains_point(../../@bounds,$point) ]  and //*[contains(@text, ""选集"")]  ''']}"
kuwomusic_2,kuwomusic,kuwomusic_11.3.2.0.apk,酷我音乐,cn.kuwo.player/.activities.EntryActivity,在酷我音乐里，去把最近播放的历史记录删除,我的,medium,4,"{""xpath"": [ '''//*[(contains(@text, ""确认删除"")  or  contains(@text, ""确定清除"") ) and contains(@text, ""歌曲"")] and //*[contains(@text, ""确定"") and bbox_contains_point(@bounds,$point) ] ''' ]} ###{""xpath"": [''' //*[ contains(@resource-id, ""id/main_title"") and contains(@text, ""最近播放"") ]  and //*[contains(@text, ""您还没有最近播放歌曲"")] ''' ]}"
kuwomusic_3,kuwomusic,kuwomusic_11.3.2.0.apk,酷我音乐,cn.kuwo.player/.activities.EntryActivity,在酷我音乐里，我想收藏周杰伦的歌曲搁浅,搜索,medium,4,"{""xpath"": ['''//*[contains(@text, ""搁浅"") and contains(@resource-id, ""music_name"")]   and //*[contains(@text, ""周杰伦"") and contains(@resource-id, ""music_desc"")]   and //*[contains(@resource-id, ""music_search_fav"")] ''']}"
kuwomusic_4,kuwomusic,kuwomusic_11.3.2.0.apk,酷我音乐,cn.kuwo.player/.activities.EntryActivity,在酷我音乐里，我想使用“听歌识曲”功能,我的,hard,4,"{""xpath"": ['''//*[contains(@text, ""听歌识曲"")  and @checkable=""true"" and @checked=""true"" ]''']}"
weitdy_0,weitdy,weitdy_1.0.73.apk,监控管家,com.weitdy.client/com.ajv.ac18pro.module.splash.SplashActivity,在监控管家查看用户二维码,我的,easy,4,"{""xpath"": ['''//*[contains(@text, ""用户二维码"") and contains(@resource-id, ""id/toolbar_title"")] ''']}"
weitdy_1,weitdy,weitdy_1.0.73.apk,监控管家,com.weitdy.client/com.ajv.ac18pro.module.splash.SplashActivity,在监控管家生成云ID授权码,我的,medium,5,"{""xpath"": ['''//*[contains(@text, ""云ID授权码生成"") and contains(@resource-id, ""id/toolbar_title"")] ''']}"
weitdy_2,weitdy,weitdy_1.0.73.apk,监控管家,com.weitdy.client/com.ajv.ac18pro.module.splash.SplashActivity,在监控管家搜索局域网设备,频道,medium,5,"{""xpath"": ['''//*[contains(@text, ""设备列表"") and contains(@resource-id, ""id/toolbar_title"")] ''']}"
weitdy_3,weitdy,weitdy_1.0.73.apk,监控管家,com.weitdy.client/com.ajv.ac18pro.module.splash.SplashActivity,打开监控管家用户反馈，要反应问题,我的,hard,7,"{""xpath"": ['''//*[contains(@text, ""用户反馈"") and contains(@resource-id, ""id/toolbar_title"")] ''']}"
weitdy_4,weitdy,weitdy_1.0.73.apk,监控管家,com.weitdy.client/com.ajv.ac18pro.module.splash.SplashActivity,在监控管家生成NVR临时登录密码,我的,hard,5,"{""xpath"": ['''//*[contains(@resource-id, ""id/llMakeTempPsw"") and bbox_contains_point(@bounds,$point) and (child::*[contains(@text, ""生成NVR临时登录密码"") ])] ''']}"
zhipuai_0,zhipuai,zhipuai_3.1.3.apk,智谱清言,com.zhipuai.qingyan/.MainActivity,将智谱清言的外观设置为亮色,设置,hard,7,"{""xpath"": ['''//*[contains(@resource-id, ""darkmode"")  and bbox_contains_point(@bounds,$point) and (child::*[contains(@text, ""外观"")])]''', '''//*[contains(@text, ""亮色"")]''' ]}"
zhipuai_1,zhipuai,zhipuai_3.1.3.apk,智谱清言,com.zhipuai.qingyan/.MainActivity,打开智谱清言中的海龟汤智能体,搜索,hard,7,"{""xpath"": ['''//*[contains(@text, ""海龟汤"") and contains(@resource-id, ""id/tv_title"")] ''']}"
zhipuai_2,zhipuai,zhipuai_3.1.3.apk,智谱清言,com.zhipuai.qingyan/.MainActivity,打开智谱清言的AI画图画一张动漫风的萨摩耶,频道,hard,7,"{""xpath"": ['''//*[contains(@text, ""AI画图"") and contains(@resource-id, ""id/tv_title"")] and //*[contains(@resource-id, ""row-question"") and (child::*[contains(@text, ""萨摩耶"") and contains(@text, ""动漫"")  ])] ''']}"
zhipuai_3,zhipuai,zhipuai_3.1.3.apk,智谱清言,com.zhipuai.qingyan/.MainActivity,打开智谱清言中我的订单,我的,easy,5,"{""xpath"": ['''//*[contains(@text, ""我的订单"") and contains(@resource-id, ""id/tv_cwebview_title"")] ''']}"
zhipuai_4,zhipuai,zhipuai_3.1.3.apk,智谱清言,com.zhipuai.qingyan/.MainActivity,通过智谱清言将我很期待在明天见到你翻译成英语,频道,medium,5,"{""xpath"": ['''//*[contains(@text, ""我很期待在明天见到你"") ] and //*[contains(@text, ""I am looking forward to seeing you tomorrow"") ] ''']}"
cbn_0,cbn,cbn_2.0.2.apk,中国广电,com.ai.obc.cbn.app/.ui.other.activity.SplashActivity,帮我联系一下中国广电的客服,我的,easy,3,"{""xpath"": ['''//*[contains(@text, ""与中国广电交谈中"") and contains(@resource-id, ""title"")] ''']}"
cbn_1,cbn,cbn_2.0.2.apk,中国广电,com.ai.obc.cbn.app/.ui.other.activity.SplashActivity,在中国广电中查询“乐活卡”套餐,搜索,easy,5,"{""xpath"": ['''//*[contains(@text, ""乐活卡"") and contains(@resource-id, ""id/batch_action_title"")] ''']}"
cbn_2,cbn,cbn_2.0.2.apk,中国广电,com.ai.obc.cbn.app/.ui.other.activity.SplashActivity,在中国广电中查询带有520号码的卡,搜索,easy,4,"{""xpath"": ['''//*[contains(@text, ""号卡专区"") and contains(@class, ""TextView"")] and  //*[contains(@text, ""520"") and contains(@class, ""EditText"")]  ''']}"
cbn_3,cbn,cbn_2.0.2.apk,中国广电,com.ai.obc.cbn.app/.ui.other.activity.SplashActivity,把中国广电“号卡专区”位置改为山西省太原市,频道,hard,7,"{""xpath"": ['''//*[contains(@text, ""号卡专区"") and contains(@class, ""TextView"")] and  //*[contains(@text, ""太原市"") and contains(@class, ""TextView"")]  ''']}"
cbn_4,cbn,cbn_2.0.2.apk,中国广电,com.ai.obc.cbn.app/.ui.other.activity.SplashActivity,查看中国广电终端适配小米13的设置流程,设置,medium,5,"{""xpath"": ['''//*[contains(@text, ""小米13"") and bbox_contains_point(@bounds,$point) ]''']}"
newhope_0,newhope,newhope_4.0.6.apk,有我看家,com.hopeway.cam.newhope/com.hw.NewEntranceActivity,打开有我看家的接收警报通知,设置,medium,5,"{""xpath"": ['''//*[contains(@resource-id, ""switch_alarm"") and @checkable=""true"" and @checked=""true"" and (preceding-sibling::*[contains(@text, ""接收报警通知"")])]''']}###{""xpath"": ['''//*[contains(@resource-id, ""tv_permission_title"") and contains(@text, ""允许通知"") and (preceding-sibling::*[contains(@text, ""已开启"")])]''']}"
newhope_1,newhope,newhope_4.0.6.apk,有我看家,com.hopeway.cam.newhope/com.hw.NewEntranceActivity,查看有我看家的个人信息收集清单的设备使用信息,设置,hard,7,"{""xpath"": ['''//*[contains(@text, ""个人信息收集清单"") and contains(@resource-id, ""id/id_title_tv"") ]  and //*[contains(@text, ""展示的为近1年的收集数据"")]  ''']}"
newhope_2,newhope,newhope_4.0.6.apk,有我看家,com.hopeway.cam.newhope/com.hw.NewEntranceActivity,查看有我看家的版本号,设置,easy,4,"{""xpath"": ['''//*[contains(@text, ""有我看家"") and contains(@resource-id, ""id/id_app_name_tv"")] and //*[contains(@text, ""版本号"") and contains(@resource-id, ""id/id_version_tv"")] ''']}"
newhope_3,newhope,newhope_4.0.6.apk,有我看家,com.hopeway.cam.newhope/com.hw.NewEntranceActivity,查看有我看家的云录像,我的,easy,3,"{""xpath"": ['''//*[contains(@text, ""云录像"") and contains(@resource-id, ""id/tv_tf_replay"") ]  ''']}"
newhope_4,newhope,newhope_4.0.6.apk,有我看家,com.hopeway.cam.newhope/com.hw.NewEntranceActivity,查看有我看家的隐私政策,设置,medium,5,"{""xpath"": ['''//*[contains(@text, ""WebBrowser"") and contains(@resource-id, ""id/id_title_tv"")] and //*[contains(@text, ""隐私政策"") and contains(@resource-id, ""toc_0"")] ''']}"
vipshop_0,vipshop,vipshop_9.53.7.apk,唯品会,com.achievo.vipshop/.activity.LodingActivity,今天忘记签到了，帮我在唯品会签到一下,我的,medium,6,"{""xpath"": ['''//*[contains(@text, ""签到"") and bbox_contains_point(@bounds,$point)] ''']}###{""xpath"": ['''//*[contains(@text, ""今天已签到"")]''']}"
vipshop_1,vipshop,vipshop_9.53.7.apk,唯品会,com.achievo.vipshop/.activity.LodingActivity,想购物了，帮我看看我有没有唯品会的优惠券,我的,easy,4,"{""xpath"": ['''//*[contains(@text, ""优惠券"") and contains(@resource-id, ""vipshop:id/title"")] and //*[contains(@text, ""排序"") ]  and //*[contains(@text, ""类型"") ]  and //*[contains(@text, ""历史优惠券"") ] ''']}"
vipshop_2,vipshop,vipshop_9.53.7.apk,唯品会,com.achievo.vipshop/.activity.LodingActivity,我想看一下唯品会里爱国者照相机,搜索,hard,8,"{""xpath"": ['''//*[contains(@content-desc, ""照相机"") and contains(@content-desc, ""搜索"") and contains(@resource-id,""com.achievo.vipshop:id/button"")] and (//*[contains(@content-desc, ""爱国者"") and contains(@resource-id,""com.achievo.vipshop:id/button"")] or //*[contains(@text, ""爱国者"") and contains(@class,""android.widget.TextView"")])''']}"
vipshop_3,vipshop,vipshop_9.53.7.apk,唯品会,com.achievo.vipshop/.activity.LodingActivity,我想看唯品会女式T恤的热销榜,频道,hard,8,"{""xpath"": ['''//*[contains(@text, ""排行榜"") and contains(@class, ""WebView"")]  and //*[contains(@text, ""女式T恤榜"") and contains(@class, ""view.View"")]  and //*[contains(@text, ""热销榜"") and contains(@class, ""TextView"")]''']}"
vipshop_4,vipshop,vipshop_9.53.7.apk,唯品会,com.achievo.vipshop/.activity.LodingActivity,昨晚在唯品会看的一个店铺忘记叫什么了，看一下我的足迹,我的,medium,5,"{""xpath"": ['''//*[contains(@text, ""我的足迹"") and contains(@resource-id, ""tab_hide_text"")] ''']}"
youpin_0,youpin,youpin_5.31.0.apk,小米有品,com.xiaomi.youpin/.activity.SplashActivity,在小米有品中把12GB+256GB黑色小米15手机加入到购物车,搜索,hard,8,"{""xpath"": ['''//*[contains(@text, ""已选"") and contains(@text, ""+256"") and contains(@text, ""12"") and contains(@text, ""黑"")]  and //*[contains(@class, ""ViewGroup"")  and bbox_contains_point(@bounds,$point) and (descendant::*[contains(@text, ""确定"")])]''']}"
youpin_1,youpin,youpin_5.31.0.apk,小米有品,com.xiaomi.youpin/.activity.SplashActivity,帮我查看在小米有品的红包,我的,easy,4,"{""xpath"": ['''//*[contains(@class, ""LinearLayout"")  and bbox_contains_point(@bounds,$point) and (child::*[contains(@text, ""我的红包"")  and contains(@resource-id, ""id/tv_item_title"") ])]''']}"
youpin_2,youpin,youpin_5.31.0.apk,小米有品,com.xiaomi.youpin/.activity.SplashActivity,帮我看一下小米有品的浏览记录,我的,easy,4,"{""xpath"": ['''//*[contains(@text, ""浏览记录"")  and contains(@resource-id, ""id/tv_item_title"") and bbox_contains_point(../@bounds,$point) ] ''']}"
youpin_3,youpin,youpin_5.31.0.apk,小米有品,com.xiaomi.youpin/.activity.SplashActivity,在小米有品中下单一台空气净化器,搜索,hard,8,"{""xpath"": ['''//*[contains(@text, ""空气净化器"")]  and //*[contains(@class, ""ViewGroup"")  and bbox_contains_point(@bounds,$point) and (child::*[contains(@text, ""立即购买"")])]''',   ''' //*[contains(@class, ""ViewGroup"")  and bbox_contains_point(@bounds,$point) and (child::*[contains(@text, ""确定"")])]''']}"
youpin_4,youpin,youpin_5.31.0.apk,小米有品,com.xiaomi.youpin/.activity.SplashActivity,清空我在小米有品的购物车,频道,medium,6,"{""xpath"": ['''//*[contains(@text, ""全选"")]  and //*[contains(@class, ""ViewGroup"")  and bbox_contains_point(@bounds,$point) and (child::*[contains(@text, ""删除"")])]''' ]}###{""xpath"": ['''//*[contains(@text, ""购物车"") ] and //*[contains(@text, ""目前没有添加商品"")]''']}"
yonghui_0,yonghui,yonghui_11.6.0.1.apk,永辉生活,cn.yonghui.hyd/.DefaultAlias,在永辉生活中帮我把“乐事番茄味薯片”加入购物车,搜索,medium,5,"{""xpath"": ['''//*[contains(@text, ""乐事"") and contains(@text, ""番茄"") and contains(@resource-id, ""title_name"")] and //*[(contains(@resource-id, ""add_cart"") or contains(@resource-id, ""AddCart"") ) and bbox_contains_point(@bounds,$point)]''']}"
yonghui_1,yonghui,yonghui_11.6.0.1.apk,永辉生活,cn.yonghui.hyd/.DefaultAlias,在永辉生活中，打开消息中心,消息,easy,3,"{""xpath"": ['''//*[contains(@text, ""消息中心"") and contains(@resource-id, ""id/tv_title"") ] ''']}"
yonghui_2,yonghui,yonghui_11.6.0.1.apk,永辉生活,cn.yonghui.hyd/.DefaultAlias,我想看一下在永辉生活中“Apple”有什么商品,搜索,easy,4,"{""xpath"": ['''//*[ contains(@resource-id, ""id/search_value"") and (contains(@text, ""Apple"") or contains(@text, ""apple"") ) ] ''']}###{""xpath"": ['''//*[ contains(@resource-id, ""title_name"") and (contains(@text, ""Apple"") or contains(@text, ""apple"") ) ] ''']}"
yonghui_3,yonghui,yonghui_11.6.0.1.apk,永辉生活,cn.yonghui.hyd/.DefaultAlias,在永辉生活中查看一下水果红颜草莓的详情页,搜索,medium,6,"{""xpath"": ['''//*[contains(@text, ""红颜"") and contains(@text, ""草莓"") and contains(@resource-id, ""id/tv_title"") ] ''']}"
yonghui_4,yonghui,yonghui_11.6.0.1.apk,永辉生活,cn.yonghui.hyd/.DefaultAlias,看一下永辉生活中销量最高的面膜是哪款呢,搜索,medium,5,"{""xpath"": ['''//*[contains(@text, ""面膜"") and contains(@resource-id, ""id/search_title_name"") ] and //*[contains(@resource-id, ""id/salesFilterBtn"") and contains(@text, ""销量"")  and bbox_contains_point(@bounds,$point)] ''']}"
vmall_0,vmall,vmall_1.25.5.300.apk,华为商城,com.vmall.client/.splash.fragment.SplashActivity,我想关注华为商城的华为商城账号,搜索,medium,5,"{""xpath"": ['''//*[contains(@text, ""华为商城"") and contains(@resource-id, ""txt_user_name"")] and //*[contains(@text, ""已关注"") and contains(@resource-id, ""follow_text"")]''']}"
vmall_1,vmall,vmall_1.25.5.300.apk,华为商城,com.vmall.client/.splash.fragment.SplashActivity,在华为商城查看我的待收货订单,我的,easy,5,"{""xpath"": ['''//*[contains(@text, ""订单中心"") and contains(@resource-id, ""txt_left_title"")] and //*[contains(@class, ""view.View"")  and bbox_contains_point(@bounds,$point) and (child::*[contains(@text, ""待收货"")])]''']}"
vmall_2,vmall,vmall_1.25.5.300.apk,华为商城,com.vmall.client/.splash.fragment.SplashActivity,查看华为商城最新的商城公告,设置,medium,5,"{""xpath"": ['''//*[contains(@text, ""商城公告"") and contains(@resource-id, ""txt_left_title"")]  ''']}"
vmall_3,vmall,vmall_1.25.5.300.apk,华为商城,com.vmall.client/.splash.fragment.SplashActivity,查看在华为商城的平板的爆款推荐,频道,easy,4,"{""xpath"": ['''//*[contains(@text, ""平板"")]  and //*[contains(@text, ""爆款推荐"")]  and //*[contains(@text, ""MatePad"")] ''']}"
vmall_4,vmall,vmall_1.25.5.300.apk,华为商城,com.vmall.client/.splash.fragment.SplashActivity,在华为商城中把1TB黑色Mate 70手机加入到购物车,搜索,hard,8,"{""xpath"": ['''//*[contains(@text, ""已选"") and contains(@text, ""1TB"") and contains(@text, ""黑"")] and //*[contains(@text, ""Mate 70"")]  and //*[contains(@class, ""ViewGroup"") and contains(@content-desc, ""加入购物车"") and bbox_contains_point(@bounds,$point) ]''']}"
xiaomishop_0,xiaomishop,xiaomishop_5.41.0.apk,小米商城,com.xiaomi.shop/.activity.MainTabActivity,去小米商城打开小米手环10的商品页,搜索,easy,5,"{""xpath"": ['''//*[contains(@text, ""小米手环10"")]  and //*[contains(@text, ""加入购物车"")]  and //*[contains(@text, ""立即购买"")]  ''' ]}"
xiaomishop_1,xiaomishop,xiaomishop_5.41.0.apk,小米商城,com.xiaomi.shop/.activity.MainTabActivity,去小米商城查看1.5匹小米空调的价格,搜索,easy,5,"{""xpath"": ['''//*[contains(@text, ""小米空调"") and contains(@text, ""1.5匹"")]  and //*[contains(@text, ""加入购物车"")]  and //*[contains(@text, ""立即购买"")]  ''' ]}###{""xpath"": ['''//*[contains(@text, ""小米空调"") and contains(@text, ""1.5匹"") and contains(@resource-id, ""id/product_title"")]   ''' ]}"
xiaomishop_2,xiaomishop,xiaomishop_5.41.0.apk,小米商城,com.xiaomi.shop/.activity.MainTabActivity,去小米商城把1台白色小米15Pro加入购物车,搜索,hard,9,"{""xpath"": [ '''  //*[contains(@text, ""Xiaomi 15 Pro"") and contains(@text, ""白色"") ] and (  //*[contains(@text, ""到货通知"") ]  or //*[contains(@text, ""确定"") and bbox_contains_point(@bounds,$point) ])'''  ]}"
xiaomishop_3,xiaomishop,xiaomishop_5.41.0.apk,小米商城,com.xiaomi.shop/.activity.MainTabActivity,去小米商城把1台1TB的蓝色红米K80加入购物车,搜索,hard,10,"{""xpath"": [ '''  //*[contains(@text, ""REDMI K80"") and contains(@text, ""蓝"")  and contains(@text, ""1TB"") ]  and ( //*[contains(@text, ""到货通知"") ]  or //*[contains(@text, ""确定"") and bbox_contains_point(@bounds,$point) ] ) '''  ]}"
xiaomishop_4,xiaomishop,xiaomishop_5.41.0.apk,小米商城,com.xiaomi.shop/.activity.MainTabActivity,去小米商城查看610L的冰箱的买家秀,搜索,hard,7,"{""xpath"": [ '''  //*[contains(@text, ""冰箱"") and contains(@text, ""610L"") ]  ''' , '''   //*[contains(@text, ""买家秀"") ]  and //*[contains(@text, ""评论"") ] '''  ]}"
motorfans_0,motorfans,motorfans_3.65.00.apk,摩托范,com.jdd.motorfans/.modules.splash.SplashActivity,在摩托范帮我搜索RR660S摩托车,搜索,medium,5,"{""xpath"": ['''//*[contains(@text, ""RR660S"") and contains(@class, ""EditText"")] ''']}###{""xpath"": ['''//*[contains(@text, ""RR660S"") and contains(@resource-id, ""text_title"")] ''']}"
motorfans_1,motorfans,motorfans_3.65.00.apk,摩托范,com.jdd.motorfans/.modules.splash.SplashActivity,帮我删除摩托范的全部历史搜索记录,搜索,medium,5,"{""xpath"": [ '''//*[contains(@text, ""确认删除全部历史记录"")] and //*[contains(@text, ""确认"")  and bbox_contains_point(@bounds,$point) ] ''' ]}"
motorfans_2,motorfans,motorfans_3.65.00.apk,摩托范,com.jdd.motorfans/.modules.splash.SplashActivity,帮我打开摩托范里1万以下的摩托车列表,频道,hard,7,"{""xpath"": [ '''//*[contains(@text, ""1万以下"")  and bbox_contains_point(@bounds,$point) ] ''' , '''//*[contains(@text, ""车型符合条件"")  and bbox_contains_point(@bounds,$point) ] ''' ]}###{""xpath"": [ '''//*[contains(@text, ""1万以下"")  and bbox_contains_point(@bounds,$point) ] ''' , '''//*[contains(@text, ""条件选车"") ]  and //*[contains(@text, ""1万以下"") ]  ''' ]}"
motorfans_3,motorfans,motorfans_3.65.00.apk,摩托范,com.jdd.motorfans/.modules.splash.SplashActivity,帮我查看摩托范的跑车排行榜,频道,easy,4,"{""xpath"": ['''//*[contains(@text, ""跑车"") and  contains(@resource-id, ""id/tab_popular"") and @checkable=""true"" and @checked=""true"" ]''']}"
motorfans_4,motorfans,motorfans_3.65.00.apk,摩托范,com.jdd.motorfans/.modules.splash.SplashActivity,在摩托范帮我查看附近摩友,附近,easy,3,"{""xpath"": ['''//*[contains(@resource-id, ""id/item_top_container"")  and bbox_contains_point(@bounds,$point) and (child::*[contains(@text, ""附近摩友"") and contains(@resource-id, ""id/item_top_name"")])]''']}###{""xpath"": [ '''//*[contains(@text, ""附近摩友"")  ] ''' , '''//*[contains(@text, ""全部"") ]  and //*[contains(@text, ""男生"") ] and //*[contains(@text, ""女生"") ]  ''' ]}"
zeekrlife_0,zeekrlife,zeekrlife_4.9.11.apk,极氪,com.zeekrlife.mobile/com.zeekrlife.main.SplashActivity,在极氪上查看一下离我最近的充电桩充一度电多少钱,频道,medium,6,"{""xpath"": ['''//*[contains(@class, ""LinearLayout"")  and bbox_contains_point(@bounds,$point) and (child::*[contains(@text, ""充电地图"")])]''']}"
zeekrlife_1,zeekrlife,zeekrlife_4.9.11.apk,极氪,com.zeekrlife.mobile/com.zeekrlife.main.SplashActivity,我想在极氪上看一下极氪001的参数配置,频道,medium,5,"{""xpath"": ['''//*[contains(@text, ""参数配置"") and contains(@resource-id, ""id/title_tv"") ] and //*[contains(@text, ""ZEEKR 001"")] ''']}"
zeekrlife_2,zeekrlife,zeekrlife_4.9.11.apk,极氪,com.zeekrlife.mobile/com.zeekrlife.main.SplashActivity,我想知道极氪上的极氪7X续航里程是多少,频道,medium,5,"{""xpath"": ['''//*[contains(@text, ""7X"") and @selected=""true""]  and //*[contains(@text, ""续航里程"")] ''']}"
zeekrlife_3,zeekrlife,zeekrlife_4.9.11.apk,极氪,com.zeekrlife.mobile/com.zeekrlife.main.SplashActivity,我想知道极氪上面的管家电话是多少,设置,medium,5,"{""xpath"": ['''//*[contains(@text, ""呼叫"") and contains(@resource-id, ""id/tv_phone"") ] ''']}"
zeekrlife_4,zeekrlife,zeekrlife_4.9.11.apk,极氪,com.zeekrlife.mobile/com.zeekrlife.main.SplashActivity,查看一下极氪的订单,我的,easy,5,"{""xpath"": ['''//*[contains(@text, ""整车订单"") and contains(@resource-id, ""id/tv_vehicle_order"")]  and //*[contains(@content-desc, ""我的订单"")] ''']}"
autohome_0,autohome,autohome_11.75.5.apk,汽车之家,com.cubic.autohome/.MainActivity,在汽车之家中打开购车计算,频道,medium,5,"{""xpath"": ['''//*[contains(@class, ""ViewGroup"")  and bbox_contains_point(@bounds,$point) and (child::*[contains(@text, ""购车计算"")])]''']}"
autohome_1,autohome,autohome_11.75.5.apk,汽车之家,com.cubic.autohome/.MainActivity,在汽车之家中查5万以下二手车信息,搜索,easy,4,"{""xpath"": [''' //*[contains(@text, ""二手车大全"")] and //*[contains(@class, ""view.ViewGroup"")  and bbox_contains_point(@bounds,$point) and (child::*[contains(@text, ""5万以下"")])]''']}"
autohome_2,autohome,autohome_11.75.5.apk,汽车之家,com.cubic.autohome/.MainActivity,在汽车之家中查一下奥迪二手车信息,搜索,easy,4,"{""xpath"": [''' //*[contains(@text, ""二手车大全"")] and //*[contains(@text, ""奥迪"")   and (following-sibling::*[contains(@text, ""万首付"")])]''']}"
autohome_3,autohome,autohome_11.75.5.apk,汽车之家,com.cubic.autohome/.MainActivity,查一下汽车之家中的口碑榜,频道,medium,6,"{""xpath"": ['''//*[contains(@text, ""口碑"") and contains(@resource-id, ""id/tv_city"") ] and //*[contains(@text, ""空间"") and contains(@resource-id, ""id/tv_city"") ] and //*[contains(@text, ""查看口碑"") and contains(@resource-id, ""id/tv_right_sub_text"") ] ''']}"
autohome_4,autohome,autohome_11.75.5.apk,汽车之家,com.cubic.autohome/.MainActivity,查看汽车之家中的降价榜,频道,medium,6,"{""xpath"": ['''//*[contains(@text, ""最大降幅车型"") and contains(@resource-id, ""id/tv_rcm"") ] and //*[contains(@text, ""查落地价"") and contains(@resource-id, ""id/tv_right_btn"") ] and //*[contains(@text, ""最大降幅"") and contains(@resource-id, ""id/tv_right_sub_text"") ] ''']}"
aima_0,aima,aima_5.3.2.apk,爱玛出行,com.adb.useroperation/io.flutter.plugins.MainActivity,在爱玛出行中查看一下附近门店,附近,medium,5,"{""xpath"": ['''//*[contains(@text, ""附近门店"") and bbox_contains_point(@bounds,$point) ]''']}###{""xpath"": ['''//*[contains(@content-desc, ""附近门店"") and bbox_contains_point(@bounds,$point) ]''']}"
aima_1,aima,aima_5.3.2.apk,爱玛出行,com.adb.useroperation/io.flutter.plugins.MainActivity,在爱玛出行中，打开热门话题的榜单,频道,easy,4,"{""xpath"": [ '''//*[contains(@content-desc, ""热门话题"")  and bbox_contains_point(@bounds,$point) ] ''' ]}"
aima_2,aima,aima_5.3.2.apk,爱玛出行,com.adb.useroperation/io.flutter.plugins.MainActivity,在爱玛出行中打开鸣笛寻车功能,频道,easy,4,"{""xpath"": [ '''//*[contains(@content-desc, ""鸣笛寻车"")  and bbox_contains_point(@bounds,$point) ] ''' ]}"
aima_3,aima,aima_5.3.2.apk,爱玛出行,com.adb.useroperation/io.flutter.plugins.MainActivity,在爱玛出行中查看当前位置,频道,easy,4,"{""xpath"": [ '''//*[contains(@content-desc, ""当前位置"")] ''' ]}"
aima_4,aima,aima_5.3.2.apk,爱玛出行,com.adb.useroperation/io.flutter.plugins.MainActivity,在爱玛出行中查看我的车辆消息,消息,medium,5,"{""xpath"": [ '''//*[contains(@content-desc, ""车辆消息"")  and bbox_contains_point(@bounds,$point) ] ''' ]}"
htinns_0,htinns,htinns_9.34.0.apk,华住会,com.htinns/com.huazhu.loading.LoadingActivity,帮我关闭华住会信息通知,设置,hard,7,"{""xpath"": ['''//*[@checkable=""true"" and @checked=""false"" and (preceding-sibling::*[contains(@text, ""信息通知"")])]''']}"
htinns_1,htinns,htinns_9.34.0.apk,华住会,com.htinns/com.huazhu.loading.LoadingActivity,帮我查看我的华住会酒店优惠券,我的,medium,5,"{""xpath"": ['''//*[contains(@text, ""优惠券"")]  and //*[contains(@content-desc, ""酒店券"")  and bbox_contains_point(@bounds,$point) ] ''']}"
htinns_2,htinns,htinns_9.34.0.apk,华住会,com.htinns/com.huazhu.loading.LoadingActivity,把我在华住会的位置定位到北京大兴区,地点,medium,6,"{""xpath"": ['''//*[@content-desc=""北京"" and contains(@class, ""ViewGroup"") and following-sibling::*[contains(@content-desc, ""大兴"")] ]''']}"
htinns_3,htinns,htinns_9.34.0.apk,华住会,com.htinns/com.huazhu.loading.LoadingActivity,在华住会查找上海的汉庭酒店,搜索,medium,6,"{""xpath"": ['''//*[@content-desc=""上海"" and contains(@class, ""ViewGroup"") and following-sibling::*[contains(@content-desc, ""汉庭"")] ]  and //*[contains(@text, ""上海"") and contains(@text, ""汉庭"") and contains(@text, ""酒店"") ]''']}"
htinns_4,htinns,htinns_9.34.0.apk,华住会,com.htinns/com.huazhu.loading.LoadingActivity,在华住会查找北京南站附近的短租公寓,搜索,hard,8,"{""xpath"": ['''//*[@content-desc=""北京"" and contains(@class, ""ViewGroup"") and following-sibling::*[contains(@content-desc, ""北京南站"")] ] and //*[@content-desc=""短租"" and contains(@class, ""ViewGroup"")] and //*[contains(@text, ""公寓"") ]''']}"
szzc_0,szzc,szzc_9.2.0.apk,神州租车,com.szzc/com.sz.ucar.rentcar.splash.activity.DefaultIcon,帮我的神州租车签个到,我的,medium,5,"{""xpath"": ['''//*[contains(@text, ""签到"") and bbox_contains_point(@bounds,$point) ]''']}###{""xpath"": ['''//*[contains(@text, ""今日已签到"") ]''']}"
szzc_1,szzc,szzc_9.2.0.apk,神州租车,com.szzc/com.sz.ucar.rentcar.splash.activity.DefaultIcon,帮我看看我神州租车里的加油记录,我的,easy,4,"{""xpath"": ['''//*[contains(@text, ""加油订单"") and contains(@resource-id, ""id/framework_title"")] ''']}"
szzc_2,szzc,szzc_9.2.0.apk,神州租车,com.szzc/com.sz.ucar.rentcar.splash.activity.DefaultIcon,我想看看神州租车里丰田的二手车,搜索,easy,4,"{""xpath"": ['''//*[contains(@text, ""丰田"") and contains(@resource-id, ""id/tv_tab_title"")] ''']}"
szzc_3,szzc,szzc_9.2.0.apk,神州租车,com.szzc/com.sz.ucar.rentcar.splash.activity.DefaultIcon,我想长期租车，打开神州租车看一下有哪些车型组,频道,medium,5,"{""xpath"": ['''//*[contains(@text, ""选择车型组"") and contains(@resource-id, ""id/framework_title"")] ''']}"
szzc_4,szzc,szzc_9.2.0.apk,神州租车,com.szzc/com.sz.ucar.rentcar.splash.activity.DefaultIcon,打开神州租车的取还说明,设置,medium,5,"{""xpath"": [''' //*[contains(@text, ""取还说明"")] and //*[contains(@text, ""寻店"")]  ''']}"
ivwen_0,ivwen,ivwen_11.0.6.apk,美篇,com.lanjingren.ivwen/.ui.advertising.OpeningScreenAdvertisingActivity,“万事发生皆有利于我”我想用这句话作美篇个签，可以帮我修改一下吗？,我的,hard,7,"{""xpath"": ['''//*[contains(@text, ""签名"") and (descendant::*[@text=""万事发生皆有利于我""] or following-sibling::*[@text=""万事发生皆有利于我""])] ''']}"
ivwen_1,ivwen,ivwen_11.0.6.apk,美篇,com.lanjingren.ivwen/.ui.advertising.OpeningScreenAdvertisingActivity,我想用相册的第一张图片在美篇设置为专栏封面,我的,hard,7,"{""xpath"": ['''//*[contains(@text, ""更换专栏封面"") and contains(@resource-id, ""title"") and bbox_contains_point(@bounds,$point)]''','''//*[contains(@text, ""完成"") and contains(@resource-id, ""v_edit_confirm"") and bbox_contains_point(@bounds,$point)]''']}"
ivwen_2,ivwen,ivwen_11.0.6.apk,美篇,com.lanjingren.ivwen/.ui.advertising.OpeningScreenAdvertisingActivity,我的生日是1999年1月1日，性别女，帮我填写一下美篇资料,我的,hard,8,"{""xpath"": ['''//*[contains(@text, ""生日"") and (following-sibling::*[contains(@text, ""1999-01-01"") and contains(@resource-id, ""text_birthday"")  ]) ] and //*[contains(@text, ""性别"") and (following-sibling::*[contains(@text, ""女"") and contains(@resource-id, ""text_gender"")  ]) ] ''']}"
ivwen_3,ivwen,ivwen_11.0.6.apk,美篇,com.lanjingren.ivwen/.ui.advertising.OpeningScreenAdvertisingActivity,用美篇搜索云南丽江的旅游攻略，查看第一篇相关文章,搜索,hard,8,"{""xpath"": ['''//*[contains(@text, ""云南"") and contains(@text, ""攻略"") and contains(@resource-id, ""etSearch"")  ] and //*[contains(@text, ""相关文章"") and contains(@resource-id, ""tvTitle"") and //*[contains(@resource-id, ""contentContainer"") and bbox_contains_point(@bounds,$point)] ]  ''']}"
ivwen_4,ivwen,ivwen_11.0.6.apk,美篇,com.lanjingren.ivwen/.ui.advertising.OpeningScreenAdvertisingActivity,帮我完成美篇今日的花瓣签到,我的,easy,4,"{""xpath"": ['''//*[contains(@text, ""已签到"") or contains(@text, ""签到成功"") ] and //*[contains(@text, ""美篇花瓣"") and contains(@resource-id, ""text_webtitle"")]''']}"
momo_0,momo,momo_9.17.6.apk,陌陌,com.immomo.momo/.android.activity.WelcomeActivity,在陌陌的历史观看列表关注一位主播,我的,medium,6,"{""xpath"": ['''//*[contains(@text, ""历史观看"") and bbox_contains_point(@bounds,$point) ]''','''//*[contains(@text, ""关注"") and bbox_contains_point(@bounds,$point)]''']}"
momo_1,momo,momo_9.17.6.apk,陌陌,com.immomo.momo/.android.activity.WelcomeActivity,在陌陌的好友列表查看我的通讯录好友,我的,medium,5,"{""xpath"": ['''//*[contains(@class, ""ViewGroup"") and bbox_contains_point(@bounds,$point) and (child::*[contains(@text, ""查看通讯录好友"") ])] ''']}"
momo_2,momo,momo_9.17.6.apk,陌陌,com.immomo.momo/.android.activity.WelcomeActivity,打开陌陌里的一场附近人直播,附近,easy,5,"{""xpath"": ['''//*[contains(@text, ""附近"") and contains(@resource-id, ""id/tab_title"") and @selected=""true""] and //*[contains(@resource-id, ""id/live_center_layout"") and bbox_contains_point(@bounds,$point) ] ''']}"
momo_3,momo,momo_9.17.6.apk,陌陌,com.immomo.momo/.android.activity.WelcomeActivity,打开陌陌的缘分交友页面,频道,easy,4,"{""xpath"": ['''//*[contains(@class, ""FrameLayout"") and bbox_contains_point(@bounds,$point) and (child::*[contains(@text, ""缘分交友"") ])] ''']}"
momo_4,momo,momo_9.17.6.apk,陌陌,com.immomo.momo/.android.activity.WelcomeActivity,查看陌陌里我的粉丝列表,我的,easy,4,"{""xpath"": ['''//*[contains(@text, ""粉丝"") and contains(@resource-id, ""id/tab_title_lua"") and @selected=""true""] ''']}"
hsj_0,hsj,hsj_2.9.8.apk,画世界,net.huanci.hsj/.activities.FlashActivity,帮我查看一下画世界放大画布的快捷键,设置,hard,6,"{""xpath"": ['''//*[contains(@text, ""快捷键设置"") ] and //*[contains(@text, ""放大画布"") ]  and //*[contains(@text, ""缩小画布"") ] ''']}"
hsj_1,hsj,hsj_2.9.8.apk,画世界,net.huanci.hsj/.activities.FlashActivity,打开画世界，帮我把性别改为女,我的,hard,7,"{""xpath"": ['''//*[contains(@text, ""女"") and contains(@resource-id, ""id/textView_sex"")] ''']}"
hsj_2,hsj,hsj_2.9.8.apk,画世界,net.huanci.hsj/.activities.FlashActivity,打开画世界，查看最新的系统通知,我的,easy,4,"{""xpath"": ['''//*[contains(@text, ""系统通知"") and contains(@resource-id, ""id/tv_title"")] ''']}###{""xpath"": ['''//*[contains(@text, ""通知"") and contains(@resource-id, ""id/textView_app_name"")] ''']}"
hsj_3,hsj,hsj_2.9.8.apk,画世界,net.huanci.hsj/.activities.FlashActivity,查看一下我画世界的最近登录设备有哪些,设置,hard,6,"{""xpath"": ['''//*[contains(@text, ""登录设备管理"") and contains(@resource-id, ""id/textView_app_name"")] ''']}"
hsj_4,hsj,hsj_2.9.8.apk,画世界,net.huanci.hsj/.activities.FlashActivity,打开画世界，自定义一张9:16的画布,频道,medium,5,"{""xpath"": ['''//*[contains(@class, ""RelativeLayout"")  and bbox_contains_point(@bounds,$point) and (child::*[contains(@text, ""9:16"") and contains(@resource-id, ""id/desc"") ])]''']}"
maimai_0,maimai,maimai_6.6.72.apk,脉脉,com.taou.maimai/.MainActivity,在脉脉中关注一个优选中的好友,我的,easy,5,"{""xpath"": ['''//*[contains(@class, ""ViewGroup"")  and bbox_contains_point(@bounds,$point) and (child::*[contains(@text, ""好友"")])]''', '''//*[contains(@text, ""申请成功"") and contains(@resource-id, ""menu_bar_title"")] ''']}"
maimai_1,maimai,maimai_6.6.72.apk,脉脉,com.taou.maimai/.MainActivity,查看脉脉的热榜,频道,easy,3,"{""xpath"": ['''//*[contains(@text, ""热榜"") and @selected=""true""] ''']}"
maimai_2,maimai,maimai_6.6.72.apk,脉脉,com.taou.maimai/.MainActivity,查看我在脉脉的好友动态,动态,easy,4,"{""xpath"": ['''//*[contains(@text, ""动态"") and @selected=""true""] ''']}"
maimai_3,maimai,maimai_6.6.72.apk,脉脉,com.taou.maimai/.MainActivity,查看我在脉脉发布的内容,我的,medium,6,"{""xpath"": ['''//*[contains(@text, ""我发布的内容"")]  and //*[contains(@text, ""实名帖"")]  and //*[contains(@text, ""社区身份帖"")] ''']}"
maimai_4,maimai,maimai_6.6.72.apk,脉脉,com.taou.maimai/.MainActivity,查看我在脉脉中的优惠券,我的,medium,6,"{""xpath"": ['''//*[contains(@text, ""优惠券"") and contains(@resource-id, ""id/menu_bar_title"")] ''']}"
douban_0,douban,douban_7.104.0.apk,豆瓣,com.douban.frodo/.activity.SplashActivity,去豆瓣搜索喜羊羊与灰太狼,搜索,easy,4,"{""xpath"": ['''//*[contains(@text, ""喜羊羊与灰太狼"") and contains(@resource-id, ""id/search"")]   ''' ]}"
douban_1,douban,douban_7.104.0.apk,豆瓣,com.douban.frodo/.activity.SplashActivity,去豆瓣加入北京合租小组,搜索,medium,5,"{""xpath"": ['''//*[contains(@text, ""北京合租"") and contains(@resource-id, ""id/search"")]  and (  //*[contains(@text, ""已加入"") ]  or //*[contains(@text, ""加入"") and bbox_contains_point(@bounds,$point) ]) ''' ]}"
douban_2,douban,douban_7.104.0.apk,豆瓣,com.douban.frodo/.activity.SplashActivity,去豆瓣查看精选家常菜100道的作者是谁,搜索,medium,5,"{""xpath"": ['''//*[contains(@text, ""精选家常菜100道"")]  and //*[contains(@text, ""陈绪荣"")]  ''' ]}"
douban_3,douban,douban_7.104.0.apk,豆瓣,com.douban.frodo/.activity.SplashActivity,去豆瓣设置图片带个人水印,设置,hard,7,"{""xpath"": [''' //*[contains(@text, ""图片带个人水印"")]  and //*[contains(@resource-id, ""id/post_water_switch"") and @checkable=""true"" and @checked=""true""]''' ]}"
douban_4,douban,douban_7.104.0.apk,豆瓣,com.douban.frodo/.activity.SplashActivity,去豆瓣查看我的私信,消息,easy,4,"{""xpath"": ['''//*[contains(@text, ""提醒"")]  and //*[contains(@text, ""发私信"")] and //*[contains(@text, ""全部已读"")]  ''' ]}"
cc5_0,cc5,cc5_10.15.0.apk,测测,com.xxwolo.cc5/com.cece.app.MainActivity,打开测测心情日记选择开心和甜蜜,搜索,hard,9,"{""xpath"": ['''//*[contains(@content-desc, ""开心"") and bbox_contains_point(@bounds,$point) ]''', '''//*[contains(@content-desc, ""甜蜜"") and bbox_contains_point(@bounds,$point) ]''']}"
cc5_1,cc5,cc5_10.15.0.apk,测测,com.xxwolo.cc5/com.cece.app.MainActivity,在测测中查看我的今日幸运食物,频道,easy,3,"{""xpath"": ['''//*[contains(@content-desc, ""自己"")]  and //*[contains(@content-desc, ""幸运食物"")]  ''']}"
cc5_2,cc5,cc5_10.15.0.apk,测测,com.xxwolo.cc5/com.cece.app.MainActivity,去测测打开冥想,频道,easy,4,"{""xpath"": ['''//*[contains(@content-desc, ""冥想说明"")]  and //*[contains(@content-desc, ""切换主题"")]  ''']}"
cc5_3,cc5,cc5_10.15.0.apk,测测,com.xxwolo.cc5/com.cece.app.MainActivity,在测测查看一下我的MBTI,频道,easy,3,"{""xpath"": ['''//*[contains(@content-desc, ""的MBTI是:"")]  and //*[contains(@content-desc, ""重新测试"")]  ''']}"
cc5_4,cc5,cc5_10.15.0.apk,测测,com.xxwolo.cc5/com.cece.app.MainActivity,查看测测上自己的本命星盘,频道,easy,4,"{""xpath"": ['''//*[contains(@content-desc, ""自己"")]  and //*[contains(@content-desc, ""本命盘"")]  and //*[contains(@content-desc, ""本命"") and @selected=""true"" ] ''']}"
calendar_0,calendar,calendar_7.2.6.apk,万年历,com.youloft.calendar/com.youloft.LauncherActivity,在万年历中查看一下2024年5月的日历,频道,hard,6,"{""xpath"": ['''//*[contains(@text, ""2024年5"") and contains(@resource-id, ""title"") ] ''']}"
calendar_1,calendar,calendar_7.2.6.apk,万年历,com.youloft.calendar/com.youloft.LauncherActivity,在万年历中切换一下星座日历,频道,easy,4,"{""xpath"": ['''//*[contains(@class, ""ViewGroup"") and bbox_contains_point(@bounds,$point) and (child::*[contains(@text, ""星座日历"") ])] ''']}"
calendar_2,calendar,calendar_7.2.6.apk,万年历,com.youloft.calendar/com.youloft.LauncherActivity,在万年历中查看一下今日的天气,频道,easy,3,"{""xpath"": ['''//*[contains(@text, ""今天"") and contains(@resource-id, ""time"") ] and //*[ contains(@resource-id, ""id/weather_name"") ]''']}"
calendar_3,calendar,calendar_7.2.6.apk,万年历,com.youloft.calendar/com.youloft.LauncherActivity,点开万年历中我的消息中的最新一条,消息,easy,4,"{""xpath"": ['''//*[contains(@text, ""我的消息"") and contains(@resource-id, ""id/title"")] and //*[contains(@text, ""消息中心"") and contains(@resource-id, ""id/action_title"")]''']}"
calendar_4,calendar,calendar_7.2.6.apk,万年历,com.youloft.calendar/com.youloft.LauncherActivity,通过万年历换算一下2005年5月8日是农历几月初几,频道,hard,15,"{""xpath"": ['''//*[contains(@text, ""2005年5"") and contains(@resource-id, ""title"") ] ''']}"
moviepro_0,moviepro,moviepro_8.8.4.apk,猫眼专业版,com.sankuai.moviepro/.mvp.views.welcome.WelcomeActivity,在猫眼专业版查找距我最近的电影院,搜索,medium,5,"{""xpath"": ['''//*[contains(@text, ""附近影院"") and bbox_contains_point(@bounds,$point) ]''']}"
moviepro_1,moviepro,moviepro_8.8.4.apk,猫眼专业版,com.sankuai.moviepro/.mvp.views.welcome.WelcomeActivity,在猫眼专业版中查看全球影史票房榜第一名是哪部电影,搜索,medium,4,"{""xpath"": ['''//*[contains(@text, ""全球影史票房榜"")] and //*[contains(@text, ""影片排名"")] and //*[contains(@text, ""总票房"")] ''']}"
moviepro_2,moviepro,moviepro_8.8.4.apk,猫眼专业版,com.sankuai.moviepro/.mvp.views.welcome.WelcomeActivity,在猫眼专业版中查看影视头条“电影”第一条内容,搜索,medium,4,"{""xpath"": [ '''//*[contains(@text, ""影视头条"") and (preceding-sibling::*[contains(@text, ""上映日历"")]) ] and  //*[contains(@content-desc, ""电影"")  and bbox_contains_point(@bounds,$point) ] ''' ]}"
moviepro_3,moviepro,moviepro_8.8.4.apk,猫眼专业版,com.sankuai.moviepro/.mvp.views.welcome.WelcomeActivity,在猫眼专业版查看卧虎藏龙的综合评分,搜索,medium,5,"{""xpath"": ['''  //*[contains(@text, ""卧虎藏龙"") and contains(@resource-id, ""id/tv_title"") ]  and //*[contains(@text, ""猫眼综合评分"") ]''']}"
moviepro_4,moviepro,moviepro_8.8.4.apk,猫眼专业版,com.sankuai.moviepro/.mvp.views.welcome.WelcomeActivity,在猫眼专业版中查询冰雪奇缘获得的奖项,搜索,hard,7,"{""xpath"": ['''  //*[contains(@text, ""冰雪奇缘"") and contains(@resource-id, ""id/tv_title"") ]  and //*[contains(@text, ""猫眼综合评分"") ]''']}"
wsgw_0,wsgw,wsgw_3.1.6.apk,网上国网,com.sgcc.wsgw.cn/.SplashActivity,在网上国网找到一个2千米内的充电桩,搜索,medium,5,"{""xpath"": ['''//*[contains(@class, ""ViewGroup"") and bbox_contains_point(@bounds,$point) and (child::*[contains(@text, ""充电"")])]''', '''//*[ (contains(@text, ""2公里"") or contains(@text, ""2km"") or contains(@text, ""2千米"") ) and bbox_contains_point(@bounds,$point) ]''']}"
wsgw_1,wsgw,wsgw_3.1.6.apk,网上国网,com.sgcc.wsgw.cn/.SplashActivity,在网上国网查一下2024年的电费账单,频道,easy,4,"{""xpath"": [ '''//*[contains(@text, ""多户账单"")] and //*[contains(@text, ""2024年"")  and bbox_contains_point(@bounds,$point) ] ''' ]}"
wsgw_2,wsgw,wsgw_3.1.6.apk,网上国网,com.sgcc.wsgw.cn/.SplashActivity,在网上国网里里查一下我本月每天的用电量,频道,easy,4,"{""xpath"": ['''//*[contains(@text, ""日用电量"")]  and //*[contains(@text, ""电量电费"")] ''']}"
wsgw_3,wsgw,wsgw_3.1.6.apk,网上国网,com.sgcc.wsgw.cn/.SplashActivity,把网上国网的地点改成北京市市辖区朝阳区,地点,medium,6,"{""xpath"": ['''//*[contains(@text, ""北京市"")]  and //*[contains(@text, ""市辖区"")]  and //*[contains(@class, ""ViewGroup"") and bbox_contains_point(@bounds,$point) and (child::*[contains(@text, ""朝阳区"") ])] ''']}"
wsgw_4,wsgw,wsgw_3.1.6.apk,网上国网,com.sgcc.wsgw.cn/.SplashActivity,查看网上国网里我有哪些优惠券,我的,easy,4,"{""xpath"": ['''//*[contains(@text, ""优惠券"")]  and //*[contains(@text, ""未使用"")]  and //*[contains(@text, ""已使用"")] ''']}###{""xpath"": ['''//*[contains(@text, ""优惠券"")]  and //*[contains(@text, ""红包"")]  and //*[contains(@text, ""积分"")] ''']}"
starbucks_0,starbucks,starbucks_10.11.0.apk,星巴克,com.starbucks.cn/.home.revamp.launch.RevampLaunchActivity,打开星巴克查看我的星礼卡余额,我的,easy,3,"{""xpath"": ['''//*[contains(@text, ""星礼卡总余额"") and contains(@resource-id, ""title"")] ''']}###{""xpath"": ['''//*[contains(@text, ""星礼卡总余额"") and contains(@resource-id, ""id/tv_svc"")] ''']}"
starbucks_1,starbucks,starbucks_10.11.0.apk,星巴克,com.starbucks.cn/.home.revamp.launch.RevampLaunchActivity,帮我查看一下星巴克的超大杯的焦糖玛奇朵的价格,搜索,hard,7,"{""xpath"": ['''//*[contains(@text, ""焦糖玛奇朵"") and contains(@resource-id, ""id/tvName"")] and //*[contains(@resource-id, ""imageText-Venti"") and bbox_contains_point(@bounds,$point) ]  ''']}"
starbucks_2,starbucks,starbucks_10.11.0.apk,星巴克,com.starbucks.cn/.home.revamp.launch.RevampLaunchActivity,在星巴克把3杯大杯去冰的红茶拿铁加入购物车,搜索,hard,10,"{""xpath"": ['''//*[contains(@text, ""红茶拿铁"") and contains(@resource-id, ""id/tvName"")] and //*[contains(@resource-id, ""text-9710026"") and bbox_contains_point(@bounds,$point) ]  ''' , '''//*[contains(@text, ""3"") and contains(@resource-id, ""id/tvQuantity"")] and //*[contains(@resource-id, ""添加至购物车"") and bbox_contains_point(@bounds,$point) ]  ''']}"
starbucks_3,starbucks,starbucks_10.11.0.apk,星巴克,com.starbucks.cn/.home.revamp.launch.RevampLaunchActivity,我想喝大杯加冰的粉粉生咖，我要自己去星巴克取,搜索,hard,8,"{""xpath"": ['''//*[contains(@text, ""粉粉生咖"") and contains(@resource-id, ""id/tvName"")] and //*[contains(@resource-id, ""添加至购物车"") and bbox_contains_point(@bounds,$point) ]  ''']}###{""xpath"": ['''//*[contains(@text, ""我的订单"") and contains(@resource-id, ""Title"")] and //*[contains(@text, ""粉粉生咖"") and contains(@resource-id, ""Title"")] and //*[contains(@text, ""大杯"") and contains(@resource-id, ""id/tvCustom"")]  and //*[contains(@text, ""冰"") and contains(@resource-id, ""id/tvCustom"")]  ''']}"
starbucks_4,starbucks,starbucks_10.11.0.apk,星巴克,com.starbucks.cn/.home.revamp.launch.RevampLaunchActivity,星巴克的啡快里点两杯双份的浓缩咖啡,搜索,hard,10,"{""xpath"": ['''//*[contains(@text, ""浓缩咖啡"") and contains(@resource-id, ""id/tvName"")] and //*[contains(@resource-id, ""text-Doppio"") and bbox_contains_point(@bounds,$point) ]  ''' , '''//*[contains(@text, ""2"") and contains(@resource-id, ""id/tvQuantity"")] and //*[contains(@resource-id, ""添加至购物车"") and bbox_contains_point(@bounds,$point) ]  ''']}"
xiachufang_0,xiachufang,xiachufang_8.8.65.apk,下厨房,com.xiachufang/.startpage.ui.StartPageActivity,查看下厨房家常菜分类中做过最多的菜品是哪个,搜索,medium,6,"{""xpath"": ['''//*[contains(@text, ""家常菜"") and contains(@resource-id, ""search_edit_text"")] and //*[contains(@text, ""做过最多"") and bbox_contains_point(@bounds,$point) ]''']}"
xiachufang_1,xiachufang,xiachufang_8.8.65.apk,下厨房,com.xiachufang/.startpage.ui.StartPageActivity,看一下下厨房川菜分类中评分最高的菜品做法,搜索,medium,5,"{""xpath"": ['''//*[contains(@text, ""川菜"") and contains(@resource-id, ""search_edit_text"")] and //*[contains(@text, ""评分最高"") and bbox_contains_point(@bounds,$point) ]''']}"
xiachufang_2,xiachufang,xiachufang_8.8.65.apk,下厨房,com.xiachufang/.startpage.ui.StartPageActivity,帮我找一下用土豆做的快手菜,搜索,medium,4,"{""xpath"": ['''//*[contains(@text, ""快手菜"") and contains(@resource-id, ""search_edit_text"")] and //*[contains(@text, ""土豆"") and contains(@resource-id, ""search_edit_text"")]''']}"
xiachufang_3,xiachufang,xiachufang_8.8.65.apk,下厨房,com.xiachufang/.startpage.ui.StartPageActivity,帮我在下厨房里查一下糖醋排骨的具体做法,搜索,medium,5,"{""xpath"": ['''//*[contains(@text, ""糖醋排骨"") and contains(@resource-id, ""id/recipe_name"")] ''']}"
xiachufang_4,xiachufang,xiachufang_8.8.65.apk,下厨房,com.xiachufang/.startpage.ui.StartPageActivity,帮我在下厨房里查一下可乐鸡翅的用料有哪些,搜索,hard,7,"{""xpath"": ['''//*[contains(@text, ""可乐鸡翅"") and contains(@resource-id, ""id/recipe_name"")] ''' , '''//*[contains(@text, ""用料"") and contains(@resource-id, ""id/tv_title"")] ''']}"
lottery_0,lottery,lottery_3.6.6.apk,中国体育彩票,cn.gov.lottery/com.host.ui.InitActivity,在中国体育彩票中看一下2025年2月15日的开奖直播,搜索,hard,6,"{""xpath"": ['''//*[contains(@text, ""2025"") and contains(@text, ""2月15"") and contains(@text, ""直播"")] ''']}"
lottery_1,lottery,lottery_3.6.6.apk,中国体育彩票,cn.gov.lottery/com.host.ui.InitActivity,在中国体育彩票中查看单场胜平负的游戏规则,频道,medium,4,"{""xpath"": ['''//*[contains(@text, ""中国足彩单场竞猜胜平负游戏"") and contains(@class, ""view.View"") ] ''']}"
lottery_2,lottery,lottery_3.6.6.apk,中国体育彩票,cn.gov.lottery/com.host.ui.InitActivity,在中国体育彩票里看一下传统足彩的开奖信息,频道,medium,5,"{""xpath"": [''' //*[@text=""开奖""] and //*[contains(@content-desc, ""传统足彩"") and bbox_contains_point(@bounds,$point) ]''']}"
lottery_3,lottery,lottery_3.6.6.apk,中国体育彩票,cn.gov.lottery/com.host.ui.InitActivity,用中国体育彩票查一下我的验奖记录,我的,easy,4,"{""xpath"": ['''//*[@text=""我的验奖记录"" and parent::*[contains(@resource-id, ""ll_middle"")] ]''']}"
lottery_4,lottery,lottery_3.6.6.apk,中国体育彩票,cn.gov.lottery/com.host.ui.InitActivity,用中国体育彩票查询一下附近门店,附近,easy,4,"{""xpath"": ['''//*[@text=""附近门店"" and parent::*[contains(@resource-id, ""ll_middle"")] ]''']}"
miaomiao_0,miaomiao,miaomiao_4.1.7.apk,喵喵记账,com.youqi.miaomiao/com.lanniser.kittykeeping.ui.activity.SplashActivity,在喵喵记账中将记账提醒打开,设置,hard,7,"{""xpath"": ['''//*[@checkable=""true"" and @checked=""true"" and (preceding-sibling::*[contains(@text, ""记账提醒"")])]''']}"
miaomiao_1,miaomiao,miaomiao_4.1.7.apk,喵喵记账,com.youqi.miaomiao/com.lanniser.kittykeeping.ui.activity.SplashActivity,关闭喵喵记账的音效、背景音乐,设置,hard,7,"{""xpath"": ['''//*[contains(@resource-id, ""id/switch_effect"") and @checkable=""true"" and @checked=""false"" and (preceding-sibling::*[contains(@text, ""音效"")])] and //*[contains(@resource-id, ""id/switch_effect"") and @checkable=""true"" and @checked=""false"" and (preceding-sibling::*[contains(@text, ""背景音乐"")])] ''']}"
miaomiao_2,miaomiao,miaomiao_4.1.7.apk,喵喵记账,com.youqi.miaomiao/com.lanniser.kittykeeping.ui.activity.SplashActivity,在喵喵记账里查看汇率转换,频道,medium,5,"{""xpath"": ['''//*[contains(@resource-id, ""id/rl_item"") and bbox_contains_point(@bounds,$point) and (child::*[contains(@text, ""汇率转换"") and contains(@resource-id, ""id/itemTv"") ])] ''']}"
miaomiao_3,miaomiao,miaomiao_4.1.7.apk,喵喵记账,com.youqi.miaomiao/com.lanniser.kittykeeping.ui.activity.SplashActivity,我想查看喵喵记账中的猫咪图鉴,我的,medium,6,"{""xpath"": ['''//*[@checkable=""true"" and @checked=""true"" and  contains(@text, ""猫咪图鉴"") ]''']}"
miaomiao_4,miaomiao,miaomiao_4.1.7.apk,喵喵记账,com.youqi.miaomiao/com.lanniser.kittykeeping.ui.activity.SplashActivity,查看喵喵记账中2月份的支出占比概况,我的,medium,6,"{""xpath"": [ '''//*[contains(@text, ""支出占比概况"") and contains(@class, ""TextView"")]  and //*[contains(@text, ""的收支概况"") and contains(@resource-id, ""id/tvSelectedRangeDesc"")] ''']}###{""xpath"": [ '''//*[contains(@text, ""2月"") and contains(@class, ""TextView"")]  and //*[contains(@text, ""的收支概况"") and contains(@resource-id, ""id/tvSelectedRangeDesc"")] ''']}"
lifecircle_0,lifecircle,lifecircle_2.75.1.apk,平安好生活,com.pingan.lifecircle/.home.SplashActivity,在平安好生活中观看职场人健康的一个课程的视频,搜索,hard,7,"{""xpath"": ['''//*[contains(@text, ""职场人健康"") and @selected=""true""] and //*[contains(@resource-id, ""circle_list_rv"")  and bbox_contains_point(@bounds,$point)]''']}"
lifecircle_1,lifecircle,lifecircle_2.75.1.apk,平安好生活,com.pingan.lifecircle/.home.SplashActivity,查一下平安好生活中财产的热销保险,搜索,medium,5,"{""xpath"": ['''//*[contains(@text, ""财产"") ] and //*[contains(@text, ""自住房屋"")  ] ''']}"
lifecircle_2,lifecircle,lifecircle_2.75.1.apk,平安好生活,com.pingan.lifecircle/.home.SplashActivity,查一下平安好生活里有哪些宠物医疗险,搜索,medium,4,"{""xpath"": ['''//*[contains(@class, ""ViewGroup"")  and bbox_contains_point(@bounds,$point) and (child::*[contains(@text, ""宠物医疗"")])]''' ]}"
lifecircle_3,lifecircle,lifecircle_2.75.1.apk,平安好生活,com.pingan.lifecircle/.home.SplashActivity,在平安好生活中优惠购药,频道,easy,4,"{""xpath"": ['''//*[contains(@class, ""view.View"")  and bbox_contains_point(@bounds,$point) and (child::*[contains(@text, ""优惠购药"")])]''' ]}"
lifecircle_4,lifecircle,lifecircle_2.75.1.apk,平安好生活,com.pingan.lifecircle/.home.SplashActivity,在平安好生活中进行在线问诊,频道,easy,4,"{""xpath"": ['''//*[contains(@text, ""在线问诊"") ] and //*[contains(@text, ""找医生"")] and //*[contains(@text, ""按疾病"")] and //*[contains(@text, ""按科室"")  ] ''']}"
cailianshe_0,cailianshe,cailianshe_8.6.2.apk,财联社,com.lanjinger.choiassociatedpress/.main.LaunchActivity,在财联社中查看我的钱包,我的,easy,4,"{""xpath"": ['''//*[contains(@text, ""我的钱包"") and contains(@resource-id, ""id/my_money_tv"") and bbox_contains_point(@bounds,$point) ]''']}"
cailianshe_1,cailianshe,cailianshe_8.6.2.apk,财联社,com.lanjinger.choiassociatedpress/.main.LaunchActivity,帮我播报财联社中的最新电报,频道,easy,4,"{""xpath"": ['''//*[contains(@text, ""电报"")] and //*[contains(@resource-id, ""iv_tele_play"") and bbox_contains_point(@bounds,$point) ]''']}"
cailianshe_2,cailianshe,cailianshe_8.6.2.apk,财联社,com.lanjinger.choiassociatedpress/.main.LaunchActivity,帮我在财联社中查看北交所的跌幅榜,搜索,medium,5,"{""xpath"": ['''//*[contains(@text, ""跌幅榜"") and @selected=""true""]  and //*[contains(@text, ""北交所"") and @selected=""true""]  ''']}"
cailianshe_3,cailianshe,cailianshe_8.6.2.apk,财联社,com.lanjinger.choiassociatedpress/.main.LaunchActivity,帮我查看财联社最新的月度金股,频道,easy,4,"{""xpath"": ['''//*[contains(@text, ""月度金股"") and contains(@resource-id, ""id/navbar_title_text"")] ''']}"
cailianshe_4,cailianshe,cailianshe_8.6.2.apk,财联社,com.lanjinger.choiassociatedpress/.main.LaunchActivity,查看财联社中的环球热门话题榜,频道,easy,4,"{""xpath"": ['''//*[contains(@text, ""环球"") and bbox_contains_point(@bounds,$point) ]''']}"
creditcard_0,creditcard,creditcard_6.2.9.apk,邮储信用卡,com.yitong.mbank.psbc.creditcard/.launch.LaunchActivity,在邮储信用卡里查看热门好物榜,频道,easy,4,"{""xpath"": ['''//*[contains(@text, ""热门好物"") and bbox_contains_point(@bounds,$point) ]''']}"
creditcard_1,creditcard,creditcard_6.2.9.apk,邮储信用卡,com.yitong.mbank.psbc.creditcard/.launch.LaunchActivity,在邮储信用卡里查一下本地特惠,频道,easy,3,"{""xpath"": ['''//*[contains(@text, ""本地专属"")]  and //*[contains(@text, ""更多城市专属"") ]''']}"
creditcard_2,creditcard,creditcard_6.2.9.apk,邮储信用卡,com.yitong.mbank.psbc.creditcard/.launch.LaunchActivity,查看一下邮储信用卡的出行省活动,搜索,easy,4,"{""xpath"": ['''//*[contains(@resource-id, ""id/iv_tab1"") and bbox_contains_point(@bounds,$point) and (child::*[contains(@text, ""出行省"") and contains(@resource-id, ""id/tv_unSelected"")  ])] '''  ]}"
creditcard_3,creditcard,creditcard_6.2.9.apk,邮储信用卡,com.yitong.mbank.psbc.creditcard/.launch.LaunchActivity,用邮储信用卡查一下超值兑的全部商品,搜索,easy,4,"{""xpath"": ['''//*[contains(@text, ""全部商品"") and bbox_contains_point(@bounds,$point) and preceding-sibling::*[contains(@resource-id, ""超值兑"")] ]''']}"
creditcard_4,creditcard,creditcard_6.2.9.apk,邮储信用卡,com.yitong.mbank.psbc.creditcard/.launch.LaunchActivity,在邮储信用卡中更换一次主题,设置,medium,4,"{""xpath"": ['''//*[contains(@text, ""主题中心"") and contains(@resource-id, ""id/tv_title"")] and //*[contains(@text, ""使用"") and bbox_contains_point(@bounds,$point) ]''']}###{""xpath"": ['''//*[contains(@text, ""一键换肤"") and contains(@resource-id, ""id/tv_change_skin"") and bbox_contains_point(@bounds,$point) ]''']}"
gszq_0,gszq,gszq_9.09.000.apk,国盛通,com.hundsun.stockwinner.gszq/com.tztzf.app.base.tztZFHeadPageActivity,我想看国盛通中四川长虹的资讯,搜索,medium,5,"{""xpath"": ['''//*[contains(@text, ""资讯"") and (bbox_contains_point(@bounds,$point) or contains(@resource-id, ""tv_search_title"") ) ]''', '''//*[contains(@resource-id, ""ll_search"")  and bbox_contains_point(@bounds,$point) and (child::*[contains(@text, ""四川长虹"")])]''']}"
gszq_1,gszq,gszq_9.09.000.apk,国盛通,com.hundsun.stockwinner.gszq/com.tztzf.app.base.tztZFHeadPageActivity,查看我在国盛通中关注的栏目发布的最新资讯,我的,medium,5,"{""xpath"": ['''//*[contains(@text, ""已关注"") and contains(@resource-id, ""attentionButton"")]  and //*[contains(@text, ""栏目详情"")] ''']}###{""xpath"": ['''//*[contains(@text, ""关注更多"")]  and //*[contains(@text, ""我的关注"")] ''']}"
gszq_2,gszq,gszq_9.09.000.apk,国盛通,com.hundsun.stockwinner.gszq/com.tztzf.app.base.tztZFHeadPageActivity,我想看国盛通中的盛头条,频道,easy,3,"{""xpath"": ['''//*[contains(@class, ""view.View"")  and bbox_contains_point(@bounds,$point) and (child::*[contains(@text, ""盛头条"")])]''' ]}"
gszq_3,gszq,gszq_9.09.000.apk,国盛通,com.hundsun.stockwinner.gszq/com.tztzf.app.base.tztZFHeadPageActivity,我想看国盛通中小米集团的行情,搜索,medium,5,"{""xpath"": ['''//*[contains(@text, ""小米集团"") and following-sibling::*[contains(@text, ""开市"") or contains(@text, ""闭市"") ] ] and //*[contains(@resource-id, ""id/tztzf_header_title_view_id"") ]''']}"
gszq_4,gszq,gszq_9.09.000.apk,国盛通,com.hundsun.stockwinner.gszq/com.tztzf.app.base.tztZFHeadPageActivity,在国盛通里看一下大盘指数,频道,easy,4,"{""xpath"": ['''//*[contains(@text, ""大盘指数"")]  and //*[contains(@text, ""名称代码"") and contains(@resource-id, ""id/tztzf_stock_name_tv"") and parent::*[contains(@resource-id, ""id/tztzf_stockinfo_root_view"")] ] and //*[contains(@resource-id, ""id/tztzf_right_canvas"") ]''']}"
