task_identifier,task_app,apk,task_app_CHN,adb_home_page,goal,functional_point,difficulty_level,golden_steps,key_nodes,Reset,reset_steps,reset_query,reset_xpath
idxyer_0,idxyer,idxyer_10.3.0.apk,丁香园,cn.dxy.idxyer/.biz.startup.StartupActivity,帮我在丁香园关闭“截屏后提示分享”,设置,medium,6,"{""xpath"": ['''//*[@checkable=""true"" and @checked=""false"" and (preceding-sibling::*[contains(@text, ""截屏后提示分享"")])]''']}",Need,6,帮我在丁香园打开“截屏后提示分享”。步骤如下：1. 打开丁香园，点击首页右下角的“我的”按钮，进入个人中心页面。 2. 点击页面右上角的齿轮状的设置按钮，进入设置界面。3. 在设置页面里面，观察“截屏后提示分享”右侧的滑块，点击滑块让它处于开启状态，完成任务。按照以上步骤打开截屏后提示分享。,"{""xpath"": ['''//*[@checkable=""true"" and @checked=""true"" and (preceding-sibling::*[contains(@text, ""截屏后提示分享"")])]''']}"
idxyer_2,idxyer,idxyer_10.3.0.apk,丁香园,cn.dxy.idxyer/.biz.startup.StartupActivity,帮我查看丁香园的骨科最新指南,搜索,easy,5,"{""xpath"": ['''//*[contains(@text, ""骨科"") and contains(@resource-id, ""id/searchInputMet"")] and //*[contains(@text, ""指南"") and contains(@class, ""TextView"")] ''']}###{""xpath"": ['''//*[contains(@content-desc, ""骨科"")  and bbox_contains_point(@bounds,$point) ] and //*[contains(@content-desc, ""指南"") and contains(@class, ""ImageView"")] ''']}",Search,5,去丁香园清除搜索记录。步骤如下：1. 打开丁香园，点击首页顶部的搜索框。2.在搜索页中的搜索记录那一栏右侧有一个垃圾桶按钮，这代表着清空搜索记录，点击这个垃圾桶按钮。如果没有搜索记录那一栏，视为任务完成。 按照以上步骤清空搜索历史,"{""xpath"": [ '''//*[contains(@resource-id, ""id/ivSearchHistoryDelete"") and bbox_contains_point(@bounds,$point) ] ''' ]}###{""xpath"": [''' //*[ contains(@class, ""EditText"") and contains(@resource-id, ""id/searchInputMet"") ] and not(//*[contains(@text, ""搜索记录"")] ) ''' ]}"
keep_0,keep,keep_8.5.30.apk,Keep,com.gotokeep.keep/.splash.SplashActivity,在Keep中打开计划搜索户外跑,搜索,easy,6,"{""xpath"": ['''//*[contains(@text, ""计划"") and bbox_contains_point(@bounds,$point)] ''', '''//*[contains(@text, ""户外跑"") and contains(@class, ""EditText"") and contains(@resource-id, ""editText_search_bar"")] ''']}",Search,6,去Keep清除搜索历史。步骤如下：1. 打开Keep，点击首页顶部的搜索框或搜索按钮。2.在搜索页中的搜索记录那一栏右侧有一个垃圾桶形状的清除按钮，这代表着清空搜索历史。 点击这个垃圾桶按钮。3. 在弹出的“是否清除全部搜索记录”的弹窗中，点击“清除”按钮。如果没有搜索记录那一栏，视为任务完成。 按照以上步骤清空搜索历史,"{""xpath"": [ '''//*[contains(@text, ""清除全部搜索记录"")] and //*[contains(@text, ""清除"") and bbox_contains_point(@bounds,$point) ] ''' ]} ###{""xpath"": [''' //*[ contains(@resource-id, ""editText_search_bar"") ]  and //*[contains(@text, ""搜索发现"")] and not(//*[contains(@text, ""搜索记录"")] ) ''' ]}"
dongqiudi_0,dongqiudi,dongqiudi_8.4.2.apk,懂球帝,com.dongqiudi.news/.BaseSplashActivity,在懂球帝查询世界杯赛程,搜索,easy,5,"{""xpath"": ['''//*[contains(@text, ""世界杯赛程"") and contains(@resource-id, ""id/search_edit"")]''']}",Search,5,去懂球帝清除搜索历史。步骤如下：1. 打开懂球帝，点击首页顶部的搜索框。2.在搜索页中的搜索历史那一栏右侧有一个垃圾桶按钮，这代表着清空搜索历史。 点击这个垃圾桶按钮。3. 在弹出的“确认清除所有搜索记录”的弹窗中，点击“清除”按钮。如果没有搜索历史那一栏，视为任务完成。 按照以上步骤清空搜索历史,"{""xpath"": [ '''//*[contains(@text, ""清除所有搜索记录"")] and //*[contains(@text, ""清除"") and bbox_contains_point(@bounds,$point) ] ''' ]} ###{""xpath"": [''' //*[ contains(@resource-id, ""search_edit"") ]  and //*[contains(@text, ""搜索"") and contains(@resource-id, ""id/search_btn"")] and not(//*[contains(@text, ""搜索历史"")] ) ''' ]}"
dongqiudi_3,dongqiudi,dongqiudi_8.4.2.apk,懂球帝,com.dongqiudi.news/.BaseSplashActivity,在懂球帝将我的主队设置为英超阿森纳,频道,hard,8,"{""xpath"": ['''//*[contains(@text, ""主队"") and contains(@resource-id, ""id/lib_title_text"")] and //*[contains(@text, ""阿森纳"")]  ''']}",Need,8,去懂球帝取消我的主队设置。步骤如下：1. 打开懂球帝，点击底部5个按钮中间的那个按钮，是一个图标，位于“比赛”和“发现”按钮中间。这代表我的主队按钮。2.在主队页中，点击右上角的一个三个点的按钮，调出“我的关注”页。3.  在“我的关注”页中，在我的主队那一栏中有一个队伍代表我的主队，点击那个队伍右侧的一个向下箭头，调出下拉菜单。 4. 点击下拉菜单中的“取消关注选项。5. 在弹出的“确认对其所有比赛的关注”的弹窗中，点击“不再关注”按钮。如果进入主队页时，页面中间显示一堆队徽图标和一个“选好了”按钮，或者显示”“你还没有设置最爱球队”，说明我没有设置主队，视为任务完成。 按照以上步骤取消我的主队设置。,"{""xpath"": [ '''//*[contains(@content-desc, ""主队设置"") and contains(@content-desc, ""取消"")] and //*[contains(@content-desc, ""确定"") and bbox_contains_point(@bounds,$point) ] ''' ]} ###{""xpath"": [ '''//*[contains(@content-desc, ""取消对其所有比赛的关注"")] and //*[contains(@content-desc, ""不再关注"") and bbox_contains_point(@bounds,$point) ] ''' ]} ###{""xpath"": ['''  //*[contains(@text, ""你还没有设置最爱球队"")]''' ]}  ###{""xpath"": ['''  //*[contains(@content-desc, ""可将关注的球队设置为主队"")]''' ]}###{""xpath"": ['''//*[contains(@text, ""主队"") and contains(@resource-id, ""id/lib_title_text"")] and //*[contains(@content-desc, ""选好了"")]  ''']}"
dongqiudi_4,dongqiudi,dongqiudi_8.4.2.apk,懂球帝,com.dongqiudi.news/.BaseSplashActivity,去懂球帝设置为深色主题,设置,medium,5,"{""xpath"": ['''//*[contains(@resource-id, ""mode_check_box"") and @checkable=""true"" and @checked=""true""] and //*[contains(@text, ""深色主题"")] ''']}###{""xpath"": ['''//*[contains(@resource-id, ""mode_check_box"") and @checkable=""true"" and @checked=""true""  and bbox_contains_point(@bounds,$point) ] and //*[contains(@text, ""深色主题"")] ''']}",Need,5,去懂球帝关闭深色主题。步骤如下：1. 打开懂球帝，点击首页左上角的头像按钮，进入个人中心页面。 2. 在个人中心页面里面，观察“深色主题”右侧的滑块，点击滑块让它处于关闭状态。，完成任务。按照以上步骤关闭深色主题。,"{""xpath"": ['''//*[contains(@resource-id, ""mode_check_box"") and @checkable=""true"" and @checked=""false""] and //*[contains(@text, ""深色主题"")] ''']}###{""xpath"": ['''//*[contains(@resource-id, ""mode_check_box"") and @checkable=""true"" and @checked=""false""  and bbox_contains_point(@bounds,$point) ] and //*[contains(@text, ""深色主题"")] ''']}"
hupu_1,hupu,hupu_8.0.50.apk,虎扑,com.hupu.games/.main.MainActivity,去虎扑查查去年NBA联赛冠军是谁,搜索,easy,4,"{""xpath"": ['''//*[contains(@text, ""NBA"") and contains(@text, ""冠军"") and contains(@resource-id, ""id/et_search"")]   ''']}",Search,4,去虎扑清除搜索历史。步骤如下：1. 打开虎扑，点击首页顶部的搜索框。2.在搜索页中的搜索历史那一栏右侧有一个垃圾桶按钮，这代表着清空搜索历史。 点击这个垃圾桶按钮。3. 在弹出的“确认删除全部搜索历史”的弹窗中，点击“删除”按钮。如果没有搜索历史那一栏，视为任务完成。 按照以上步骤清空搜索历史,"{""xpath"": [ '''//*[contains(@text, ""确认删除全部搜索历史"")] and //*[contains(@text, ""删除"") and bbox_contains_point(@bounds,$point) ] ''' ]} ###{""xpath"": [''' //*[ contains(@resource-id, ""id/et_search"") ]  and //*[contains(@text, ""都在搜"")] and not(//*[contains(@text, ""搜索记录"")] ) ''' ]}"
hupu_3,hupu,hupu_8.0.50.apk,虎扑,com.hupu.games/.main.MainActivity,去虎扑关闭个性化推荐,设置,hard,6,"{""xpath"": ['''//*[contains(@text, ""个性化推荐"") and (following-sibling::*[contains(@class, ""Switch"") and @checkable=""true"" and @checked=""false"" ]) ] ''']}",Need,6,去虎扑打开个性化推荐。步骤如下：1. 打开虎扑，点击首页右下角的“我的”按钮，进入个人中心页面。 2. 点击页面右上角的螺帽状的设置按钮，进入设置界面。3. 在设置页面里面，点击通用设置按钮。 4. 在通用设置页面里面，观察“个性化推荐”右侧的滑块，点击滑块让它处于开启状态，完成任务。按照以上步骤打开个性化推荐。,"{""xpath"": ['''//*[contains(@text, ""个性化推荐"") and (following-sibling::*[contains(@class, ""Switch"") and @checkable=""true"" and @checked=""true"" ]) ] ''']}"
hupu_4,hupu,hupu_8.0.50.apk,虎扑,com.hupu.games/.main.MainActivity,去虎扑设置我的主队为曼联,设置,hard,9,"{""xpath"": ['''//*[contains(@text, ""曼联"")  and contains(@resource-id, ""id/tvTeamName"") and (following-sibling::*[contains(@resource-id, ""id/ivDelete"")  ]) ] ''']}",Need,9,去虎扑取消我的主队设置。步骤如下：1. 打开虎扑，点击首页右下角的“我的”按钮，进入个人中心页面。 2. 点击页面右上角的螺帽状的设置按钮，进入设置界面。3. 在设置页面里面，点击我的主队按钮。 4. 在主队选择页面里面，观察左下角完成按钮旁边，是否有一个元素框中包含一个主队图标和一个垃圾桶按钮，如果有，说明我的主队已设置，点击那个垃圾桶按钮以取消主队设置。如果左下角灭有垃圾桶按钮，说明我没有设置主队，完成任务。按照以上步骤打开个性化推荐。,"{""xpath"": ['''//*[contains(@resource-id, ""id/ivDelete"")  and bbox_contains_point(../@bounds,$point) ] and //*[contains(@text, ""主队选择"")] ''']}"
kugoumusic_0,kugoumusic,com.kugou.android,酷狗音乐,com.kugou.android/.app.splash.SplashActivity,关闭酷狗音乐的自适应系统深浅色,设置,medium,5,"{""xpath"": ['''//*[contains(@text, ""自适应系统深浅色"")] and //*[contains(@content-desc, ""未选中开关"")]''']}",Need,5,打开酷狗音乐的自适应系统深浅色。步骤如下：1. 打开酷狗音乐，点击首页右下角的“我的”按钮，进入个人中心页面。 2. 点击页面右上角的三条横线的设置按钮，进入设置界面。3. 在设置页面里面，观察“自适应系统深浅色”右侧的滑块，点击滑块让它处于开启状态，完成任务。按照以上步骤打开自适应系统深浅色。,"{""xpath"": ['''//*[contains(@text, ""自适应系统深浅色"")] and //*[contains(@content-desc, ""已选中开关"")]''']}"
kugoumusic_1,kugoumusic,com.kugou.android,酷狗音乐,com.kugou.android/.app.splash.SplashActivity,帮我把酷狗音乐版设置10分钟定时关闭,设置,medium,6,"{""xpath"": ['''//*[contains(@text, ""定时关闭"")]  and //*[contains(@text, ""后，将停止播放"")]  ''']}",Need,6,关闭酷狗音乐的定时关闭设置。步骤如下：1. 打开酷狗音乐，点击首页右下角的“我的”按钮，进入个人中心页面。 2. 点击页面右上角的三条横线的设置按钮，进入设置界面。3. 在设置页面里面，点击“定时关闭”按钮，打开“定时关闭”弹窗。4. 在“定时关闭”弹窗里面，选中“关闭”选项，完成任务。按照以上步骤打开无缝播放。,"{""xpath"": ['''//*[contains(@text, ""定时关闭功能未开启"")]  ''']}"
kugoumusic_2,kugoumusic,com.kugou.android,酷狗音乐,com.kugou.android/.app.splash.SplashActivity,我想听酷狗音乐里毛不易的消愁,搜索,medium,6,"{""xpath"": ['''//*[contains(@text, ""消愁"") and contains(@class, ""EditText"") ] and //*[contains(@text, ""毛不易"") ] ''']}",Search,6,去酷狗音乐清除搜索历史。步骤如下：1. 打开酷狗音乐，点击首页顶部的搜索框。2.在搜索页中的历史搜索那一栏右侧有一个垃圾桶按钮，这代表着清空搜索历史。 点击这个垃圾桶按钮。3. 在展开项目中，点击“全部删除”按钮。 4. 在弹出的“确定清空搜索历史”的弹窗中，点击“确定”按钮。   按照以上步骤清空搜索历史,"{""xpath"": [ '''//*[contains(@text, ""确定清空搜索历史"")] and //*[contains(@text, ""确定"") and bbox_contains_point(@bounds,$point) ] ''' ]} ###{""xpath"": [''' //*[ contains(@class, ""EditText"") ]  and //*[contains(@text, ""猜你想搜"")] and not(//*[contains(@text, ""历史搜索"")] ) ''' ]}"
kugoumusic_3,kugoumusic,com.kugou.android,酷狗音乐,com.kugou.android/.app.splash.SplashActivity,帮我关闭酷狗音乐的无缝播放,设置,hard,8,"{""xpath"": ['''//*[contains(@text, ""无缝播放"")] and //*[contains(@content-desc, ""未选中开关"")] ''']}",Need,8,帮我打开酷狗音乐的无缝播放。步骤如下：1. 打开酷狗音乐，点击首页右下角的“我的”按钮，进入个人中心页面。 2. 点击页面右上角的三条横线的设置按钮，进入设置界面。3. 在设置页面里面，点击“设置”按钮，进入详细的设置页面。4. 在设置页面里面，点击“播放与下载”按钮。5. 观察“无缝播放”右侧的滑块，点击滑块让它处于开启状态，完成任务。按照以上步骤打开无缝播放。,"{""xpath"": ['''//*[contains(@text, ""无缝播放"")] and //*[contains(@content-desc, ""已选中开关"")] ''']}"
qtradio_1,qtradio,qtradio_10.8.7.apk,蜻蜓FM,fm.qingting.qtradio/.WelcomeActivity,帮我看一下蜻蜓FM都有哪些儿童睡前故事,搜索,easy,5,"{""xpath"": ['''//*[contains(@text, ""全部儿童"")]  and //*[contains(@text, ""综合排序"")]   and //*[contains(@text, ""播放最多"")] ''']}",Search,5,去蜻蜓FM清除搜索记录。步骤如下：1. 打开蜻蜓FM，点击首页顶部的搜索框。2.在搜索页中的搜索历史那一栏右侧有一个垃圾桶按钮，这代表着清空搜索记录，点击这个垃圾桶按钮。如果没有搜索历史那一栏，视为任务完成。 按照以上步骤清空搜索历史,"{""xpath"": [ '''//*[contains(@content-desc, ""清除搜索历史记录"") and bbox_contains_point(@bounds,$point) ] ''' ]}###{""xpath"": [''' //*[ contains(@resource-id, ""id/searchKey"") ]  and //*[contains(@text, ""搜索发现"")] and not(//*[contains(@text, ""搜索历史"")] ) ''' ]}"
qqmusic_0,qqmusic,qqmuisc_14.6.0.8.apk,QQ音乐,com.tencent.qqmusic/.activity.AppStarterActivity,在QQ音乐里面播放“别看我只是一只羊”,搜索,easy,5,"{""xpath"": ['''//*[contains(@text, ""别看我只是一只羊"") and contains(@resource-id, ""id/searchItem"") ] and //*[contains(@text, ""杨沛宜"")] ''']}",Search,5,去QQ音乐清除搜索历史。步骤如下：1. 打开QQ音乐，点击首页顶部的搜索框。2.在搜索页中的搜索历史那一栏右侧有一个垃圾桶按钮，这代表着清空搜索记录，点击这个垃圾桶按钮。3. 在展开项目中，点击“全部删除”按钮。 4. 在弹出的“是否清空所有搜索历史”的弹窗中，点击“清空”按钮。  如果没有搜索历史那一栏，视为任务完成。 按照以上步骤清空搜索历史,"{""xpath"": [ '''//*[contains(@text, ""是否清空所有搜索历史"")] and //*[contains(@text, ""清空"") and bbox_contains_point(@bounds,$point) ] ''' ]} ###{""xpath"": [''' //*[ contains(@resource-id, ""id/searchItem"")]  and //*[contains(@text, ""热门搜索"")] and not(//*[contains(@text, ""搜索历史"")] ) ''' ]}"
qqmusic_2,qqmusic,qqmuisc_14.6.0.8.apk,QQ音乐,com.tencent.qqmusic/.activity.AppStarterActivity,在QQ音乐里面查找并关注周杰伦,搜索,hard,7,"{""xpath"": ['''//*[contains(@text, ""已关注歌手"")  ] and //*[contains(@text, ""周杰伦"")]''']}###{""xpath"": ['''//*[contains(@text, ""关注歌手"")  and bbox_contains_point(../@bounds,$point) ] and //*[contains(@text, ""周杰伦"")] ''']}",Need,7,去QQ音乐清除我的关注。步骤如下：1. 打开QQ音乐，点击首页右下角的“我的”按钮，进入个人中心页面。 2. 点击页面中头像右侧的关注按钮，进入关注界面。3. 在关注页面里面，观察歌手选项下是否有“周杰伦”，如果有，点击这个歌手进入它的主页。 4， 在周杰伦的主页里面，点击“已关注歌手”按钮，打开取消关注弹窗。 5. 在在弹出的“取消关注后将无法接收歌手新歌通知”的弹窗中，点击“不再关注”按钮。   按照以上步骤清除我的关注。,"{""xpath"": [ '''//*[contains(@text, ""取消关注后将无法接收歌手新歌通知"")] and //*[contains(@text, ""不再关注"") and bbox_contains_point(@bounds,$point) ] ''' ]} ###{""xpath"": [''' //*[contains(@text, ""关注"")] and //*[contains(@text, ""歌手"")] and //*[contains(@text, ""好友"")] and not(//*[contains(@text, ""周杰伦"")] ) ''' ]}"
qqmusic_4,qqmusic,qqmuisc_14.6.0.8.apk,QQ音乐,com.tencent.qqmusic/.activity.AppStarterActivity,将QQ音乐设置为简洁模式,设置,hard,8,"{""xpath"": ['''//*[contains(@text, ""简洁模式"") and (following-sibling::*[contains(@class, ""CheckBox"") and @checkable=""true"" and @checked=""true"" ]) ] ''']}###{""xpath"": ['''//*[contains(@text, ""简洁模式"") ] and //*[contains(@content-desc, ""模式与自定义"") ] ''']}",Need,8,去QQ音乐将模式设置为默认模式。步骤如下：1. 打开QQ音乐，点击首页右下角的“我的”按钮，进入个人中心页面。 2. 点击页面右上角的设置按钮，进入设置界面。3. 在“更多”的设置页面里面，点击“模式与自定义”按钮。 4.  在模式选择的选项中，选中默认模式。   按照以上步骤将模式设置为默认模式,"{""xpath"": ['''//*[contains(@text, ""默认模式"") and (following-sibling::*[contains(@class, ""CheckBox"") and @checkable=""true"" and @checked=""true"" ]) ] ''']}###{""xpath"": ['''//*[contains(@text, ""默认模式"") ] and //*[contains(@content-desc, ""模式与自定义"") ] ''']}"
migumusic_0,migumusic,migumusic_7.47.0.apk,咪咕音乐,cmccwm.mobilemusic/.ui.SplashActivity,在咪咕音乐播放蜗牛与黄鹂鸟,搜索,easy,5,"{""xpath"": ['''//*[contains(@text, ""蜗牛与黄鹂鸟"") and contains(@resource-id, ""id/edt_search_input"")] ''']}",Search,5,去咪咕音乐清除最近搜索。步骤如下：1. 打开咪咕音乐，点击首页顶部的搜索框。2.在搜索页中的最近搜索那一栏右侧有一个垃圾桶按钮，这代表着清空搜索记录，点击这个垃圾桶按钮。3. 在展开项目中，点击“全部删除”按钮。 4. 在弹出的“确定清空全部历史记录”的弹窗中，点击“确定”按钮。如果没有最近搜索那一栏，视为任务完成。   按照以上步骤清除最近搜索,"{""xpath"": [ '''//*[contains(@text, ""确定清空全部历史记录"")] and //*[contains(@text, ""确定"") and bbox_contains_point(@bounds,$point) ] ''' ]} ###{""xpath"": [''' //*[ contains(@resource-id, ""id/search_page_search_txt"") ] and //*[contains(@text, ""猜你想搜"")] and not(//*[contains(@text, ""最近搜索"")] ) ''' ]}"
migumusic_4,migumusic,migumusic_7.47.0.apk,咪咕音乐,cmccwm.mobilemusic/.ui.SplashActivity,去咪咕音乐设置音乐缓存上限为500MB,设置,hard,9,"{""xpath"": ['''//*[contains(@text, ""500MB"") and (following-sibling::*[contains(@resource-id, ""local_cache_500mb"") ]) ] and //*[contains(@text, ""设置音乐缓存上限"") and contains(@resource-id, ""topbar_title"")]  ''']}###{""xpath"": ['''//*[contains(@text, ""设置音乐缓存上限"") and contains(@resource-id, ""item_name"")]  and //*[contains(@text, ""500MB"") and contains(@resource-id, ""item_des"")]   ''']}",Need,9,去咪咕音乐设置音乐缓存上限为200MB。步骤如下：1. 打开咪咕音乐，点击首页右下角的“我的”按钮，进入个人中心页面。 2. 点击页面左上角的三条横线形状的设置按钮，进入设置界面。3. 在展开的设置菜单里面，点击左下角的“设置”按钮。 4. 持续向“up”方向滑动，直到露出“设置音乐缓存上限”选项。5. 点击“设置音乐缓存上限”选项。 6. 在选项中，选中200MB。   按照以上步骤设置音乐缓存上限为200MB,"{""xpath"": ['''//*[contains(@text, ""200MB"") and (following-sibling::*[contains(@resource-id, ""local_cache_200mb"") ]) ] and //*[contains(@text, ""设置音乐缓存上限"") and contains(@resource-id, ""topbar_title"")]  ''']}###{""xpath"": ['''//*[contains(@text, ""设置音乐缓存上限"") and contains(@resource-id, ""item_name"")]  and //*[contains(@text, ""200MB"") and contains(@resource-id, ""item_des"")]   ''']}"
theater_0,theater,theater_2.7.1.2.apk,喜番免费短剧,com.kwai.theater/.api.component.HomeActivity,在喜番免费短剧中播放《传奇》第2集,搜索,medium,7,"{""xpath"": ['''//*[@text=""传奇"" and contains(@class, ""EditText"")] and //*[contains(@resource-id, ""item_root"") and bbox_contains_point(@bounds,$point) and (descendant::*[@text=""传奇"" and contains(@resource-id, ""title_name"")])]''', '''//*[contains(@text, ""第2集"") and contains(@resource-id, ""bottom_content"")] '''   ]}",Search,7,去喜番免费短剧清除搜索历史。步骤如下：1. 打开喜番免费短剧，点击首页右上角的搜索框。2.在搜索页中的历史搜索那一栏右侧有一个垃圾桶按钮，这代表着清空搜索记录，点击这个垃圾桶按钮。3. 在展开项目中，点击“全部删除”按钮。 4. 在弹出的“确认删除全部搜索记录”的弹窗中，点击“确定”按钮。如果没有搜索历史那一栏，视为任务完成。   按照以上步骤清空搜索历史,"{""xpath"": [ '''//*[contains(@text, ""确认删除全部搜索记录"")] and //*[contains(@text, ""确定"") and bbox_contains_point(@bounds,$point) ] ''' ]} ###{""xpath"": [''' //*[ contains(@resource-id, ""id/search_edit_text_view"") ] and //*[contains(@text, ""猜你想搜"")] and not(//*[contains(@text, ""历史搜索"")] ) ''' ]}"
xiguavideo_3,xiguavideo,xiguavideo_9.6.4.apk,西瓜视频,com.ss.android.article.video/.activity.SplashActivity,在西瓜视频里面播放英雄本色,搜索,medium,6,"{""xpath"": ['''//*[contains(@text, ""英雄本色"") and contains(@content-desc, ""搜索框"")] ''']}###{""xpath"": ['''//*[contains(@text, ""英雄本色"")] and //*[contains(@text, ""暂停"")] and //*[contains(@text, ""播放"")] ''']}",Search,6,去西瓜视频清除搜索历史。步骤如下：1. 打开西瓜视频，点击首页顶部的搜索框。2.在搜索页中的搜索历史那一栏右侧有一个垃圾桶按钮，这代表着清空搜索记录，点击这个垃圾桶按钮。3. 在展开项目中，点击“全部删除”按钮。 4. 在弹出的“是否删除全部搜索历史”的弹窗中，点击“清空”按钮。如果没有搜索历史那一栏，视为任务完成。按照以上步骤清空搜索历史,"{""xpath"": [ '''//*[contains(@text, ""是否删除全部搜索历史"")] and //*[contains(@text, ""确定"") and bbox_contains_point(@bounds,$point) ] ''' ]} ###{""xpath"": [''' //*[ contains(@content-desc, ""搜索框"")] and //*[contains(@text, ""猜你想搜"")] and not(//*[contains(@text, ""历史搜索"")] ) ''' ]}"
tencentvedio_0,tencentvedio,tencentvedio_9.01.60.30228.apk,腾讯视频,com.tencent.qqlive/.ona.activity.SplashHomeActivity,去腾讯视频播放葫芦兄弟,搜索,medium,6,"{""xpath"": ['''//*[contains(@text, ""葫芦兄弟"")] and //*[contains(@text, ""推荐"")] and //*[contains(@text, ""选集"")] ''']}",Search,6,去腾讯视频清除搜索历史。步骤如下：1. 打开腾讯视频，点击首页顶部的搜索框。2.在搜索页中的历史那一栏右侧有一个垃圾桶按钮，这代表着清空搜索记录，点击这个垃圾桶按钮。如果没有搜索历史那一栏，视为任务完成。 按照以上步骤清空搜索历史,"{""xpath"": [ '''//*[contains(@content-desc, ""删除历史按钮"") and bbox_contains_point(@bounds,$point) ] ''' ]}###{""xpath"": [''' //*[ contains(@class, ""EditText"")] and //*[contains(@text, ""榜单"")] and //*[contains(@text, ""找片"")] and not (//*[contains(@content-desc, ""删除历史按钮"")] ) ''' ]}"
tencentvedio_3,tencentvedio,tencentvedio_9.01.60.30228.apk,腾讯视频,com.tencent.qqlive/.ona.activity.SplashHomeActivity,去腾讯视频设置自动跳过片头片尾,设置,hard,6,"{""xpath"": ['''//*[contains(@content-desc, ""自动跳过片头片尾,，切换按钮打开"") ] and //*[contains(@content-desc, ""播放设置 , 导航栏"") ]''']}",Need,6,去腾讯视频关闭设置自动跳过片头片尾。步骤如下：1. 打开腾讯视频，点击首页右下角的“个人中心”按钮，进入个人中心页面。 2. 点击页面右上角的螺帽状的设置按钮，进入设置界面。3. 在设置页面里面，点击“播放设置”按钮。 4.  在播放设置的选项中，观察“自动跳过片头片尾”右侧的滑块是否处于关闭状态，点击滑块让它处于关闭状态，完成任务。按照以上步骤关闭设置自动跳过片头片尾。,"{""xpath"": ['''//*[contains(@content-desc, ""自动跳过片头片尾,，切换按钮关闭"") ] and //*[contains(@content-desc, ""播放设置 , 导航栏"") ]''']}"
yangcong345_4,yangcong345,yangcong_7.87.0.apk,洋葱学园,com.yangcong345.android.phone/com.yangcong345.main.phone.splash.SplashActivity,在洋葱学园中查看二元一次方程组这个知识点,搜索,medium,6,"{""xpath"": ['''//*[contains(@text, ""二元一次"") and contains(@text, ""方程"") and contains(@class, ""EditText"")] ''']}",Search,6,去洋葱学园清除提问历史。步骤如下：1. 打开洋葱学园，点击首页顶部的搜索框。2.在搜索页中的提问历史那一栏右侧有一个垃圾桶按钮，这代表着清空搜索记录，点击这个垃圾桶按钮。3. 在在弹出的“确定要删除全部的搜索记录吗”的弹窗中，点击“删除”按钮。如果没有提问历史那一栏，视为任务完成。   按照以上步骤清除提问历史,"{""xpath"": [ ''' //*[contains(@text, ""delete"") and bbox_contains_point(@bounds,$point) ] ''' ]} ###{""xpath"": [''' //*[ contains(@resource-id, ""HeaderSearch"") ] and //*[contains(@text, ""同学都在问"")] and not(//*[contains(@text, ""提问历史"")] ) ''' ]}"
xunfeiai_3,xunfeiai,xunfeiai_3.0.4.apk,讯飞AI学,com.iflytek.aistudyclient.parentcontrol/.MainActivity,打开讯飞AI学中“口算批改”功能,频道,easy,3,"{""xpath"": [ '''//*[contains(@content-desc, ""口算批改"") and bbox_contains_point(@bounds,$point) ]''']}",Search,5,去讯飞AI学清除搜索历史。步骤如下：1. 打开讯飞AI学，点击首页顶部的搜索框。2.在搜索页中的搜索历史那一栏右侧有一个垃圾桶按钮，这代表着清空搜索记录，点击这个垃圾桶按钮。3.  在弹出的“清除全部搜索历史”的弹窗中，点击“清除”按钮。如果没有搜索历史那一栏，视为任务完成。   按照以上步骤清除搜索历史,"{""xpath"": [ '''//*[contains(@content-desc, ""清除全部搜索历史"")] and //*[contains(@content-desc, ""清除"") and bbox_contains_point(@bounds,$point) ] ''' ]}  ###{""xpath"": [''' //*[ contains(@class, ""EditText"") ]  and //*[contains(@content-desc, ""搜索"")] and not(//*[contains(@content-desc, ""搜索历史"")] ) ''' ]}"
zuoyebang_0,zuoyebang,zuoyebang_14.30.0.apk,作业帮,com.baidu.homework/.activity.init.InitActivity,去作业帮查找“中考作文感恩”,搜索,easy,5,"{""xpath"": ['''//*[contains(@text, ""中考"") and contains(@text, ""作文"") and contains(@text, ""感恩"") and contains(@class, ""EditText"")] ''']}",Search,5,去作业帮清除搜索历史。步骤如下：1. 打开作业帮，点击首页顶部的搜索框。2.在搜索页中的搜索历史那一栏右侧有一个垃圾桶按钮，这代表着清空搜索记录，点击这个垃圾桶按钮。 按照以上步骤清除搜索历史,"{""xpath"": [''' //*[ contains(@class, ""EditText"") ]  and //*[contains(@text, ""搜索发现"")] and not(//*[contains(@text, ""搜索历史"")] ) ''' ]}"
zuoyebang_4,zuoyebang,zuoyebang_14.30.0.apk,作业帮,com.baidu.homework/.activity.init.InitActivity,去作业帮将我的地区和年级设置为合肥市初一,我的,hard,9,"{""xpath"": ['''//*[contains(@text, ""合肥市"") and contains(@class, ""TextView"")] and //*[contains(@text, ""初一"") and contains(@class, ""TextView"")] ''']}",Need,9,去作业帮将我的地区和年级设置为北京市新五年级。步骤如下：1. 打开作业帮，点击首页左上角的年级和地区按钮，在头像的右侧。2. 展开的弹窗中，选择年级，设置为“新五年级”。3. 再次点击首页左上角的年级和地区按钮，在头像的右侧。这次是为了设置地区 4. 点击弹窗左上角的地区选择功能，当前显示的是某个市。5. 在展开的选择地区弹窗中，点击页面中部的搜索框 6. 在搜索框中输入北京市 7. 选择北京市选项，完成任务。 按照以上步骤将我的地区和年级设置为北京市新五年级,"{""xpath"": ['''//*[contains(@text, ""北京市"") and contains(@class, ""TextView"")] and //*[contains(@text, ""五年级"") and contains(@class, ""TextView"")] ''']}"
wukong_0,wukong,wukong_13.0.0.apk,悟空浏览器,com.cat.readall/.activity.BrowserMainActivity,在悟空浏览器中查看天气预报,搜索,easy,4,"{""xpath"": ['''//*[contains(@text, ""天气"") and contains(@text, ""搜索"")] ''']}",Search,5,去悟空浏览器清除搜索历史。步骤如下：1. 打开悟空浏览器，点击首页顶部的搜索框。2.在搜索页中的搜索历史那一栏右侧有一个垃圾桶按钮，这代表着清空搜索记录，点击这个垃圾桶按钮。3. 在展开项目中，点击“全部删除”按钮。 4. 在弹出的“是否清空搜索历史”的弹窗中，点击“确定”按钮。如果没有搜索历史那一栏，视为任务完成。按照以上步骤清空搜索历史,"{""xpath"": [ '''//*[contains(@text, ""是否清空搜索历史"")] and //*[contains(@text, ""确定"") and bbox_contains_point(@bounds,$point) ] ''' ]} ###{""xpath"": [''' //*[ contains(@text,  ""搜索框"")] and //*[contains(@text, ""猜你想搜"")] and not(//*[contains(@text, ""搜索历史"")] ) ''' ]}"
icredit_2,icredit,icredit_19.2.0.apk,企查查,com.android.icredit/.ui.SplashActivity,在企查查的查看腾讯的股东信息,搜索,hard,9,"{""xpath"": [ '''//*[contains(@text, ""腾讯"") and contains(@class, ""EditText"")] ''' ,  '''//*[@text=""股东信息"" and following-sibling::*[contains(@text, ""历史股东信息"")] ]''']}###{""xpath"": [ '''//*[contains(@text, ""腾讯"") and contains(@class, ""EditText"")] ''' , '''//*[@text=""股东""] and //*[@text=""人员""]''']}",Search,6,去企查查清空搜索历史。步骤如下：1. 打开企查查，点击首页顶部的搜索框。2.在搜索页中的搜索历史那一栏右侧有一个垃圾桶按钮，这代表着清空搜索记录，点击这个垃圾桶按钮。3. 在展开项目中，点击“删除全部”按钮。 4. 在弹出的“确定要删除全部搜索历史”的弹窗中，点击“删除”按钮。如果没有搜索历史那一栏，视为任务完成。按照以上步骤清空搜索历史,"{""xpath"": [ '''//*[contains(@text, ""确定要删除全部搜索历史"")] and //*[contains(@text, ""删除"") and bbox_contains_point(@bounds,$point) ] ''' ]} ###{""xpath"": [''' //*[ contains(@class, ""EditText"") ] and //*[contains(@text, ""浏览历史"")] and not(//*[contains(@text, ""搜索历史"")] ) ''' ]}"
workschedule_0,workschedule,workschedule_2.0.91.apk,排班日历,com.julanling.workschedule/com.workschedule.SplashActivity,在排班日历中设置当天19点的白班轮班闹钟,频道,hard,10,"{""xpath"": ['''//*[contains(@text, ""当天"")] and //*[contains(@text, ""班次"") and contains(@text, ""白班"")] and //*[contains(@content-desc, ""保存"") and bbox_contains_point(@bounds,$point)]''','''//*[contains(@text, ""19:00"") and contains(@text, ""白班"")] ''']}",Need,5,去排班日历删除一个闹钟。步骤如下：1. 打开排班日历，点击首页底部菜单中的闹钟按钮。2.在闹钟页中选择第一个闹钟并点击，进入编辑闹钟页面。3. 点击左下角的删除按钮，任务完成。按照以上步骤删除一个闹钟,"{""xpath"": [ '''//*[contains(@text, ""编辑闹钟"")] and //*[contains(@text, ""删除"") and bbox_contains_point(@bounds,$point) ] ''' ]} ###{""xpath"": [''' //*[ contains(@text, ""闹钟"")  and @selected=""true"" ]   and not (//*[contains(@text, ""暂无该班次"")] ) ''' ]}"
workschedule_1,workschedule,workschedule_2.0.91.apk,排班日历,com.julanling.workschedule/com.workschedule.SplashActivity,关闭排班日历中的班次推送提醒,设置,easy,4,"{""xpath"": ['''//*[@checkable=""true"" and @checked=""false"" and (parent::*[contains(@text, ""班次推送提醒"")])]''']}",Need,5,打开排班日历中的班次推送提醒。步骤如下：1. 打开排班日历，点击首页右下角菜单中的“我的”按钮。2.在“我的”页中点击设置按钮。3. 在设置页面里面，观察“班次推送提醒”右侧的滑块是否打开，点击滑块让它处于开启状态，完成任务。按照以上步骤打开排班日历中的班次推送提醒。,"{""xpath"": ['''//*[@checkable=""true"" and @checked=""true"" and (parent::*[contains(@text, ""班次推送提醒"")])]''']}"
workschedule_2,workschedule,workschedule_2.0.91.apk,排班日历,com.julanling.workschedule/com.workschedule.SplashActivity,在排班日历中将周一设置为每周首日,设置,medium,5,"{""xpath"": ['''//*[@checkable=""true"" and @checked=""true"" and (parent::*[contains(@text, ""周一为每周首日"")])]''']}",Need,6,在排班日历中将关闭“周一为每周首日”的设置。步骤如下：1. 打开排班日历，点击首页右下角菜单中的“我的”按钮。2.在“我的”页中点击设置按钮。3. 在设置页面里面，点击日历显示设置按钮。 4. 观察“周一为每周首日”右侧的滑块，点击滑块让它处于关闭状态，完成任务。按照以上步骤关闭“周一为每周首日”的设置。,"{""xpath"": ['''//*[@checkable=""true"" and @checked=""false"" and (parent::*[contains(@text, ""周一为每周首日"")])]''']}"
workschedule_4,workschedule,workschedule_2.0.91.apk,排班日历,com.julanling.workschedule/com.workschedule.SplashActivity,在排班日历中设置工作日早上9点的闹铃,频道,hard,12,"{""xpath"": [ '''//*[contains(@text, ""普通闹钟"")  and bbox_contains_point(@bounds,$point) ] '''  , '''//*[contains(@text, ""工作日"")  and bbox_contains_point(@bounds,$point) ] '''  , '''//*[contains(@content-desc, ""保存"") and bbox_contains_point(@bounds,$point)]''']}",Need,5,去排班日历删除一个闹钟。步骤如下：1. 打开排班日历，点击首页底部菜单中的闹钟按钮。2.在闹钟页中选择第一个闹钟并点击，进入编辑闹钟页面。3. 点击左下角的删除按钮，任务完成。按照以上步骤删除一个闹钟,"{""xpath"": [ '''//*[contains(@text, ""编辑闹钟"")] and //*[contains(@text, ""删除"") and bbox_contains_point(@bounds,$point) ] ''' ]} ###{""xpath"": [''' //*[ contains(@class, ""闹钟"")  and @selected=""true"" ]   and not (//*[contains(@text, ""暂无该班次"")] ) ''' ]}"
kdweibo_2,kdweibo,kdweibo_10.8.12.apk,云之家,com.kdweibo.client/com.kdweibo.android.ui.activity.StartActivity,帮我修改云之家的工作状态为忙碌中,设置,medium,5,"{""xpath"": ['''//*[contains(@class, ""LinearLayout"")  and bbox_contains_point(@bounds,$point) and (child::*[contains(@text, ""忙碌中"") and contains(@resource-id, ""id/contact_status_item_content"") ])]''']}",Need,5,将云之家的工作状态设置为出差中。步骤如下：1. 打开云之家，点击首页左上角的账号头像。2.在账号页中间有一个工作状态栏，位于“我的客服”上方，头像和用户名称下方，通常显示的是“添加你的工作状态”或者是“忙碌中”等，点击这个工作状态栏。3. 在工作状态栏中选择状态为无，任务完成。按照以上步骤将工作状态设置为出差中,"{""xpath"": ['''//*[contains(@class, ""LinearLayout"")  and bbox_contains_point(@bounds,$point) and (child::*[contains(@text, ""无"") and contains(@resource-id, ""id/contact_status_item_content"") ])]''']}###{""xpath"": [''' //*[ contains(@text, ""添加你的工作状态"")  and contains(@resource-id, ""id/mefragment_status_tv_content"") ]  ''' ]}"
mobilemcloud_1,mobilemcloud,mobilemcloud_12.1.0.apk,中国移动云盘,com.chinamobile.mcloud/.client.ui.logo.LogoActivity,我想在中国移动云盘上看《夺嫡》这本书，请帮我打开,搜索,medium,6,"{""xpath"": ['''//*[contains(@text, ""详情"") and contains(@resource-id, ""tv_small_routine_title_left"")]  and //*[contains(@text, ""夺嫡"")] and //*[contains(@text, ""开始阅读"")] ''']}",Search,6,去中国移动云盘清空搜索历史。步骤如下：1. 打开中国移动云盘，点击首页顶部的搜索框。2.在搜索页中的最近在搜那一栏右侧有一个垃圾桶按钮，这代表着清空搜索记录，点击这个垃圾桶按钮。3.  在弹出的“是否删除所有搜索历史记录”的弹窗中，点击“确认”按钮。如果没有搜索历史那一栏，视为任务完成。按照以上步骤清空搜索历史,"{""xpath"": [ '''//*[contains(@text, ""是否删除所有搜索历史记录"")] and //*[contains(@text, ""确认"") and bbox_contains_point(@bounds,$point) ] ''' ]} ###{""xpath"": [''' //*[ contains(@class, ""EditText"") ] and //*[contains(@text, ""搜索指定类型"")] and not(//*[contains(@text, ""最近在搜"")] ) ''' ]}"
camscanner_1,camscanner,camscanner_6.91.5.apk,扫描全能王,com.intsig.camscanner/.mainmenu.mainactivity.MainActivity,帮我打开扫描全能王的新消息通知,消息,hard,8,"{""xpath"": ['''//*[contains(@resource-id, ""id/checkbox"") and @checkable=""true"" and @checked=""true"" and preceding-sibling::*[contains(@text, ""新消息通知"")] ]''']}",Need,8,关闭扫描全能王的新消息通知。步骤如下：1. 打开扫描全能王，点击首页右下角的“我的”按钮，进入个人中心页面。 2. 持续向“up”方向滑动，直到露出“更多设置”选项。3. 点击“更多设置”选项。 4. 在“更多设置”选项中，选中消息设置。5. 观察“新消息通知”右侧的滑块，点击滑块让它处于关闭状态，完成任务。按照以上步骤关闭扫描全能王的新消息通知,"{""xpath"": ['''//*[contains(@resource-id, ""id/checkbox"") and @checkable=""true"" and @checked=""false"" and preceding-sibling::*[contains(@text, ""新消息通知"")] ]''']}"
camscanner_4,camscanner,camscanner_6.91.5.apk,扫描全能王,com.intsig.camscanner/.mainmenu.mainactivity.MainActivity,在扫描全能王中将最近一个文档重命名为“临时文档1”,频道,hard,6,"{""xpath"": ['''//*[contains(@text, ""临时文档1"") and contains(@resource-id, ""id/tv_edit_doc_title"")] and //*[contains(@resource-id, ""id/tvConfirm"") and bbox_contains_point(@bounds,$point) ] ''']}",Need,6,在扫描全能王中将最近一个文档重命名为“文档A”。步骤如下：1. 打开扫描全能王，点击页面中部“最近文档”栏中的第一个文档，进入文档页面。 2. 点击页面顶部左侧的文档标题，重命名这个文档。3. 在文档标题弹窗中，输入“文档A”。 4. 点击确定按钮为文档重命名，完成任务。按照以上步骤将最近一个文档重命名为“文档A”,"{""xpath"": ['''//*[contains(@text, ""文档A"") and contains(@resource-id, ""id/tv_edit_doc_title"")]  ''']}"
fcatfreader_2,fcatfreader,fcatfreader_7.76.apk,七猫免费小说,com.kmxs.reader/com.km.app.home.view.LoadingActivity,去七猫免费小说关闭音量键翻页,设置,hard,6,"{""xpath"": ['''//*[contains(@text, ""音量键翻页"") and (following-sibling::*[contains(@class, ""Button"") and @checkable=""true"" and @checked=""false"" ]) ] ''']}",Need,6,去七猫免费小说打开音量键翻页。步骤如下：1. 打开七猫免费小说，点击首页右下角的“我的”按钮，进入个人中心页面。 2. 点击页面右上角的齿轮状设置按钮，进入设置页。3. 点击“阅读设置”选项。 4. 在“阅读设置”选项中，观察“音量键翻页”右侧的滑块，点击滑块让它处于开启状态，完成任务。按照以上步骤打开音量键翻页,"{""xpath"": ['''//*[contains(@text, ""音量键翻页"") and (following-sibling::*[contains(@class, ""Button"") and @checkable=""true"" and @checked=""true"" ]) ] ''']}"
fcatfreader_3,fcatfreader,fcatfreader_7.76.apk,七猫免费小说,com.kmxs.reader/com.km.app.home.view.LoadingActivity,去七猫免费小说关闭个性化书籍推荐,设置,hard,8,"{""xpath"": ['''//*[contains(@text, ""个性化书籍推荐"")]  and //*[contains(@class, ""Button"") and @checkable=""true"" and @checked=""false"" ] and //*[contains(@text, ""隐私设置"") and contains(@resource-id, ""id/tb_center_name"")] ''']}",Need,7,去七猫免费小说打开个性化书籍推荐。步骤如下：1. 打开七猫免费小说，点击首页右下角的“我的”按钮，进入个人中心页面。 2. 点击页面右上角的齿轮状设置按钮，进入设置页。3. 点击“隐私设置”选项。 4. 在“隐私设置”选项中，观察“个性化书籍推荐”右侧的滑块，点击滑块让它处于开启状态，完成任务。按照以上步骤打开个性化书籍推荐,"{""xpath"": ['''//*[contains(@text, ""个性化书籍推荐"")] and //*[contains(@class, ""Button"") and @checkable=""true"" and @checked=""true"" ] and  //*[contains(@text, ""隐私设置"") and contains(@resource-id, ""id/tb_center_name"")] ''']}"
jinjiang_4,jinjiang,jinjiang_6.6.7.apk,晋江小说阅读,com.jjwxc.reader/.AppPrivacyActivity,去晋江将主题色设置为黑白,设置,hard,8,"{""xpath"": ['''//*[contains(@text, ""主题"") and contains(@resource-id, ""id/btn_main_title"")] and //*[contains(@text, ""黑白"") and @checkable=""true"" and @checked=""true""] ''' ]}",Need,8,去晋江将主题色设为绿色。步骤如下：1. 打开晋江，点击首页右下角的“我的”按钮，进入个人中心页面。 2. 点击页面右上角的齿轮状设置按钮，进入设置页。3. 持续向“up”方向滑动，直到露出“主题色及日间/夜间方案切换”选项。4. 点击“主题色及日间/夜间方案切换”选项。 5. 在“主题效果”选项中，选中第一个绿色按钮，完成任务。按照以上步骤将主题色设为绿色,"{""xpath"": ['''//*[contains(@text, ""个性化书籍推荐"") and (following-sibling::*[contains(@class, ""Button"") and @checkable=""true"" and @checked=""true"" ]) ] and //*[contains(@text, ""隐私设置"") and contains(@resource-id, ""id/tb_center_name"")] ''']}"
qidian_0,qidian,qidian_7.9.417.apk,起点读书-看小说漫画读听书神器,com.qidian.QDReader/.ui.activity.SplashActivity,去起点打开诡秘之主,搜索,easy,6,"{""xpath"": ['''//*[contains(@text, ""诡秘之主"") and contains(@resource-id, ""id/booksview_activity_search_edittext"")]  ''' ]}",Search,6,去起点清空搜索历史。步骤如下：1. 打开起点，点击首页右上角的搜索按钮。2.在搜索页中的搜索历史那一栏右侧有一个垃圾桶按钮，这代表着清空搜索记录，点击这个垃圾桶按钮。3. 在展开项目中，点击“全部删除”按钮。 如果没有搜索历史那一栏，视为任务完成。按照以上步骤清空搜索历史,"{""xpath"": [ '''//*[ contains(@resource-id, ""id/booksview_activity_search_edittext"")]  and //*[contains(@text, ""全部删除"") and bbox_contains_point(@bounds,$point) ] ''' ]} ###{""xpath"": [''' //*[ contains(@resource-id, ""id/booksview_activity_search_edittext"")] and //*[contains(@text, ""搜索"")] and not(//*[contains(@text, ""搜索历史"")] ) ''' ]}"
qidian_1,qidian,qidian_7.9.417.apk,起点读书-看小说漫画读听书神器,com.qidian.QDReader/.ui.activity.SplashActivity,去起点把绍宋加入书架,搜索,easy,6,"{""xpath"": ['''//*[contains(@text, ""绍宋"") and contains(@resource-id, ""id/booksview_activity_search_edittext"")]  ''', '''//*[contains(@text, ""已在书架"") ]  or //*[contains(@text, ""加入书架"") and bbox_contains_point(@bounds,$point) ] '''  ]}",Need,6,去起点清空书架。步骤如下：1. 打开起点，点击书架栏右侧的“管理”按钮。“管理”按钮位于页面中部右侧，在“综合排序”和“筛选”按钮的右边。2.在书架管理页的左下角，有一个可选中的“全选本分组”元素，点击这个元素左侧的圆形确认框，全选这个分组。3. 点击页面右下角的删除按钮。4. 在确认删除的弹窗中，点击“确认删除”按钮。 如果没有搜索历史那一栏，视为任务完成。按照以上步骤清空搜索历史,"{""xpath"": [ '''//*[contains(@text, ""删除已选"")] and //*[contains(@text, ""确认删除"") and bbox_contains_point(@bounds,$point) ] ''' ]} ###{""xpath"": [''' //*[contains(@text, ""所有的作品都分好组"")] and //*[contains(@text, ""书架管理"")]  ''' ]}"
qidian_3,qidian,qidian_7.9.417.apk,起点读书-看小说漫画读听书神器,com.qidian.QDReader/.ui.activity.SplashActivity,去起点将我的阅读偏好设置为男生武侠,设置,hard,9,"{""xpath"": ['''//*[contains(@content-desc, ""阅读偏好"")]  and //*[contains(@content-desc, ""武侠"")] and //*[contains(@content-desc, ""男生"") and @selected=""true"" ]  ''' ]}",Need,9,去起点将我的阅读偏好设置为女生古代言情。步骤如下：1. 打开起点，点击首页右下角的“我”按钮，进入个人中心页面。 2. 点击页面左上角的设置按钮，进入设置页。3. 点击“偏好设置”选项。 4. 页面中出现武侠按钮，点击按钮左上角的×号 5. 点击女生按钮。 6. 在“喜欢的标签”选项中，点击“点击添加”按钮。 7. 选择“古代言情”按钮。 8. 点击保存，完成任务。按照以上步骤将主题色设为女生古代言情,"{""xpath"": ['''//*[contains(@content-desc, ""阅读偏好"")]  and //*[contains(@content-desc, ""古代言情"")] and //*[contains(@content-desc, ""女生"") and @selected=""true"" ]  ''' ]}"
qidian_4,qidian,qidian_7.9.417.apk,起点读书-看小说漫画读听书神器,com.qidian.QDReader/.ui.activity.SplashActivity,去起点关闭音量键翻页,设置,hard,6,"{""xpath"": [''' //*[contains(@text, ""音量键翻页"")] and //*[contains(resource-id, ""id/scKeyPage"") and @checkable=""true"" and @checked=""false""] ''' ]}",Need,6,去起点打开音量键翻页。步骤如下：1. 打开起点，点击首页右下角的“我”按钮，进入个人中心页面。 2. 点击页面左上角的设置按钮，进入设置页。3. 点击“阅读设置”选项。 4. 观察“音量键翻页”右侧的滑块，点击滑块让它处于开启状态，完成任务。按照以上步骤打开音量键翻页,"{""xpath"": [''' //*[contains(@text, ""音量键翻页"")] and //*[contains(@resource-id, ""id/scKeyPage"") and @checkable=""true"" and @checked=""true""] ''' ]}"
smart360_1,smart360,smart360_2.12.1.apk,360智慧生活,com.qihoo.smart/com.qihoo.main.defaultSplash,在360智慧生活中把一个32G的360智能摄像头加入购物车,搜索,hard,8,"{""xpath"": ['''//*[contains(@text, ""360智能摄像头"") and contains(@resource-id, ""common_headview_title"")]''',  '''//*[contains(@text, ""已选"") and contains(@text, ""32G"")]  and //*[contains(@class, ""widget.Button"")  and contains(@text, ""加入购物车"") and bbox_contains_point(@bounds,$point)  ]''']}",Search,8,在360智慧生活中清空购物车。步骤如下：1. 打开360智慧生活，点击首页底部菜单中的“商城”按钮，进入商城页面。 2. 点击页面右上角的购物车按钮，进入购物车页。3. 点击页面右上角的编辑按钮。 4. 观察页面左下角“全选”左侧圆形的选中框，点击圆形框让它处于选中状态。 5. 点击页面右下角的删除按钮。 6. 在“确定删除”弹窗中点击确认，完成任务。按照以上步骤清空购物车,"{""xpath"": [ '''//*[contains(@text, ""全选"")] and //*[contains(@text, ""删除"") and bbox_contains_point(@bounds,$point) ] ''' ]} ###{""xpath"": [''' //*[contains(@text, ""购物车"")] and not(//*[contains(@text, ""结算"")] ) ''' ]}"
zhipuai_0,zhipuai,zhipuai_3.1.3.apk,智谱清言,com.zhipuai.qingyan/.MainActivity,将智谱清言的外观设置为亮色,设置,hard,7,"{""xpath"": ['''//*[contains(@resource-id, ""darkmode"")  and bbox_contains_point(@bounds,$point) and (child::*[contains(@text, ""外观"")])]''', '''//*[contains(@text, ""亮色"")]''' ]}",Need,7,将智谱清言的外观设置为暗色。步骤如下：1. 打开智谱清言，点击首页左上角的三条横线状的设置按钮，进入个人中心页面。 2. 点击页面左上角的用户名称，进入用户设置页。3. 点击“外观设置”选项。 4. 在“外观设置”选项中，选中“暗色”模式，完成任务。按照以上步骤将外观设置为暗色,"{""xpath"": ['''//*[contains(@resource-id, ""darkmode"") and (child::*[contains(@text, ""外观"")])  and (child::*[contains(@text, ""暗色"")]) ]''', '''//*[contains(@text, ""亮色"")]''' ]}###{""xpath"": ['''  //*[contains(@text, ""外观设置"")] and //*[contains(@text, ""亮色"")] and //*[contains(@text, ""暗色"")] ''' ]}"
cbn_3,cbn,cbn_2.0.2.apk,中国广电,com.ai.obc.cbn.app/.ui.other.activity.SplashActivity,把中国广电“号卡专区”位置改为山西省太原市,频道,hard,7,"{""xpath"": ['''//*[contains(@text, ""号卡专区"") and contains(@class, ""TextView"")] and  //*[contains(@text, ""太原市"") and contains(@class, ""TextView"")]  ''']}",Need,7,把中国广电“号卡专区”位置改为北京市。步骤如下：1. 打开中国广电，点击首页底部菜单栏中的“号卡专区”按钮，进入号卡专区页面。 2. 点击页面左上角的城市名称，进入号码归属设置页。3. 向“up”滑动弹窗左侧的省列表，直到页面中出现北京市。 4.点击北京市按钮 5. 点击确认按钮，完成任务。按照以上步骤将“号卡专区”位置改为北京市,"{""xpath"": ['''//*[contains(@text, ""号卡专区"") and contains(@class, ""TextView"")] and  //*[contains(@text, ""北京市"") and contains(@class, ""TextView"")]  ''']}"
newhope_0,newhope,newhope_4.0.6.apk,有我看家,com.hopeway.cam.newhope/com.hw.NewEntranceActivity,打开有我看家的接收警报通知,设置,medium,5,"{""xpath"": ['''//*[contains(@resource-id, ""switch_alarm"") and @checkable=""true"" and @checked=""true"" and (preceding-sibling::*[contains(@text, ""接收报警通知"")])]''']}###{""xpath"": ['''//*[contains(@resource-id, ""tv_permission_title"") and contains(@text, ""允许通知"") and (preceding-sibling::*[contains(@text, ""已开启"")])]''']}",Need,5,关闭有我看家的接收警报通知。步骤如下：1. 打开有我看家，点击首页右上角的“我”按钮，进入个人中心页面。 2. 点击“APP设置”选项。 3. 在设置页面中，观察“接收警报通知”右侧的滑块是否关闭，点击滑块让它处于关闭状态，完成任务。按照以上步骤关闭有我看家的接收警报通知,"{""xpath"": ['''//*[contains(@resource-id, ""switch_alarm"") and @checkable=""true"" and @checked=""false"" and (preceding-sibling::*[contains(@text, ""接收报警通知"")])]''']}###{""xpath"": ['''//*[contains(@resource-id, ""tv_permission_title"") and contains(@text, ""允许通知"") and (preceding-sibling::*[contains(@text, ""已关闭"")])]''']}"
vipshop_2,vipshop,vipshop_9.53.7.apk,唯品会,com.achievo.vipshop/.activity.LodingActivity,我想看一下唯品会里爱国者照相机,搜索,hard,8,"{""xpath"": ['''//*[contains(@content-desc, ""照相机"") and contains(@content-desc, ""搜索"") and contains(@resource-id,""com.achievo.vipshop:id/button"")] and (//*[contains(@content-desc, ""爱国者"") and contains(@resource-id,""com.achievo.vipshop:id/button"")] or //*[contains(@text, ""爱国者"") and contains(@class,""android.widget.TextView"")])''']}",Search,6,去唯品会清空搜索记录。步骤如下：1. 打开唯品会，点击首页顶部的搜索框。2.在搜索页中的历史搜索那一栏右侧有一个垃圾桶按钮，这代表着清空搜索记录，点击这个垃圾桶按钮。3. 在展开项目中，点击“全部删除”按钮。 4. 在弹出的“确定删除全部搜索历史”的弹窗中，点击“确定”按钮。如果没有历史搜索那一栏，视为任务完成。按照以上步骤清空搜索历史,"{""xpath"": [ '''//*[contains(@text, ""确认删除全部搜索历史"")] and //*[contains(@text, ""确定"") and bbox_contains_point(@bounds,$point) ] ''' ]} ###{""xpath"": [''' //*[ contains(@class, ""EditText"") ] and //*[contains(@text, ""猜你想搜"")] and not(//*[contains(@text, ""历史搜索"")] ) ''' ]}"
youpin_0,youpin,youpin_5.31.0.apk,小米有品,com.xiaomi.youpin/.activity.SplashActivity,在小米有品中把12GB+256GB黑色小米15手机加入到购物车,搜索,hard,8,"{""xpath"": ['''//*[contains(@text, ""已选"") and contains(@text, ""+256"") and contains(@text, ""12"") and contains(@text, ""黑"")]  and //*[contains(@class, ""ViewGroup"")  and bbox_contains_point(@bounds,$point) and (descendant::*[contains(@text, ""确定"")])]''']}",Search,6,去小米有品清空搜索记录。步骤如下：1. 打开小米有品，点击首页顶部的搜索框。2.在搜索页中的历史搜索那一栏右侧有一个垃圾桶按钮，这代表着清空搜索记录，点击这个垃圾桶按钮。3. 在展开项目中，点击“全部删除”按钮。 4. 在弹出的“确定清空历史搜索”的弹窗中，点击“确定”按钮。如果没有历史搜索那一栏，视为任务完成。按照以上步骤清空搜索历史,"{""xpath"": [ '''//*[contains(@text, ""确定清空历史搜索"")] and //*[contains(@text, ""确定"") and bbox_contains_point(@bounds,$point) ] ''' ]} ###{""xpath"": [''' //*[contains(@text, ""搜索"")] and //*[contains(@text, ""猜你想搜"")] and not(//*[contains(@text, ""历史搜索"")] ) ''' ]}"
yonghui_0,yonghui,yonghui_11.6.0.1.apk,永辉生活,cn.yonghui.hyd/.DefaultAlias,在永辉生活中帮我把“乐事番茄味薯片”加入购物车,搜索,medium,5,"{""xpath"": ['''//*[contains(@text, ""乐事"") and contains(@text, ""番茄"") and contains(@resource-id, ""title_name"")] and //*[(contains(@resource-id, ""add_cart"") or contains(@resource-id, ""AddCart"") ) and bbox_contains_point(@bounds,$point)]''']}",Search,,去永辉生活清空搜索记录。步骤如下：1. 打开永辉生活，点击首页顶部的搜索框。2.在搜索页中的搜索历史那一栏右侧有一个垃圾桶按钮，这代表着清空搜索记录，点击这个垃圾桶按钮。3. 在弹出的“将清空搜索历史”的弹窗中，点击“清空”按钮。如果没有搜索历史那一栏，视为任务完成。按照以上步骤清空搜索历史,"{""xpath"": [ '''//*[contains(@text, ""将清空搜索历史"")] and //*[contains(@text, ""清空"") and bbox_contains_point(@bounds,$point) ] ''' ]} ###{""xpath"": [''' //*[contains(@resource-id, ""id/search_value"")] and //*[contains(@text, ""搜索"")] and not(//*[contains(@text, ""搜索历史"")] ) ''' ]}"
vmall_4,vmall,vmall_1.25.5.300.apk,华为商城,com.vmall.client/.splash.fragment.SplashActivity,在华为商城中把1TB黑色Mate 70手机加入到购物车,搜索,hard,8,"{""xpath"": ['''//*[contains(@text, ""已选"") and contains(@text, ""1TB"") and contains(@text, ""黑"")] and //*[contains(@text, ""Mate 70"")]  and //*[contains(@class, ""ViewGroup"") and contains(@content-desc, ""加入购物车"") and bbox_contains_point(@bounds,$point) ]''']}",Search,,去华为商城清空搜索记录。步骤如下：1. 打开华为商城，点击首页顶部的搜索框。2.在搜索页中的最近搜索那一栏右侧有一个垃圾桶按钮，这代表着清空搜索记录，点击这个垃圾桶按钮。按照以上步骤清空搜索历史,"{""xpath"": [''' //*[contains(@resource-id, ""vui_searchbar_input"")] and //*[contains(@text, ""搜索"")] and not(//*[contains(@text, ""最近搜索"")] ) ''' ]}"
xiaomishop_0,xiaomishop,xiaomishop_5.41.0.apk,小米商城,com.xiaomi.shop/.activity.MainTabActivity,去小米商城打开小米手环10的商品页,搜索,easy,5,"{""xpath"": ['''//*[contains(@text, ""小米手环10"")]  and //*[contains(@text, ""加入购物车"")]  and //*[contains(@text, ""立即购买"")]  ''' ]}",Search,,去小米商城清空搜索记录。步骤如下：1. 打开小米商城，点击首页顶部的搜索框。2.在搜索页中的搜索历史那一栏右侧有一个垃圾桶按钮，这代表着清空搜索记录，点击这个垃圾桶按钮。3. 在弹出的“是否删除全部搜索历史”的弹窗中，点击“确定”按钮。如果没有历史搜索那一栏，视为任务完成。按照以上步骤清空搜索历史,"{""xpath"": [ '''//*[contains(@text, ""是否删除全部搜索历史"")] and //*[contains(@text, ""确定"") and bbox_contains_point(@bounds,$point) ] ''' ]} ###{""xpath"": [''' //*[contains(@text, ""搜索"")] and //*[contains(@text, ""猜你想搜"")] and not(//*[contains(@text, ""搜索历史"")] ) ''' ]}"
motorfans_0,motorfans,motorfans_3.65.00.apk,摩托范,com.jdd.motorfans/.modules.splash.SplashActivity,在摩托范帮我搜索RR660S摩托车,搜索,medium,5,"{""xpath"": ['''//*[contains(@text, ""RR660S"") and contains(@class, ""EditText"")] ''']}###{""xpath"": ['''//*[contains(@text, ""RR660S"") and contains(@resource-id, ""text_title"")] ''']}",Search,,去摩托范清空搜索记录。步骤如下：1. 打开摩托范，点击首页顶部的搜索框。2.在搜索页中的历史搜索那一栏右侧有一个垃圾桶按钮，这代表着清空搜索记录，点击这个垃圾桶按钮。3. 在弹出的“确认删除全部历史记录”的弹窗中，点击“确认”按钮。如果没有历史搜索那一栏，视为任务完成。按照以上步骤清空搜索历史,"{""xpath"": [ '''//*[contains(@text, ""确认删除全部历史记录"")] and //*[contains(@text, ""确认"") and bbox_contains_point(@bounds,$point) ] ''' ]} ###{""xpath"": ['''  //*[ contains(@class, ""EditText"") ] and //*[contains(@text, ""热门搜索"")] and not(//*[contains(@text, ""历史搜索"")] ) ''' ]}"
autohome_2,autohome,autohome_11.75.5.apk,汽车之家,com.cubic.autohome/.MainActivity,在汽车之家中查一下奥迪二手车信息,搜索,easy,4,"{""xpath"": [''' //*[contains(@text, ""二手车大全"")] and //*[contains(@text, ""奥迪"")   and (following-sibling::*[contains(@text, ""万首付"")])]''']}",Search,,去汽车之家清空搜索记录。步骤如下：1. 打开汽车之家，点击首页顶部的搜索框。2.在搜索页中的搜索历史那一栏右侧有一个垃圾桶按钮，这代表着清空搜索记录，点击这个垃圾桶按钮。3. 在展开项目中，点击“全部删除”按钮。 4. 在弹出的“是否删除全部搜索历史”的弹窗中，点击“删除”按钮。如果没有历史搜索那一栏，视为任务完成。按照以上步骤清空搜索历史,"{""xpath"": [ '''//*[contains(@text, ""是否删除全部搜索历史"")] and //*[contains(@text, ""删除"") and bbox_contains_point(@bounds,$point) ] ''' ]} ###{""xpath"": ['''  //*[ contains(@class, ""EditText"") ] and //*[contains(@text, ""猜你想选"")] and not(//*[contains(@text, ""搜索历史"")] ) ''' ]}"
htinns_0,htinns,htinns_9.34.0.apk,华住会,com.htinns/com.huazhu.loading.LoadingActivity,帮我关闭华住会信息通知,设置,hard,7,"{""xpath"": ['''//*[@checkable=""true"" and @checked=""false"" and (preceding-sibling::*[contains(@text, ""信息通知"")])]''']}",Need,,帮我打开华住会信息通知。步骤如下：1. 打开华住会，点击首页右下角的“会员”按钮，进入个人中心页面。 2. 点击页面右上角的齿轮状的设置按钮，进入设置页。3. 点击“消息通知”选项。 4. 观察“促销信息通知”右侧的滑块，点击滑块让它处于开启状态，完成任务。按照以上步骤打开信息通知,"{""xpath"": ['''//*[@checkable=""true"" and @checked=""true"" and (preceding-sibling::*[contains(@text, ""信息通知"")])]''']}"
htinns_2,htinns,htinns_9.34.0.apk,华住会,com.htinns/com.huazhu.loading.LoadingActivity,把我在华住会的位置定位到北京大兴区,地点,medium,6,"{""xpath"": ['''//*[@content-desc=""北京"" and contains(@class, ""ViewGroup"") and following-sibling::*[contains(@content-desc, ""大兴"")] ]''']}",Need,,把我在华住会的位置定位到上海。步骤如下：1. 打开华住会，点击首页中部的位置按钮，这个按钮显示的是一个城市的名字，在日期的上面，在“位置/品牌/酒店”输入框的左边，点击这个呈现城市名字的按钮打开位置定位弹窗。 2. 点击位置定位弹窗中的输入框。3. 在输入框里面输入上海。 4. 在搜索结果中选中上海市，完成任务。按照以上步骤把位置定位到上海,"{""xpath"": ['''//*[@content-desc=""上海"" and contains(@class, ""ViewGroup"") ]''']}"
ivwen_0,ivwen,ivwen_11.0.6.apk,美篇,com.lanjingren.ivwen/.ui.advertising.OpeningScreenAdvertisingActivity,“万事发生皆有利于我”我想用这句话作美篇个签，可以帮我修改一下吗？,我的,hard,7,"{""xpath"": ['''//*[contains(@text, ""签名"") and (descendant::*[@text=""万事发生皆有利于我""] or following-sibling::*[@text=""万事发生皆有利于我""])] ''']}",Need,,去美篇清空我的个人签名。步骤如下：1. 打开美篇，点击首页底部的“我的”按钮，进入个人中心。2.在个人中心页面的左上部分，点击“资料”按钮，编辑个人资料。3. 在资料页中，点击个性签名选项。 4. 在“个人签名”页中，删除当前的个人签名。 5. 点击完成按钮，任务完成。按照以上步骤清空我的个人签名,"{""xpath"": ['''//*[contains(@text, ""签名"") and (descendant::*[@text=""未填写""] or following-sibling::*[@text=""未填写""])] ''']}"
ivwen_2,ivwen,ivwen_11.0.6.apk,美篇,com.lanjingren.ivwen/.ui.advertising.OpeningScreenAdvertisingActivity,我的生日是1999年1月1日，性别女，帮我填写一下美篇资料,我的,hard,8,"{""xpath"": ['''//*[contains(@text, ""生日"") and (following-sibling::*[contains(@text, ""1999-01-01"") and contains(@resource-id, ""text_birthday"")  ]) ] and //*[contains(@text, ""性别"") and (following-sibling::*[contains(@text, ""女"") and contains(@resource-id, ""text_gender"")  ]) ] ''']}",Need,,去美篇将我的性别设置为男。步骤如下：1. 打开美篇，点击首页底部的“我的”按钮，进入个人中心。2.在个人中心页面的左上部分，点击“资料”按钮，编辑个人资料。3. 在资料页中，点击性别选项。 4. 在“性别”弹窗中，选择“男”选项。按照以上步骤将我的性别设置为男,"{""xpath"": ['''//*[contains(@text, ""性别"") and (following-sibling::*[contains(@text, ""男"") and contains(@resource-id, ""text_gender"")  ]) ] ''']}"
hsj_1,hsj,hsj_2.9.8.apk,画世界,net.huanci.hsj/.activities.FlashActivity,打开画世界，帮我把性别改为女,我的,hard,7,"{""xpath"": ['''//*[contains(@text, ""女"") and contains(@resource-id, ""id/textView_sex"")] ''']}",Need,,打开画世界，帮我把性别改为男。步骤如下：1. 打开画世界，点击首页底部的“我的”按钮，进入个人中心。2.在个人中心页面的左上部分，点击用户的头像按钮，进入个人资料页。3. 在资料页中，点击一个铅笔状的编辑按钮，位于头像和账号名称的右边，进入我的资料页。 4. 在资料页中，点击性别选项。 5. 在“性别”弹窗中，选择“男”选项。 6.在“性别”弹窗中，点击确定按钮。7. 在资料页中，点击页面右上角的保存按钮。按照以上步骤将我的性别设置为男,"{""xpath"": ['''//*[contains(@text, ""男"") and contains(@resource-id, ""id/textView_sex"")] ''']}"
calendar_1,calendar,calendar_7.2.6.apk,万年历,com.youloft.calendar/com.youloft.LauncherActivity,在万年历中切换一下星座日历,频道,easy,4,"{""xpath"": ['''//*[contains(@class, ""ViewGroup"") and bbox_contains_point(@bounds,$point) and (child::*[contains(@text, ""星座日历"") ])] ''']}",Need,,在万年历中切换一下传统万年历。步骤如下：1. 打开万年历，点击首页底部左侧的“万年历”按钮，打开日历模式切换弹窗。2.在日历模式切换弹窗中，选择“星座日历”选项。按照以上步骤切换成传统万年历,"{""xpath"": ['''//*[contains(@text, ""星座日历"")]  and //*[contains(@text, ""传统万年历"")] ''']}"
moviepro_3,moviepro,moviepro_8.8.4.apk,猫眼专业版,com.sankuai.moviepro/.mvp.views.welcome.WelcomeActivity,在猫眼专业版查看卧虎藏龙的综合评分,搜索,medium,5,"{""xpath"": ['''  //*[contains(@text, ""卧虎藏龙"") and contains(@resource-id, ""id/tv_title"") ]  and //*[contains(@text, ""猫眼综合评分"") ]''']}",Search,,去猫眼专业版清空搜索记录。步骤如下：1. 打开猫眼专业版，点击首页左上角的放大镜形状的搜索按钮。2.在搜索页中的搜索历史那一栏右侧有一个垃圾桶按钮，这代表着清空搜索记录，点击这个垃圾桶按钮。如果没有历史搜索那一栏，视为任务完成。按照以上步骤清空搜索历史,"{""xpath"": [''' //*[ contains(@class, ""EditText"") ] and //*[contains(@text, ""取消"")] and not(//*[contains(@text, ""搜索历史"")] ) ''' ]}"
wsgw_3,wsgw,wsgw_3.1.6.apk,网上国网,com.sgcc.wsgw.cn/.SplashActivity,把网上国网的地点改成北京市市辖区朝阳区,地点,medium,6,"{""xpath"": ['''//*[contains(@text, ""北京市"")]  and //*[contains(@text, ""市辖区"")]  and //*[contains(@class, ""ViewGroup"") and bbox_contains_point(@bounds,$point) and (child::*[contains(@text, ""朝阳区"") ])] ''']}",Need,,把网上国网的地点改成安徽省合肥市庐阳区。步骤如下：1. 打开网上国网，点击首页左上角的位置按钮，这个按钮显示的是一个城市的名字，在搜索框的坐标，点击这个城市按钮打开位置定位页。 2. 在位置定位页的“选择省”选项中，点击“安徽省”按钮。3. 在位置定位页的“选择市”选项中，点击“合肥市”按钮。 4. 在位置定位页的“选择区/县”选项中，点击“庐阳区”按钮。，完成任务。按照以上步骤把位置定位到安徽省合肥市庐阳区,"{""xpath"": ['''//*[contains(@text, ""安徽省"")]  and //*[contains(@text, ""合肥市"")]  and //*[contains(@class, ""ViewGroup"") and bbox_contains_point(@bounds,$point) and (child::*[contains(@text, ""庐阳区"") ])] ''']}"
xiachufang_0,xiachufang,xiachufang_8.8.65.apk,下厨房,com.xiachufang/.startpage.ui.StartPageActivity,查看下厨房家常菜分类中做过最多的菜品是哪个,搜索,medium,6,"{""xpath"": ['''//*[contains(@text, ""家常菜"") and contains(@resource-id, ""search_edit_text"")] and //*[contains(@text, ""做过最多"") and bbox_contains_point(@bounds,$point) ]''']}",Search,,去下厨房清空搜索记录。步骤如下：1. 打开下厨房，点击首页顶部的搜索框。2.在搜索页中的最近搜索那一栏右侧有一个“清空”按钮，这代表着清空搜索记录，点击这个垃圾桶按钮。如果没有最近搜索那一栏，视为任务完成。按照以上步骤清空搜索历史,"{""xpath"": [ '''//*[contains(@text, ""清空"") and bbox_contains_point(@bounds,$point) ] ''' ]}###{""xpath"": [''' //*[ contains(@class, ""EditText"") and contains(@resource-id, ""id/search_edit_text"") ] and //*[contains(@text, ""搜索发现"")]  and not(//*[contains(@text, ""最近搜索"")] ) ''' ]}"
miaomiao_0,miaomiao,miaomiao_4.1.7.apk,喵喵记账,com.youqi.miaomiao/com.lanniser.kittykeeping.ui.activity.SplashActivity,在喵喵记账中将记账提醒打开,设置,hard,7,"{""xpath"": ['''//*[@checkable=""true"" and @checked=""true"" and (preceding-sibling::*[contains(@text, ""记账提醒"")])]''']}",Need,,在喵喵记账中将记账提醒关闭。步骤如下：1. 打开画世界，点击首页左下角的“我的”按钮，进入个人中心。2.在个人中心页面的右上角，点击齿轮形状的设置按钮，进入设置页。3. 在设置页中，点击记账提醒按钮。 4. 观察“记账提醒”右侧的滑块，点击滑块让它处于关闭状态，完成任务。按照以上步骤关闭记账提醒。,"{""xpath"": ['''//*[@checkable=""true"" and @checked=""false"" and (preceding-sibling::*[contains(@text, ""记账提醒"")])]''']}"
miaomiao_1,miaomiao,miaomiao_4.1.7.apk,喵喵记账,com.youqi.miaomiao/com.lanniser.kittykeeping.ui.activity.SplashActivity,关闭喵喵记账的音效、背景音乐,设置,hard,7,"{""xpath"": ['''//*[contains(@resource-id, ""id/switch_effect"") and @checkable=""true"" and @checked=""false"" and (preceding-sibling::*[contains(@text, ""音效"")])] and //*[contains(@resource-id, ""id/switch_effect"") and @checkable=""true"" and @checked=""false"" and (preceding-sibling::*[contains(@text, ""背景音乐"")])] ''']}",Need,,打开喵喵记账的音效、背景音乐。步骤如下：1. 打开画世界，点击首页左下角的“我的”按钮，进入个人中心。2.在个人中心页面的右上角，点击齿轮形状的设置按钮，进入设置页。3. 在设置页中，观察“音效”右侧的滑块，点击滑块让它处于开启状态。4. 在设置页中，观察“背景音乐”右侧的滑块，点击滑块让它处于开启状态，完成任务。按照以上步骤打开喵喵记账的音效、背景音乐,"{""xpath"": ['''//*[@checkable=""true"" and @checked=""true"" and (preceding-sibling::*[contains(@text, ""音效"")])] and //*[@checkable=""true"" and @checked=""true"" and (preceding-sibling::*[contains(@text, ""背景音乐"")])] ''']}"
gszq_3,gszq,gszq_9.09.000.apk,国盛通,com.hundsun.stockwinner.gszq/com.tztzf.app.base.tztZFHeadPageActivity,我想看国盛通中小米集团的行情,搜索,medium,5,"{""xpath"": ['''//*[contains(@text, ""小米集团"") and following-sibling::*[contains(@text, ""开市"")] ] and //*[contains(@resource-id, ""id/tztzf_header_title_view_id"") ]''']}",Search,,去国盛通清空搜索记录。步骤如下：1. 打开国盛通，点击首页顶部的搜索框。2.在搜索页中的历史搜索那一栏右侧有一个垃圾桶按钮，这代表着清空搜索记录，点击这个垃圾桶按钮。3.在弹出的“是否确认清除历史记录”的弹窗中，点击“确定”按钮。如果没有历史搜索那一栏，视为任务完成。按照以上步骤清空搜索历史,"{""xpath"": [ '''//*[contains(@text, ""清除历史记录"")] and //*[contains(@text, ""确定"") and bbox_contains_point(@bounds,$point) ] ''' ]} ###{""xpath"": [''' //*[contains(@resource-id, ""id/et_stock"")] and //*[contains(@text, ""搜索发现"")] and not(//*[contains(@text, ""历史搜索"")] ) ''' ]}"
