"task_id","task_identifier","task_app","task_app_CHN","adb_home_page","功能点","Icon","HiddenFunction","Hierarchical","weight","explo_level","level","golden_steps","goal","key_nodes","Reset","Unnamed: 16","Unnamed: 18","Unnamed: 19"
"517","bili_12","bili","哔哩哔哩","tv.danmaku.bili/tv.danmaku.bili.MainActivityV2","动画","","1","","1","E","medium","6","我想在哔哩哔哩看一下牧神记第一集","{""xpath"": ['''//*[contains(@content-desc, ""牧神记"") ] and //*[contains(@text, ""选集"") and contains(@resource-id, ""title"") ] and //*[contains(@text, ""第 1 话"") and contains(@resource-id, ""title"") ] ''']}","Search","TRUE","",""
"0","bili_20","bili","哔哩哔哩","tv.danmaku.bili/tv.danmaku.bili.MainActivityV2","会员购","","","1","2","M","hard","6","打开B站会员购查看我的优惠券有哪些","{""xpath"": ['''//*[contains(@text, ""我的优惠券"")  and contains(@class, ""WebView"")] ''' ]}###{""xpath"": ['''//*[contains(@text, ""优惠券"")  and contains(@resource-id, ""id/id_assets_name"")] ''' ]}","","","",""
"636","bili_21","bili","哔哩哔哩","tv.danmaku.bili/tv.danmaku.bili.MainActivityV2","我的","1","1","","1.5","M","hard","7","打开哔哩哔哩，帮我更换一个随机头像","{""xpath"": ['''//*[contains(@text, ""更换头像"") and bbox_contains_point(@bounds,$point)] or //*[contains(@class, ""RelativeLayout"") and (child::*[contains(@text, ""头像"")]) and bbox_contains_point(@bounds,$point)]''',  '''//*[contains(@class, ""RelativeLayout"")  and bbox_contains_point(@bounds,$point) and (child::*[contains(@text, ""随机"") and contains(@resource-id, ""id/menu_text"")])]''']}","","","",""
"0","bili_25","bili","哔哩哔哩","tv.danmaku.bili/tv.danmaku.bili.MainActivityV2","我的","","1","1","3","H","easy","4","我要联系B站客服","{""xpath"": ['''//*[contains(@class, ""ViewGroup"") and bbox_contains_point(@bounds,$point) and (child::*[contains(@text, ""联系客服"") and contains(@resource-id, ""id/title"")])]''']}###{""xpath"": ['''//*[contains(@class, ""EditText"")  and contains(@resource-id, ""id/text_input"")] and //*[contains(@text, ""客服"")]  ''' ]}","Need","","",""
"0","bili_28","bili","哔哩哔哩","tv.danmaku.bili/tv.danmaku.bili.MainActivityV2","设置","1","1","1","3.5","H","hard","11","打开B站定时关闭","{""xpath"": ['''//*[contains(@class, ""ViewGroup"")  and bbox_contains_point(@bounds,$point) and (child::*[contains(@text, ""定时关闭"") and contains(@resource-id, ""id/title"")])]''' , ''' //*[contains(@text, ""定时关闭"") ]  and //*[@checkable=""true"" and @checked=""true"" and (preceding-sibling::*[contains(@text, ""自定义"") or contains(@text, ""分钟"")])]''' ]} ###{""xpath"": ['''//*[contains(@class, ""LinearLayout"") and (child::*[@checkable=""true"" and @checked=""true""]) and (preceding-sibling::*[contains(@class, ""RelativeLayout"") and (child::*[contains(@text, ""自定义"") or contains(@text, ""分钟"")])  ])]''' ]} ","Need","FALSE","",""
"","neteasemusic_6","neteasemusic","网易云音乐","com.netease.cloudmusic/.activity.IconChangeDefaultAlias","搜索","","1","","1","E","hard","6","网易云播放孤勇者，并展示歌词","{""xpath"": ['''//*[contains(@text, ""孤勇者"") and contains(@resource-id, ""id/custom_title"") ] and //*[contains(@text, ""歌词"") and @selected=""true""] ''' ]}","Search","TRUE","",""
"","neteasemusic_10","neteasemusic","网易云音乐","com.netease.cloudmusic/.activity.IconChangeDefaultAlias","频道","1","","","0.5","E","easy","4","打开网易云推荐扫一扫","{""xpath"": ['''//*[contains(@text, ""我的二维码"") and contains(@resource-id, ""id/myBarcode"") ]''' ]}###{""xpath"": ['''//*[contains(@text, ""Scan QR"") ] and //*[contains(@text, ""ALBUM"") ] ''' ]}","","","",""
"","neteasemusic_18","neteasemusic","网易云音乐","com.netease.cloudmusic/.activity.IconChangeDefaultAlias","发现","","1","1","3","H","easy","3","打开网易云笔记推荐","{""xpath"": ['''//*[contains(@text, ""笔记"") and @selected=""true""] and //*[contains(@text, ""推荐"") and @selected=""true""] and //*[contains(@text, ""关注"") and @selected=""false""] ''' ]}","","","",""
"","neteasemusic_24","neteasemusic","网易云音乐","com.netease.cloudmusic/.activity.IconChangeDefaultAlias","我的","","1","1","3","H","easy","4","打开网易云我的听歌排行","{""xpath"": ['''//*[contains(@text, ""听歌排行"") ] and //*[contains(@text, ""最近一周"") ] and //*[contains(@text, ""所有时间"") ] ''' ]}","","","",""
"","neteasemusic_28","neteasemusic","网易云音乐","com.netease.cloudmusic/.activity.IconChangeDefaultAlias","我的","1","1","","1.5","M","hard","7","打开网易云深色模式","{""xpath"": [''' //*[contains(@text, ""深色模式"") and ( following-sibling::*[@text=""开启""])]  and  //*[contains(@text, ""播放页常亮"") ] ''' ]}","","TRUE","",""
"","articlenews_3","articlenews","今日头条","com.ss.android.article.news/.activity.MainActivity","搜索","1","1","","1.5","M","easy","5","去今日头条清空搜索历史","{""xpath"": [ '''//*[contains(@text, ""清空搜索历史"")] and //*[contains(@text, ""确定"") and bbox_contains_point(@bounds,$point) ] ''' ]} ","Search","","",""
"","articlenews_15","articlenews","今日头条","com.ss.android.article.news/.activity.MainActivity","设置","1","","","0.5","E","hard","6","打开今日头条的夜间模式","{""xpath"": [''' //*[contains(@text, ""日间模式"") and contains(@resource-id, ""id/d95"") ]''']}###{""xpath"": [''' //*[contains(@class, ""RelativeLayout"") and bbox_contains_point(@bounds,$point) and (child::*[contains(@text, ""深色模式"") ] ) ] ''']}","Need","TRUE","",""
"","articlenews_12","articlenews","今日头条","com.ss.android.article.news/.activity.MainActivity","我的","1","1","","1.5","M","hard","8","去今日头条更换头像，从默认头像的艺术类中选一个","{""xpath"": ['''//*[contains(@text,""选择默认头像"")] and //*[contains(@text, ""艺术"")] and //*[contains(@text, ""选取"") and bbox_contains_point(@bounds,$point) ] ''' ]} ","Need","TRUE","",""
"","articlenews_16","articlenews","今日头条","com.ss.android.article.news/.activity.MainActivity","设置","1","1","","1.5","M","medium","5","去今日头条把自动开启阅读模式关掉","{""xpath"": ['''//*[contains(@text, ""自动开启阅读模式"")]  and //*[contains(@text, ""关闭"") and contains(@class, ""Switch"")] ''' ]}","Need","TRUE","",""
"","articlenews_19","articlenews","今日头条","com.ss.android.article.news/.activity.MainActivity","设置","","1","1","3","H","medium","7","去今日头条设置不接受陌生人消息","{""xpath"": [ '''//*[contains(@text, ""不再接收陌生人消息"")] and //*[contains(@text, ""确定关闭"") and bbox_contains_point(@bounds,$point) ] ''' ]} ###{""xpath"": [ '''//*[contains(@text, ""接收陌生人的消息"")] and //*[contains(@text, ""已关闭"") ] ''' ]} ###{""xpath"": [ '''//*[contains(@text, ""陌生人消息"")] and //*[contains(@text, ""不接受陌生人的消息"")] ''' ]}","Need","TRUE","",""
"","fanqieread_9","fanqieread","番茄免费小说","com.dragon.read/.pages.splash.SplashActivity","频道","","2","","2","M","medium","5","在番茄里面筛选玄幻、无女主小说","{""xpath"": ['''(//*[contains(@text, ""玄幻"") and contains(@class, ""EditText"")] or //*[contains(@text, ""玄幻"") and @selected=""true""] or //*[contains(@text, ""玄幻"") and (parent::*[contains(@class, ""view.ViewGroup"")])])  and (//*[contains(@text, ""无女主"") and contains(@class, ""EditText"")] or //*[contains(@text, ""无女主"") and @selected=""true""] or //*[contains(@text, ""无女主"") and (parent::*[contains(@class, ""view.ViewGroup"")])])  ''']}","","","",""
"","fanqieread_17","fanqieread","番茄免费小说","com.dragon.read/.pages.splash.SplashActivity","书架","1","1","","1.5","M","hard","6","进入番茄小说的“穿越”圈子并订阅它","{""xpath"": [  '''//*[contains(@text, ""穿越圈"")] and //*[contains(@text, ""已订阅"")] and //*[contains(@text, ""最热"")]   and //*[contains(@text, ""最新"") ]''' ]}","","FALSE","",""
"","fanqieread_18","fanqieread","番茄免费小说","com.dragon.read/.pages.splash.SplashActivity","我的","","1","1","3","H","hard","7","把番茄的阅读偏好设置成男生小说","{""xpath"": [ '''//*[contains(@text, ""选择你的兴趣偏好"")] and //*[contains(@text, ""男生小说"")] and //*[contains(@text, ""女生小说"")] and //*[contains(@text, ""我都爱看"") ]''' ]}","","TRUE","",""
"","fanqieread_22","fanqieread","番茄免费小说","com.dragon.read/.pages.splash.SplashActivity","我的","","1","","1","E","hard","4","在番茄小说签到","{""xpath"": [ '''//*[contains(@text, ""今日签到"")] and //*[contains(@text, ""立即签到"") and bbox_contains_point(@bounds,$point) ] ''' ]}###{""xpath"": [ '''  //*[contains(@text, ""签到赚钱"") and bbox_contains_point(@bounds,$point) ] ''' ]}","Need","","",""
"","fanqieread_26","fanqieread","番茄免费小说","com.dragon.read/.pages.splash.SplashActivity","设置","1","2","1","4.5","H","hard","7","在番茄小说中随便打开一本小说，设置字号为22，翻页方式为上下","{""xpath"": [ '''//*[contains(@text, ""翻页"")] and //*[contains(@text, ""上下"") and bbox_contains_point(@bounds,$point) ] ''' , '''//*[contains(@text, ""字号"")] and //*[contains(@text, ""22"")   ] ''' ]} ","Need","TRUE","",""
"","pinduoduo_4","pinduoduo","拼多多","com.xunmeng.pinduoduo/.ui.activity.MainFrameActivity","搜索","1","2","","2.5","H","hard","7","在拼多多里复制一个白色Type-C数据线的商品链接","{""xpath"": ['''//*[ contains(@content-desc, ""数据线"") and (contains(@content-desc, ""type-c"")  or  contains(@content-desc, ""Type-c""))  and contains(@resource-id, ""id/tv_title"") ] and  //*[ contains(@text, ""店铺"") and contains(@resource-id, ""id/pdd"") ]  ''' ,   '''//*[contains(@class, ""LinearLayout"") and bbox_contains_point(@bounds,$point) and (child::*[contains(@text, ""复制链接"") and contains(@resource-id, ""id/pdd"") ] ) ]   ''' ]}","","","",""
"","pinduoduo_13","pinduoduo","拼多多","com.xunmeng.pinduoduo/.ui.activity.MainFrameActivity","频道","","2","","2","M","medium","4","查看拼多多男装板块的上衣外套第一个商品的详情","{""xpath"": ['''//*[contains(@class, ""LinearLayout"") and bbox_contains_point(@bounds,$point) and (child::*[contains(@text, ""上衣外套"") and contains(@resource-id, ""id/name"") ] ) ]   ''',  ''' //*[ contains(@text, ""店铺"") and contains(@resource-id, ""id/pdd"") ] ''' ]}","","","",""
"","pinduoduo_19","pinduoduo","拼多多","com.xunmeng.pinduoduo/.ui.activity.MainFrameActivity","频道","","3","","3","H","hard","6","打开拼多多查看垂钓装备第一款商品的发货说明详情","{""xpath"": ['''//*[ (contains(@content-desc, ""鱼"") or  contains(@content-desc, ""渔"") or   contains(@content-desc, ""钓"") ) and contains(@resource-id, ""id/tv_title"") ] and  //*[ contains(@text, ""店铺"") and contains(@resource-id, ""id/pdd"") ]  ''' ,   '''//*[ contains(@text, ""发货说明"")  and contains(@class, ""TextView"") ]  ''' ]}","Need","","",""
"","pinduoduo_26","pinduoduo","拼多多","com.xunmeng.pinduoduo/.ui.activity.MainFrameActivity","个人中心","1","1","","1.5","M","hard","6","暂时关闭拼多多自动免拼","{""xpath"": [  ''' //*[ contains(@text, ""免拼设置"")  and contains(@resource-id, ""id/tv_title"") ] and //*[contains(@text, ""暂时关闭"")   ]  ''' ]}","Need","TRUE","",""
"","pinduoduo_28","pinduoduo","拼多多","com.xunmeng.pinduoduo/.ui.activity.MainFrameActivity","个人中心","1","1","","1.5","M","hard","7","把拼多多头像更换为相册第一张照片","{""xpath"": ['''//*[contains(@text, ""从手机相册选择"")  and bbox_contains_point(@bounds,$point)] ''' and  '''//*[contains(@resource-id, ""id/pdd"")  and bbox_contains_point(@bounds,$point)  and  (preceding-sibling::*[contains(@text, ""裁剪"") ])] ''' ]}","Need","TRUE","",""
"295","minimap_1","minimap","高德地图","com.autonavi.minimap/com.autonavi.map.activity.SplashActivity","搜索","","2","1","4","H","hard","10","在高德地图中查一下上海市外地小客车的限行政策","{""xpath"": ['''//*[contains(@text, ""上海市"")]  and //*[contains(@text, ""查看限行政策"")]  and //*[contains(@text, ""外地小客车"")] ''']}","","","",""
"","minimap_6","minimap","高德地图","com.autonavi.minimap/com.autonavi.map.activity.SplashActivity","搜索","","2","","2","M","hard","9","高德查一下颐和园到北京大学的步行路线","{""xpath"": ['''   //*[contains(@text, ""步行"") and @selected=""true""]   and   //*[contains(@text, ""颐和园"")  and contains(@resource-id, ""id/route_edit_summary_start"")  ]  and //*[contains(@text, ""北京大学"")  and contains(@resource-id, ""id/route_edit_summary_end"")  ]  ''' ]}","","","",""
"","minimap_7","minimap","高德地图","com.autonavi.minimap/com.autonavi.map.activity.SplashActivity","搜索","","2","","2","M","hard","9","高德查一下北京南站到北京丰台站的地铁路线","{""xpath"": ['''   //*[contains(@text, ""公共交通"") and @selected=""true""]   and   //*[contains(@text, ""北京南站"")  and contains(@resource-id, ""id/route_edit_summary_start"")  ]  and //*[contains(@text, ""北京丰台站"")  and contains(@resource-id, ""id/route_edit_summary_end"")  ]  ''' ]}","","","",""
"","minimap_15","minimap","高德地图","com.autonavi.minimap/com.autonavi.map.activity.SplashActivity","常用地点","1","1","1","3.5","H","hard","8","高德设置一下公司的地址为小米科技园B栋","{""xpath"": ['''   //*[contains(@text, ""公司  小米科技园"") ]  ''' ]} ###{""xpath"": [''' //*[contains(@text, ""设置公司地址"") ] and //*[contains(@text, ""小米科技园"")  and contains(@class, ""EditText"") ] ''' ]} ","","","",""
"","minimap_17","minimap","高德地图","com.autonavi.minimap/com.autonavi.map.activity.SplashActivity","附近","","1","","1","E","medium","5","打开高德地图附近页，看看附近有没有洗车的4s店","{""xpath"": ['''//*[contains(@resource-id, ""id/tab_bar_item_parent"") and bbox_contains_point(@bounds,$point) and (child::*[contains(@text, ""附近"") ]  )   ]  ''' ,  '''//*[contains(@content-desc, ""搜索框"") and (contains(@content-desc, ""4S店"") or contains(@content-desc, ""4s店"") ) ] ''' ]}  ","","","",""
"","qq_8","qq","QQ","com.tencent.mobileqq/.activity.SplashActivity","消息","1","1","","1.5","M","hard","6","打开QQ给绕堤沙发送“恭喜发财”的表情包","{""xpath"": ['''//*[contains(@text, ""绕堤沙"") ]  and //*[contains(@text, ""恭喜发财"")  and contains(@class, ""EditText"")]  and //*[contains(@class, ""RelativeLayout"") and bbox_contains_point(@bounds,$point) ]''']}","","","",""
"","qq_4","qq","QQ","com.tencent.mobileqq/.activity.SplashActivity","搜索","","1","","1","E","hard","6","打开QQ添加1098074562为好友","{""xpath"": [ '''//*[contains(@text, ""绕堤沙"") and contains(@resource-id, ""id/nickname"") ] and //*[contains(@text, ""发送"") and bbox_contains_point(@bounds,$point) ] ''' ]}###{""xpath"": [ '''//*[contains(@text, ""1098074562"") and contains(@class, ""EditText"") and contains(@content-desc, ""搜索"") ]   and  //*[contains(@text, ""1098074562"") and contains(@class, ""TextView"") and ( following-sibling::*[@text=""已添加""])]  ''' ]}","Need","TRUE","",""
"","qq_10","qq","QQ","com.tencent.mobileqq/.activity.SplashActivity","消息","1","1","","1.5","M","hard","6","打开QQ给绕堤沙发送一个微笑的emoji","{""xpath"": ['''//*[contains(@text, ""绕堤沙"")    ]  and //*[contains(@text, "".."")  and contains(@class, ""EditText"")]  and //*[contains(@text, ""发送"") and bbox_contains_point(@bounds,$point) ]''']}","","TRUE","",""
"","qq_19","qq","QQ","com.tencent.mobileqq/.activity.SplashActivity","个人中心","1","1","","1.5","M","hard","7","我要更换QQ模式到关怀模式","{""xpath"": [ '''  //*[contains(@text, ""开启关怀模式"") and bbox_contains_point(@bounds,$point) ] ''' ]}","Need","TRUE","",""
"","qq_28","qq","QQ","com.tencent.mobileqq/.activity.SplashActivity","动态","","1","1","3","H","hard","5","打开QQ运动查看我的运动勋章","{""xpath"": ['''//*[contains(@class, ""LinearLayout"") and bbox_contains_point(@bounds,$point) and (child::*[contains(@text, ""运动"")  ] ) ] ''']}","","","",""
"","wuba_5","wuba","58同城-招聘找工作租房家政买车","com.wuba/.home.activity.HomeActivity","搜索","","1","","1","E","hard","6","在58同城中查看二手车小米SU7的具体参数配置","{""xpath"": ['''  //*[contains(@text, ""参数配置"")  and contains(@resource-id, ""id/title"")  ]  and //*[contains(@text, ""小米SU7"")  and contains(@resource-id, ""id/tv_top_title"")  ] ''' ]}","","","",""
"","wuba_11","wuba","58同城-招聘找工作租房家政买车","com.wuba/.home.activity.HomeActivity","搜索","","1","","1","E","hard","8","在58同城的租房频道筛选合租、主卧的个人房源","{""xpath"": ['''//*[contains(@class, ""RelativeLayout"") and bbox_contains_point(@bounds,$point) and (child::*[contains(@text, ""个人"")  and contains(@resource-id, ""id/select_item_text"")  ] ) ] ''', '''//*[contains(@class, ""RelativeLayout"") and bbox_contains_point(@bounds,$point) and (child::*[contains(@text, ""主卧"")  and contains(@resource-id, ""id/select_item_text"")  ] ) ] ''']}###{""xpath"": ['''//*[contains(@text, ""个人"") and bbox_contains_point(../@bounds,$point)] ''', '''//*[contains(@text, ""合租"") and bbox_contains_point(../@bounds,$point)] ''', '''//*[contains(@text, ""主卧"") and bbox_contains_point(../../@bounds,$point)] ''']}","","","",""
"","wuba_12","wuba","58同城-招聘找工作租房家政买车","com.wuba/.home.activity.HomeActivity","搜索","1","1","","1.5","M","medium","5","帮我在58同城中把当前城市改为合肥","{""xpath"": ['''  //*[contains(@text, ""合肥"")  and contains(@resource-id, ""id/title"")  ]   ''' ]}","","TRUE","",""
"","wuba_25","wuba","58同城-招聘找工作租房家政买车","com.wuba/.home.activity.HomeActivity","设置","","1","1","3","H","hard","5","去58同城看一下它的资质协议","{""xpath"": ['''//*[contains(@class, ""RelativeLayout"") and bbox_contains_point(@bounds,$point) and (child::*[contains(@text, ""资质协议"")  ] )  ] ''']} ","","","",""
"","wuba_24","wuba","58同城-招聘找工作租房家政买车","com.wuba/.home.activity.HomeActivity","设置","","1","1","3","H","hard","8","去58同城关闭首页视频自动播放","{""xpath"": [''' //*[contains(@text, ""自动播放设置"")] and  //*[contains(@text, ""关闭"") ]  and //*[contains(@text, ""首页视频直播自动播放设置"") ]  ''']} ","","TRUE","",""
"","tonghuashun_6","tonghuashun","同花顺-股票炒股","com.hexin.plat.android/.Hexin","搜索","","2","","2","M","hard","9","在同花顺看一下青岛啤酒的图解财报","{""xpath"": [''' //*[contains(@text, ""青岛啤酒"")] and //*[contains(@text, ""图解财报"") and contains(@resource-id, ""id/title_bar_middle"") ]  ''' ]} ###{""xpath"": [  '''  //*[contains(@text, ""青岛啤酒"")] and //*[contains(@text, ""财报"") and bbox_contains_point(../@bounds,$point) ] ''' ]}","","TRUE","",""
"","tonghuashun_17","tonghuashun","同花顺-股票炒股","com.hexin.plat.android/.Hexin","自选","1","","1","2.5","H","hard","5","在同花顺播放自选股资讯的全部新闻","{""xpath"": ['''  //*[contains(@text, ""自选股新闻"")  and contains(@resource-id, ""id/title_bar_middle"")  ]  and //*[contains(@resource-id, ""id/tts_bar_play_all"") and contains(@text, ""播放全部"") and bbox_contains_point(@bounds,$point)  ] ''' ]}","","","",""
"","tonghuashun_19","tonghuashun","同花顺-股票炒股","com.hexin.plat.android/.Hexin","自选","","1","1","3","H","medium","5","在同花顺订阅自选分析里的晚报","{""xpath"": ['''  //*[contains(@text, ""自选分析"")  and contains(@resource-id, ""id/title_bar_middle"")  ]  and //*[ contains(@text, ""每天20:30"") ]  and //*[ contains(@text, ""已订阅"") ] ''' ]}###{""xpath"": ['''//*[contains(@text, ""自选分析"")  and contains(@resource-id, ""id/title_bar_middle"")  ]  and //*[contains(@text, ""晚报"")  and bbox_contains_point(@bounds,$point)] ''' ]}","","","",""
"","tonghuashun_20","tonghuashun","同花顺-股票炒股","com.hexin.plat.android/.Hexin","理财","","","1","2","M","hard","4","我想看一下同花顺的基金涨幅榜","{""xpath"": [  '''//*[contains(@text, ""涨幅榜"")] and //*[contains(@text, ""反弹榜"")] and //*[contains(@text, ""人气榜"")  ] and //*[contains(@text, ""加仓榜"")  ] ''' ]}","","","",""
"","tonghuashun_28","tonghuashun","同花顺-股票炒股","com.hexin.plat.android/.Hexin","设置","2","1","","2","M","medium","4","在同花顺开启屏幕常亮","{""xpath"": ['''//*[contains(@text, ""屏幕常亮"")     and contains(@resource-id, ""id/textView"")  and ( following-sibling::*[contains(@content-desc, ""已关闭"") and contains(@resource-id, ""id/switch_button"") ]) ]  ''' ]}","","TRUE","",""
"","baidubrowser_4","baidubrowser","百度-AI智能搜索","com.baidu.searchbox/.MainActivity","搜索","","1","","1","E","medium","4","在百度浏览器里打开百度热搜的体育榜的第一条新闻","{""xpath"": ['''//*[contains(@text, ""体育"") and @selected=""true""] or //*[contains(@class, ""FrameLayout"") and bbox_contains_point(@bounds,$point) and (child::*[contains(@text, ""体育"")  ] ) ]  ''' ]}","","","",""
"","baidubrowser_14","baidubrowser","百度-AI智能搜索","com.baidu.searchbox/.MainActivity","设置","1","1","","1.5","M","medium","4","设置百度浏览器为夜间模式","{""xpath"": ['''//*[contains(@class, ""FrameLayout"") and bbox_contains_point(@bounds,$point) and (child::*[contains(@text, ""夜间模式"") ] ) ] ''']}###{""xpath"": [''' //*[contains(@text, ""日间模式"")  and contains(@resource-id, ""id/obfuscated"")] ''']} ","","TRUE","",""
"","baidubrowser_15","baidubrowser","百度-AI智能搜索","com.baidu.searchbox/.MainActivity","设置","2","2","1","5","H","hard","16","在百度浏览器中添加一个收货地址，姓名是张三，电话是13810069493，地区是北京海淀区清河街道，详细地址是小米科技园","{""xpath"": [  '''//*[contains(@text, ""张三"")] and //*[contains(@text, ""13810069493"")] and //*[contains(@text, ""北京  海淀区  清河街道"")] and //*[contains(@text, ""小米科技园"")] and  //*[contains(@text, ""保存"")  and bbox_contains_point(@bounds,$point) ]  ''' ]}","","TRUE","",""
"","baidubrowser_17","baidubrowser","百度-AI智能搜索","com.baidu.searchbox/.MainActivity","设置","1","1","1","3.5","H","hard","6","在百度浏览器关闭图片自动播放","{""xpath"": [ '''  //*[@checkable=""true"" and @checked=""false"" and (preceding-sibling::*[contains(@text, ""图片自动播放"")  ])]''' ]}###{""xpath"": [''' //*[contains(@text, ""图片自动播放"")  and (bbox_contains_point(../@bounds,$point)or bbox_contains_point(../../@bounds,$point))] ''']}","","TRUE","",""
"","baidubrowser_18","baidubrowser","百度-AI智能搜索","com.baidu.searchbox/.MainActivity","设置","1","1","1","3.5","H","hard","6","在百度浏览器设置应用安装后删除安装包","{""xpath"": [ '''  //*[@checkable=""true"" and @checked=""true""] and  //*[contains(@text, ""应用安装后删除安装包"")] ''' ]}###{""xpath"": [''' //*[contains(@text, ""应用安装后删除安装包"")  and (bbox_contains_point(../@bounds,$point)or bbox_contains_point(../../@bounds,$point))] ''']}","","TRUE","",""
"","rimet_4","rimet","钉钉","com.alibaba.android.rimet/.biz.LaunchHomeActivity","消息","","1","1","3","H","medium","5","在钉钉里将钉钉小秘书设为置顶","{""xpath"": [''' //*[contains(@resource-id, ""id/switch_top"") and @checkable=""true"" and @checked=""true""]''' ]}","Need","TRUE","",""
"","rimet_6","rimet","钉钉","com.alibaba.android.rimet/.biz.LaunchHomeActivity","消息","","1","","1","E","hard","7","去钉钉添加15010284323为我的好友","{""xpath"": [''' //*[contains(@class, ""FrameLayout"" ) and bbox_contains_point(@bounds,$point) and (child::*[contains(@text, ""发送好友请求"") and contains(@resource-id, ""id/menu_item_entry_tv"") ]) ] and //*[contains(@text, ""倬"") and contains(@resource-id, ""id/tv_nick_multiline"") ] ''' ]}###{""xpath"": ['''//*[contains(@text, ""吴沁倬"") and contains(@resource-id, ""id/tv_nick_multiline"") ] ''']}###{""xpath"": ['''//*[contains(@text, ""倬"") and contains(@resource-id, ""id/tv_nick_multiline"") ] and //*[contains(@text, ""再次发送好友请求"") ]''']}","","TRUE","",""
"874","rimet_14","rimet","钉钉","com.alibaba.android.rimet/.biz.LaunchHomeActivity","我的","","1","1","3","H","hard","5","去钉钉打开个人空间","{""xpath"": ['''//*[contains(@text, ""个人空间"") and contains(@resource-id, ""id/tv_personal_space"")] ''']}","Need","","",""
"","rimet_10","rimet","钉钉","com.alibaba.android.rimet/.biz.LaunchHomeActivity","协作","","1","","1","E","medium","4","查看一下钉钉里最近的文档","{""xpath"": ['''//*[contains(@text, ""文档"") and contains(@resource-id, ""id/tv_tab_name"") and @selected=""true""] ''']}","","","",""
"278","rimet_11","rimet","钉钉","com.alibaba.android.rimet/.biz.LaunchHomeActivity","通讯录","","1","1","3","H","medium","4","帮我查看一下我的钉钉好友动态","{""xpath"": ['''//*[contains(@text, ""动态"") and contains(@resource-id, ""id/circle_actionbar_title"")] ''']}","Need","","",""
"264","seeyou_4","seeyou","美柚","com.lingan.seeyou/.ui.activity.main.SeeyouActivity","记录","1","1","","1.5","M","hard","8","在美柚里面填写我今天的经期症状为腹痛、便秘","{""xpath"": ['''//*[contains(@resource-id, ""symptom_item"") and bbox_contains_point(@bounds,$point) and (self::*[contains(@text, ""腹痛"")] or following-sibling::*[contains(@text, ""腹痛"")]   ) ]''','''//*[contains(@resource-id, ""symptom_item"") and bbox_contains_point(@bounds,$point) and (self::*[contains(@text, ""便秘"")] or following-sibling::*[contains(@text, ""便秘"")]    ) ] ''', ''' //*[contains(@text, ""确定"") and bbox_contains_point(@bounds,$point) ]''']}","Need","TRUE","",""
"","seeyou_6","seeyou","美柚","com.lingan.seeyou/.ui.activity.main.SeeyouActivity","记录","","3","","3","H","hard","10","在美柚里面添加我今天的体重为55公斤","{""xpath"": [''' //*[contains(@text, ""体重"") and contains(@resource-id, ""id/title_tv"")] and //*[contains(@text, ""55"") and contains(@resource-id, ""id/dltp_tv_value"")] and //*[contains(@text, ""确定"") and bbox_contains_point(@bounds,$point) ]''']}","Need","TRUE","",""
"449","seeyou_13","seeyou","美柚","com.lingan.seeyou/.ui.activity.main.SeeyouActivity","我的","","","1","2","M","medium","5","帮我查看美柚健康养生馆的最新发帖","{""xpath"": [ '''//*[contains(@text, ""健康养生馆"") and contains(@resource-id, ""id/tv_name"")] and //*[contains(@text, ""最新发帖"")  and bbox_contains_point(@bounds,$point) ] ''' ]}","","","",""
"","seeyou_15","seeyou","美柚","com.lingan.seeyou/.ui.activity.main.SeeyouActivity","我的","","","1","2","M","medium","5","在美柚上打开我的挂件墙","{""xpath"": ['''//*[contains(@text, ""挂件墙"") ] and //*[contains(@text, ""恢复默认"") ]  ''']}","","","",""
"","seeyou_19","seeyou","美柚","com.lingan.seeyou/.ui.activity.main.SeeyouActivity","我的","1","","","0.5","E","hard","6","在美柚中设置不使用美柚专属字体","{""xpath"": ['''//*[contains(@text, ""字体变更将在重启后生效"") ] ''']}###{""xpath"": ['''//*[contains(@text, ""使用美柚专属字体"") ] ''']}","Need","TRUE","",""
