task_id,task_identifier,task_app,task_app_CHN,adb_home_page,functional_point,difficulty_level,golden_steps,goal,key_nodes,Reset,reset_steps,reset_query,reset_xpath
0,bili_13,bili,哔哩哔哩,tv.danmaku.bili/tv.danmaku.bili.MainActivityV2,影视,medium,6,在B站打开西游记第二集,"{""xpath"": ['''//*[contains(@content-desc, ""西游记"") ] and //*[contains(@text, ""选集"") and contains(@resource-id, ""title"") ] and //*[contains(@text, ""第 2 集"") and contains(@resource-id, ""title"") ] ''']}###{""xpath"": ['''//*[contains(@text, ""西游记"") and contains(@text, ""第二集"") and contains(@resource-id, ""id/title"") ]  ''']}",Search,6,我需要清空哔哩哔哩的搜索历史，步骤如下：1. 打开哔哩哔哩，点击首页顶部的搜索框。2.在搜索页中部的搜素历史那一栏右侧有一个垃圾桶按钮，这代表着清空搜索历史，点击这个垃圾桶按钮。3. 在弹出的“删除全部搜索历史”弹窗中，点击“全部删除”按钮。 按照以上步骤清空搜索历史,"{""xpath"": [''' //*[contains(@text, ""全部删除"") and bbox_contains_point(@bounds,$point) ]  and //*[contains(@text, ""全部搜索历史"") ]  ''']}###{""xpath"": [''' //*[ contains(@resource-id, ""id/search_src_text"") ]  and //*[contains(@text, ""bilibili热搜"")] and not(//*[contains(@text, ""搜索历史"")] ) ''' ]}"
132,bili_17,bili,哔哩哔哩,tv.danmaku.bili/tv.danmaku.bili.MainActivityV2,关注,easy,4,在哔哩哔哩，找到我关注的人的动态，并给里面的动态点赞,"{""xpath"": [''' //*[contains(@text, ""关注"")  and contains(@resource-id, ""id/title"")   ] and //*[contains(@resource-id, ""id/dy_card_like"") and bbox_contains_point(@bounds,$point)]''' ]}",Need,4,我需要取消对关注的人的动态的点赞。步骤如下：1. 打开哔哩哔哩，点击首页底部的动态按钮。 2. 在动态页面查看第一条动态。它的右下方有一个大拇指形状的点赞按钮。如果按钮被选中，代表我已对这条动态点赞。点击这个点赞按钮以取消。如果按钮没有被选中，说明点赞已取消，任务完成。,"{""xpath"": ['''//*[contains(@text, ""关注"")  and contains(@resource-id, ""title"") ] ''' ]}"
0,bili_18,bili,哔哩哔哩,tv.danmaku.bili/tv.danmaku.bili.MainActivityV2,会员购,medium,6,在B站会员购中搜索哆啦A梦,"{""xpath"": ['''//*[contains(@text, ""会员购"")   and contains(@resource-id, ""id/new_title_text"")   ]'''  , '''//*[(contains(@text, ""哆啦A梦"") or contains(@text, ""哆啦a梦""))  and contains(@class, ""EditText"")   ]''' ]}",Search,6,我需要清空哔哩哔哩会员购页面的搜索历史，步骤如下：1. 打开哔哩哔哩，点击首页底部的会员购按钮。 2. 在会员购页面点击顶部的搜索框。3.如果在搜索页中看到有搜素历史一栏，它的右侧有一个垃圾桶按钮，这代表着清空搜索历史，点击这个垃圾桶按钮。如果没有发现搜索历史这一栏，说明历史已被清空，任务完成。,"{""xpath"": [''' //*[contains(@resource-id, ""search_history_clear_iv"") and bbox_contains_point(@bounds,$point) ] ''']}###{""xpath"": [''' //*[contains(@text, ""搜索发现"") ]  and //*[contains(@text, ""热搜商品榜"") ]  ''']}"
0,bili_27,bili,哔哩哔哩,tv.danmaku.bili/tv.danmaku.bili.MainActivityV2,设置,hard,9,打开B站私信智能拦截,"{""xpath"": ['''//*[contains(@text, ""消息设置"") and contains(@text, ""消息提醒"") and contains(@text, ""私信智能拦截"")] ''']}",Need,9,我需要关闭B站的私信智能拦截。步骤如下：1. 打开哔哩哔哩，点击首页底部的“我的”按钮。 2. 进入“我的”页面，如果页面背景是黑色的，点击右上角的太阳按钮切换到日间模式。如果页面背景是白色的，前往步骤3。3.在“我的”页面向上滑动，直到露出更多服务底部的“设置”按钮。4. 点击设置按钮，进入设置页面。 5. 在设置页面点击“消息设置”按钮，进入消息设置页面。6. 在消息设置页面，如果私信智能拦截右侧的滑块是打开的，点击该滑块以关闭私信智能拦截。如果滑块是关闭的，说明私信智能拦截已关闭，任务完成。,"{""xpath"": ['''//*[contains(@text, ""消息设置"")] and //*[contains(@text, ""消息提醒"")] and //*[contains(@text, ""私信智能拦截"")] ''']}"
0,bili_28,bili,哔哩哔哩,tv.danmaku.bili/tv.danmaku.bili.MainActivityV2,设置,hard,11,打开B站定时关闭,"{""xpath"": ['''//*[contains(@class, ""ViewGroup"")  and bbox_contains_point(@bounds,$point) and (child::*[contains(@text, ""定时关闭"") and contains(@resource-id, ""id/title"")])]''' , ''' //*[contains(@text, ""定时关闭"") ]  and //*[@checkable=""true"" and @checked=""true"" and (preceding-sibling::*[contains(@text, ""自定义"") or contains(@text, ""分钟"")])]''' ]}",Need,11,我需要关掉B站的定时关闭。步骤如下：1. 打开哔哩哔哩，点击首页底部的“我的”按钮。 2. 在“我的”页面向上滑动，直到露出更多服务底部的设置按钮。3. 点击设置按钮，进入设置页面。 4. 在设置页面向上滑动，直到露出“定时关闭”按钮。 5. 点击“定时关闭”按钮，进入“定时关闭”页面。6. 在“定时关闭”页面，选中不开启选项。如果本来就选中了“不开启”选项，说明定时关闭已关掉，任务完成。,"{""xpath"": [ ''' //*[contains(@text, ""定时关闭"") ]  and //*[@checkable=""true"" and @checked=""true"" and (preceding-sibling::*[contains(@text, ""不开启"")])]''' ]}###{""xpath"": [ '''  //*[contains(@text, ""定时关闭"")  and (following-sibling::*[contains(@text, ""不开启"")])]''' ]}"
,neteasemusic_7,neteasemusic,网易云音乐,com.netease.cloudmusic/.activity.IconChangeDefaultAlias,搜索,medium,5,网易云查查包含七里香的歌单有哪些,"{""xpath"": ['''//*[contains(@class, ""view.View"") and bbox_contains_point(@bounds,$point) and (child::*[contains(@text, ""歌单"") ] ) ]  and //*[contains(@text, ""七里香"") ]  ''']}",Search,5,我需要清空网易云的搜索记录。步骤如下：1. 打开网易云音乐，点击首页顶部的搜索框。2.在搜索页中的搜素历史那一栏右侧有一个垃圾桶按钮，这代表着清空搜索历史，点击这个垃圾桶按钮。3. 在弹出的“确定要清空历史记录吗”的弹窗中，点击“清空”按钮。 按照以上步骤清空搜索历史,"{""xpath"": [''' //*[contains(@text, ""清空历史记录"") ]  and //*[contains(@text, ""清空"")  and (bbox_contains_point(../@bounds,$point) )] ''']}"
,neteasemusic_8,neteasemusic,网易云音乐,com.netease.cloudmusic/.activity.IconChangeDefaultAlias,搜索,hard,6,在网易云里找到歌手周杰伦的个人主页并关注他,"{""xpath"": ['''//*[contains(@text, ""周杰伦"")  and contains(@resource-id, ""id/nickname"") ]   and //*[contains(@text, ""已关注"")  and contains(@resource-id, ""id/followBtn"")]  ''' ]}",Need,6,我需要取消对歌手周杰伦的关注。步骤如下：1. 打开网易云音乐，点击首页顶部的搜索框。2.在搜索框中输入周杰伦，进行搜索。3. 搜索页顶部会显示周杰伦的头像和基本信息。如果头像右侧显示乐迷团，说明我已经关注了他，需要进入它的个人主页取消关注，点击周杰伦的头像区域进入他的主页。如果右侧显示“关注”，说明我没有关注他，任务完成。4. 如果进入了周杰伦的个人主页，基本信息下方有一个“已关注”按钮，点击“已关注”按钮以打开“取消关注”弹窗。这里如果看到的是“关注”按钮说明任务完成。 5. 在弹出的“取消关注”的弹窗中，点击“仍然取消”按钮，任务完成。 按照以上步骤取消对歌手周杰伦的关注。,"{""xpath"": ['''//*[contains(@text, ""周杰伦"") and contains(@resource-id, ""id/nickname"") ] and //*[@text=""关注"" and contains(@resource-id, ""id/followBtn"")] ''' ]} "
,neteasemusic_19,neteasemusic,网易云音乐,com.netease.cloudmusic/.activity.IconChangeDefaultAlias,笔记,hard,7,打开网易云发布笔记“逢考必过”,"{""xpath"": ['''//*[contains(@class, ""view.ViewGroup"") and bbox_contains_point(@bounds,$point) and (child::*[contains(@text, ""发布"") ] ) ]  and //*[contains(@text, ""逢考必过"")  and contains(@class, ""EditText"") ]  ''']}",Need,7,我需要删除之前发布的笔记。 步骤如下：1. 打开网易云音乐，点击首页底部的笔记按钮。2.在笔记页中点击顶部的关注按钮。3. 如果我的关注里面第一条的笔记内容是“逢考必过”，那是我自己发的，需要删除。如果第一条不是“逢考必过”，说明笔记已删除，任务完成。4. 如果需要删除笔记，点击该笔记右下角的三个点形状的按钮，这个按钮表示“更多功能”，点击后弹出一个包含分享、编辑、删除的弹窗。 5. 在弹窗中点击删除按钮，弹出一个删除笔记弹窗。 6. 在删除笔记弹窗中点击“直接删除”按钮，弹出“删除此动态”弹窗。 7. 在“删除此动态弹窗”点击删除按钮，任务完成。 按照以上步骤删除之前发布的笔记。,"{""xpath"": [''' //*[contains(@text, ""删除"") and bbox_contains_point(@bounds,$point) ]  and //*[contains(@text, ""删除此动态"") ]  ''']}###{""xpath"": [''' //*[contains(@text, ""笔记"") and @selected=""true""]  and   //*[contains(@text, ""关注"") and @selected=""true""] ''' ]}"
,neteasemusic_21,neteasemusic,网易云音乐,com.netease.cloudmusic/.activity.IconChangeDefaultAlias,我的,hard,6,打开网易云编辑我的资料，设置性别为女,"{""xpath"": ['''//*[contains(@text, ""我的资料"") ]   and   //*[contains(@text, ""性别"") ]  and   //*[contains(@text, ""女"") ] ''' ]}",Need,6,"打开网易云编辑我的资料，设置性别为男。步骤如下：1. 打开网易云音乐，点击首页底部的“我的”按钮。2.在“我的”页中可以看到我的头像和一些个人信息，如昵称,签名和性别。点击昵称，进入我的资料页。3. 在我的资料页中点击性别右侧的箭头按钮，弹出设置性别的弹窗。4. 在弹窗中选择“男”。按照以上步骤将我的性别设置为男。","{""xpath"": ['''//*[contains(@text, ""我的资料"") ]   and   //*[contains(@text, ""性别"") ]  and   //*[contains(@text, ""男"") ] ''' ]}"
,neteasemusic_22,neteasemusic,网易云音乐,com.netease.cloudmusic/.activity.IconChangeDefaultAlias,我的,hard,6,打开网易云编辑我的资料，设置简介为“事已至此，先睡觉吧”,"{""xpath"": ['''//*[contains(@text, ""我的资料"") ]   and  //*[contains(@text, ""简介"")]  and   //*[contains(@text, ""事已至此，先睡觉吧"") ]   ''' ]}",Need,16,"打开网易云编辑我的资料，删除我的简介。步骤如下：1. 打开网易云音乐，点击首页底部的“我的”按钮。2.在“我的”页中可以看到我的头像和一些个人信息，如昵称,签名和性别。点击昵称，进入我的资料页。3. 在我的资料页中点击简介右侧的箭头按钮，进入“编辑简介”页面。4. 在“编辑简介”页面中，通过点击输入法的删除按钮或这点击“clear Text”按钮删去已有的简介,让编辑框显示""请输入个人介绍...""的提示文字。 5. 点击右上角的完成按钮。按照以上步骤将删除我的简介","{""xpath"": ['''//*[contains(@text, ""我的资料"") ]   and  //*[contains(@text, ""简介"")]  and   //*[contains(@text, ""介绍一下自己吧"") ]   ''' ]}"
,neteasemusic_26,neteasemusic,网易云音乐,com.netease.cloudmusic/.activity.IconChangeDefaultAlias,我的,hard,6,在网易云音乐中把我的状态设置为许个愿,"{""xpath"": ['''//*[contains(@class, ""view.ViewGroup"") and bbox_contains_point(@bounds,$point) and (child::*[contains(@text, ""许个愿"") ] ) ]  and //*[contains(@text, ""选择状态"")]  and //*[contains(@text, ""完成"")] ''']}",Need,6,在网易云音乐中把我的状态设置为睡觉中。步骤如下：1. 打开网易云音乐，点击首页底部的“我的”按钮。2.在“我的”页面的顶部，头像图标的上方能看到当前的状态，点击当前的状态，打开状态编辑页面。 3. 在状态列表中可以看到睡觉中，点击睡觉中。 4. 点击完成按钮以关闭状态编辑页面。可以看到状态已经设置好了，页面顶部显示的是“睡觉中”的状态。,"{""xpath"": ['''//*[contains(@class, ""view.ViewGroup"") and bbox_contains_point(@bounds,$point) and (child::*[contains(@text, ""睡觉中"") ] ) ]  and //*[contains(@text, ""选择状态"")]  and //*[contains(@text, ""完成"")] ''']}###{""xpath"": ['''//*[contains(@text, ""睡觉中"") ]   and  //*[contains(@text, ""音乐"")]  and   //*[contains(@text, ""笔记"") ] and   //*[contains(@text, ""播客"") ]   ''' ]}"
,neteasemusic_28,neteasemusic,网易云音乐,com.netease.cloudmusic/.activity.IconChangeDefaultAlias,我的,hard,7,打开网易云深色模式,"{""xpath"": [''' //*[contains(@text, ""深色模式"") and ( following-sibling::*[@text=""开启""])]  and  //*[contains(@text, ""播放页常亮"") ] ''' ]}",Need,7,关闭网易云的深色模式。步骤如下：1. 打开网易云音乐，点击首页左上角的三条横线形状的按钮，打开设置菜单。2. 在设置菜单中点击底部的设置按钮，进入设置界面。 3.  在设置界面中点击通用按钮 4. 在通用设置页面里面，观察“深色模式”右侧的滑块，点击滑块让它处于关闭状态。 按照以上步骤关闭网易云的深色模式。,"{""xpath"": [''' //*[contains(@text, ""深色模式"") and ( following-sibling::*[@text=""关闭""])] ''' ]}"
,articlenews_4,articlenews,今日头条,com.ss.android.article.news/.activity.MainActivity,搜索,easy,5,在今日头条上搜一下今天五粮液的股价,"{""xpath"": ['''//*[contains(@text, ""五粮液"") and contains(@text, ""搜索"") and contains(@text, ""股价"")] ''']}",Search,5,清空今日头条的搜索历史，步骤如下：1. 打开今日头条，点击首页顶部的搜索框。2.在搜索页中的搜素历史那一栏右侧有一个垃圾桶按钮，这代表着清空搜索历史，点击这个垃圾桶按钮。3. 在展开项目中，点击“全部删除”按钮。 4. 在弹出的“是否清空搜索历史”的弹窗中，点击“确定”按钮。   按照以上步骤清空搜索历史,"{""xpath"": [ '''//*[contains(@text, ""清空搜索历史"")] and //*[contains(@text, ""确定"") and bbox_contains_point(@bounds,$point) ] ''' ]} ###{""xpath"": [''' //*[ contains(@text, ""搜索框"")]  and //*[contains(@text, ""猜你想搜"")] and not(//*[contains(@text, ""搜索历史"")] ) ''' ]}"
,articlenews_12,articlenews,今日头条,com.ss.android.article.news/.activity.MainActivity,我的,hard,8,去今日头条更换头像，从默认头像的艺术类中选一个,"{""xpath"": ['''//*[contains(@text,""选择默认头像"")] and //*[contains(@text, ""艺术"")]    and  //*[contains(@text, ""选取"") and bbox_contains_point(@bounds,$point) ] ''' ]} ",Need,8,去今日头条更换头像为默认头像的插画类第1个。步骤如下：1. 打开今日头条，点击首页右下角的“我的”按钮，进入个人中心页面。 2. 点击用户头像，进入头像编辑页面。3. 点击页面下方的“更换头像”按钮，弹出选项菜单。 4. 可以看到页面底部有几个选项，点击“从默认头像选择”按钮。 5. 在头像列表中，可以看到插画分类下有几个头像，选中第一个牛油果形状的头像。6. 选中头像后，点击页面右下角的选取按钮，完成头像更换。按照以上步骤更换头像。,"{""xpath"": ['''//*[contains(@text,""选择默认头像"")] and //*[contains(@text, ""插画"")]  and  //*[contains(@text, ""选取"") and bbox_contains_point(@bounds,$point) ] ''' ]} "
,articlenews_13,articlenews,今日头条,com.ss.android.article.news/.activity.MainActivity,我的,hard,8,去今日头条将我的性别设置为女,"{""xpath"": ['''//*[contains(@text, ""性别"")]  and //*[contains(@text, ""女"")] and  //*[contains(@text, ""编辑资料"") and contains(@resource-id, ""id/title"")] ''' ]}  ",Need,8,去今日头条将我的性别设置为男。步骤如下：1. 打开今日头条，点击首页右下角的“我的”按钮，进入个人中心页面。 2. 点击页面顶部的编辑按钮，进入编辑界面。3. 如果个人信息页面的性别选项显示为“男”，则任务已完成，无需更改。否则，点击性别选项，打开性别修改弹窗。4.在页面下方的选项中选择“男”。 5. 点击确认键，将性别修改为“男”。按照以上步骤将我的性别设置为男。,"{""xpath"": ['''//*[contains(@text, ""性别"")]  and //*[contains(@text, ""男"")] and  //*[contains(@text, ""编辑资料"") and contains(@resource-id, ""id/title"")] ''' ]}  "
,articlenews_15,articlenews,今日头条,com.ss.android.article.news/.activity.MainActivity,设置,hard,6,打开今日头条的夜间模式,"{""xpath"": [''' //*[contains(@text, ""日间模式"") and contains(@resource-id, ""id/d95"") ]''']}###{""xpath"": [''' //*[contains(@class, ""RelativeLayout"") and bbox_contains_point(@bounds,$point) and (child::*[contains(@text, ""深色模式"")  ] ) ]   ''']}",Need,6,关闭今日头条的夜间模式。步骤如下：1. 打开今日头条，点击首页右下角的“我的”按钮，进入个人中心页面。 2. 点击页面右上角的齿轮状的设置按钮，进入设置界面。3. 点击深色模式选项，打开修改页面。4.在页面中选择浅色模式，完成任务。按照以上步骤关闭今日头条的夜间模式。,"{""xpath"": [''' //*[contains(@text, ""深色模式"")  ] and //*[contains(@text, ""已关闭"")  ]''']}###{""xpath"": [''' //*[contains(@text, ""深色模式"")  ] and //*[contains(@text, ""浅色模式"")  ] ''']}"
,articlenews_16,articlenews,今日头条,com.ss.android.article.news/.activity.MainActivity,设置,medium,6,去今日头条把自动开启阅读模式关掉,"{""xpath"": ['''//*[contains(@text, ""自动开启阅读模式"")]  and //*[contains(@text, ""关闭"") and contains(@class, ""Switch"")] ''' ]}",Need,6,打开今日头条的自动开启阅读模式。步骤如下：1. 打开今日头条，点击首页右下角的“我的”按钮，进入个人中心页面。 2. 点击页面右上角的齿轮状的设置按钮，进入设置界面。3. 如果“自动开启阅读模式”的开关已经是关闭状态，这说明该功能已经关闭，无需更改。否则，打开“自动开启阅读模式”的开关，完成任务。按照以上步骤打开今日头条的自动开启阅读模式。,"{""xpath"": ['''//*[contains(@text, ""自动开启阅读模式"")]  and //*[ (contains(@text, ""打开"") or contains(@text, ""开启"") ) and contains(@class, ""Switch"")] ''' ]}"
,articlenews_19,articlenews,今日头条,com.ss.android.article.news/.activity.MainActivity,设置,medium,7,去今日头条设置不接受陌生人消息,"{""xpath"": [ '''//*[contains(@text, ""不再接收陌生人消息"")] and //*[contains(@text, ""确定关闭"") and bbox_contains_point(@bounds,$point) ] ''' ]} ###{""xpath"": [ '''//*[contains(@text, ""接收陌生人的消息"")] and //*[contains(@text, ""已关闭"")  ''' ]} ###{""xpath"": [ '''//*[contains(@text, ""陌生人消息"")] and //*[contains(@text, ""不接受陌生人的消息"")]  ''' ]} ",Need,7,去今日头条设置接受陌生人消息。步骤如下：1. 打开今日头条，点击首页右下角的“我的”按钮，进入个人中心页面。 2. 点击消息私信按钮，进入消息私信页面。3. 在消息私信页面，点击右上角的设置按钮，进入设置界面。4. 如果“陌生人消息”的选项显示的是“聚合消息”或“直接展示在聊天列表”，这说明该功能已经打开，无需更改。否则，点击陌生人信息。 5. 在陌生人消息设置页面，打开“接受陌生人的消息”的开关，完成任务。按照以上步骤设置接受陌生人消息。,"{""xpath"": [ '''//*[contains(@text, ""陌生人消息"")] and (//*[contains(@text, ""聚合消息"")] or //*[contains(@text, ""聊天列表"")])  ''' ]} ###{""xpath"": [ '''//*[contains(@text, ""接收陌生人的消息"")] and //*[contains(@text, ""已开启"")]  ''' ]} "
,fanqieread_5,fanqieread,番茄免费小说,com.dragon.read/.pages.splash.SplashActivity,搜索,hard,7,"在番茄里面看看明朝那些事儿的书评,并给第一条书评点赞","{""xpath"": [ '''//*[contains(@text, ""明朝那些事儿"") and contains(@text, ""书评"")  and contains(@class, ""EditText"") ]  and //*[contains(@text, ""轻按星星点评此书"") ] and //*[contains(@resource-id, ""id/ewe"") and bbox_contains_point(@bounds,$point) ]  '''  ]}",Need,7,"在番茄里面看看明朝那些事儿的书评,并取消第一条书评的点赞。步骤如下：1. 打开番茄免费小说，点击首页顶部的搜索框。2.在搜索框里输入“明朝那些事儿”，搜索。 3. 在搜索结果中，点击第一个“明朝那些事儿”，进入书籍详情页。 4. 在详情页面中，点击页面右侧的“更多书评”链接。 5. 在书评页面里，如果第一条条书评的爱心标签被标红，说明我给这条书评点过赞，再次点击该标签以取消。如果书评的爱心标签没有被标红，说明我没有给该书评点过赞，任务完成。通过以上步骤取消给明朝那些事儿的第一条书评的点赞","{""xpath"": [ '''//*[contains(@text, ""明朝那些事儿"") and contains(@text, ""书评"")  and contains(@class, ""EditText"") ]  and //*[contains(@text, ""轻按星星点评此书"") ] '''  ]}"
,fanqieread_6,fanqieread,番茄免费小说,com.dragon.read/.pages.splash.SplashActivity,搜索,easy,4,通过番茄小说搜索框搜索“阴间神探","{""xpath"": [ '''//*[contains(@text, ""阴间神探"") and contains(@class, ""EditText"") ]'''  ]}",Search,4,去番茄清除搜索历史。步骤如下：1. 打开番茄免费小说，点击首页顶部的搜索框。2.在搜索页中的搜素历史那一栏右侧有一个垃圾桶按钮，这代表着清空搜索历史，点击这个垃圾桶按钮。3. 在展开项目中，点击“全部删除”按钮。 4. 在弹出的“是否删除所有搜索历史”的弹窗中，点击“删除”按钮。   按照以上步骤清空搜索历史,"{""xpath"": [ '''//*[contains(@text, ""删除所有搜索历史"")] and //*[contains(@text, ""删除"") and bbox_contains_point(@bounds,$point) ] ''' ]} "
,fanqieread_17,fanqieread,番茄免费小说,com.dragon.read/.pages.splash.SplashActivity,书架,hard,7,进入番茄小说的“穿越”圈子并订阅它,"{""xpath"": [  '''//*[contains(@text, ""穿越圈"")] and //*[contains(@text, ""已订阅"")] and //*[contains(@text, ""最热"")]   and //*[contains(@text, ""最新"") ]''' ]}",Need,7,取消对番茄小说的“穿越”圈子的订阅。步骤如下：1.打开番茄免费小说，点击首页顶部的搜索框。2.在搜索框里输入“穿越”，搜索（如果一直处于加载页面，请 wait 等待）。3.在搜索结果中，只看综合的板块，往下滑动页面，寻找符合标签为“来自圈子·穿越”的贴子。4.点击这样的标签，进入穿越圈。 5.在穿越圈的右上角，如果标签显示的是“+订阅”，说明没有订阅这个圈子，任务完成。如果标签显示的是“已订阅”，点击该标签。6.在取消订阅的弹窗中，点击“确定”。通过以上步骤取消对番茄小说的“穿越”圈子的订阅。,"{""xpath"": [  '''//*[contains(@text, ""穿越圈"")] and //*[@text=""已订阅""] and //*[contains(@text, ""最热"")]   and //*[contains(@text, ""最新"") ]''' ]}###{""xpath"": [''' //*[contains(@text, ""确定"") and bbox_contains_point(@bounds,$point) ]  and //*[contains(@text, ""取消订阅"") ]  ''']}"
,fanqieread_18,fanqieread,番茄免费小说,com.dragon.read/.pages.splash.SplashActivity,我的,hard,8,把番茄的阅读偏好设置成男生小说,"{""xpath"": [ '''//*[contains(@text, ""选择你的兴趣偏好"")] and //*[contains(@text, ""男生小说"")] and //*[contains(@text, ""女生小说"")] and //*[contains(@text, ""我都爱看"") ]''' ]}",Need,8,"把番茄的阅读偏好设置成女生小说。步骤如下：1. 打开番茄免费小说，点击首页右下角的“我的”按钮，进入个人中心页面。 2. 在包含商城、浏览历史、我的消息等功能的工具栏中向右滑动，滑动的起始点是“我的消息”,按住起点按钮往右滑动。 3. 在更多工具栏中点击“阅读偏好”按钮 4.  在“选择你的兴趣爱好”页中，将看书偏好设置成女生小说。 5. 点击页面右上角的“保存”按钮，完成任务。如果按钮变灰也视作任务完成。按照以上步骤把番茄的阅读偏好设置成女生小说。","{""xpath"": [ '''//*[contains(@text, ""选择你的兴趣偏好"")] and //*[contains(@text, ""男生小说"")] and //*[contains(@text, ""女生小说"")] and //*[contains(@text, ""我都爱看"") ]''' ]}"
,fanqieread_25,fanqieread,番茄免费小说,com.dragon.read/.pages.splash.SplashActivity,设置,hard,7,番茄切换成大字体,"{""xpath"": [ '''//*[contains(@text, ""字体大小预览"")] and //*[contains(@text, ""大"") and bbox_contains_point(@bounds,$point) ] '''  ]} ",Need,7,把番茄切换成标准字体。步骤如下：1. 打开番茄免费小说，点击首页右下角的“我的”按钮，进入个人中心页面。 2. 点击页面右上角的齿轮状的设置图标。3. 在设置界面里点击“字体大小”这个选项。 4. 可以看到界面上有“标准”和“大”两个选项，点击“标准”选项以选中标准字体。5.点击页面右上角的“我知道了”保持当前设置。如果“我知道了”按钮变灰也视作任务完成。 6. 在弹出的“重新启动番茄小说即可生效”弹窗中，点击“我知道了”按钮。完成任务。按照以上步骤把番茄切换成标准字体。,"{""xpath"": [ '''//*[contains(@text, ""字体大小预览"")] and //*[contains(@text, ""标准"")] and //*[contains(@text, ""大"")]  '''  ]} "
,fanqieread_26,fanqieread,番茄免费小说,com.dragon.read/.pages.splash.SplashActivity,设置,hard,7,在番茄小说中随便打开一本小说，设置字号为22，翻页方式为上下,"{""xpath"": [ '''//*[contains(@text, ""翻页"")] and //*[contains(@text, ""上下"") and bbox_contains_point(@bounds,$point) ] ''' , '''//*[contains(@text, ""字号"")] and //*[contains(@text, ""22"")   ] ''' ]} ",Need,7,在番茄小说中设置字号为15，翻页方式为仿真。步骤如下，1. 打开番茄免费小说，点击“书城”板块中“小说栏”的第一本小说进入详情页。2. 在小说详情页左滑开始阅读，进入小说正文页。3. 在页面中心点点击，打开页面顶部底部的功能菜单。4. 点击页面右下角的设置按钮。 5. 在设置界面里点击“字体大小”这个选项。 6. 观察当前的字号，如果当前字号小于15，点击A+按钮以增加字号到15；如果当前字号大于15，点击字号选项中的A-按钮以降低字号到15。 6. 在翻页选项中选中仿真。 完成任务。按照以上步骤把番茄小说的字号设置为15，翻页方式为仿真,"{""xpath"": [ '''//*[contains(@text, ""翻页"")] and //*[contains(@text, ""仿真"")  ] ''' , '''//*[contains(@text, ""字号"")] and //*[contains(@text, ""15"") ] ''' ]} "
,pinduoduo_7,pinduoduo,拼多多,com.xunmeng.pinduoduo/.ui.activity.MainFrameActivity,搜索,hard,6,去拼多多打开婴儿湿巾的店铺首页,"{""xpath"": ['''//*[ contains(@content-desc, ""婴儿"")  and contains(@content-desc, ""湿巾"")  and contains(@resource-id, ""id/tv_title"") ] and  //*[ contains(@text, ""店铺"") and contains(@resource-id, ""id/pdd"") ]  ''' ,   ''' //*[ contains(@text, ""店铺"") and contains(@resource-id, ""id/pdd"") and bbox_contains_point(@bounds,$point) ]   or  //*[(contains(@class, ""ViewGroup"") or contains(@class, ""LinearLayout"")) and bbox_contains_point(@bounds,$point) and (child::*[contains(@text, ""进店"") or contains(@text, ""进入品牌"") ])] ''' ]}",Search,6,去拼多多清除搜索历史。步骤如下：1. 打开拼多多，点击首页顶部的搜索框。2.在搜索页中的最近搜索那一栏右侧有一个垃圾桶按钮，这代表着清空搜索历史，点击这个垃圾桶按钮。3.  在弹出的“确认删除最近搜索记录吗”的弹窗中，点击“删除”按钮。   按照以上步骤清空搜索历史,"{""xpath"": [ '''//*[contains(@text, ""删除最近搜索记录"")] and //*[contains(@text, ""删除"") and bbox_contains_point(@bounds,$point) ] ''' ]}###{""xpath"": [''' //*[ contains(@class, ""EditText"") ]  and //*[contains(@text, ""搜索发现"")] and not(//*[contains(@text, ""最近搜索"")] ) ''' ]}"
,pinduoduo_16,pinduoduo,拼多多,com.xunmeng.pinduoduo/.ui.activity.MainFrameActivity,频道,medium,6,收藏拼多多袜子第一款商品,"{""xpath"": ['''//*[ contains(@content-desc, ""袜子"")  and contains(@resource-id, ""id/tv_title"") ] and  //*[ contains(@text, ""店铺"") and contains(@resource-id, ""id/pdd"") ]  ''' ,   ''' (//*[ contains(@content-desc, ""收藏"") and contains(@class, ""LinearLayout"") and bbox_contains_point(@bounds,$point)  ] ) or  (//*[ contains(@content-desc, ""已收藏"") and contains(@class, ""LinearLayout"")] )   ''' ]}",Need,6,取消对拼多多第一款袜子的收藏。步骤如下，1. 打开拼多多，，点击首页右下角的“个人中心”按钮，进入个人中心页面。 2. 点击“商品收藏”按钮，进入商品收藏页。3. 点击右上角的管理。 4. 点击1件袜子商品左侧的选中框，选中1件袜子商品。 5. 点击左下角的删除，删除收藏的商品。6. 在弹出的“确认删除”弹窗中，点击“删除”按钮。完成任务。按照以上步骤取消对拼多多第一款袜子的收藏。,"{""xpath"": [ '''//*[contains(@text, ""确认删除"")] and //*[contains(@text, ""商品"")]  and //*[contains(@text, ""删除"") and bbox_contains_point(@bounds,$point) ] ''' ]} ###{""xpath"": [ '''//*[contains(@text, ""商品收藏"")] and //*[contains(@text, ""暂无收藏的商品"")]   ''' ]} "
,pinduoduo_26,pinduoduo,拼多多,com.xunmeng.pinduoduo/.ui.activity.MainFrameActivity,个人中心,hard,7,暂时关闭拼多多自动免拼,"{""xpath"": [  ''' //*[ contains(@text, ""免拼设置"")  and contains(@resource-id, ""id/tv_title"") ] and //*[contains(@text, ""暂时关闭"")   ]  ''' ]}",Need,7,打开拼多多的自动免拼。步骤如下：1. 打开拼多多，点击首页右下角的“个人中心”按钮，进入个人中心页面。 2. 向上滑动，直到页面中出现设置按钮。3.点击“设置”按钮，进入设置页。4. 点击免拼设置选项。 5. 点击免拼设置页面下方的自动免拼选项。 5. 点击开启，完成任务。按照以上步骤打开拼多多的自动免拼,"{""xpath"": [  ''' //*[ contains(@text, ""免拼设置"")  and contains(@resource-id, ""id/tv_title"") ]    ''' ]}"
,pinduoduo_27,pinduoduo,拼多多,com.xunmeng.pinduoduo/.ui.activity.MainFrameActivity,个人中心,hard,6,开启拼多多长辈模式,"{""xpath"": ['''//*[contains(@text, ""切换为长辈版"") and contains(@class, ""android.widget.Button"") and bbox_contains_point(@bounds,$point)] ''']}",Need,6,关闭拼多多长辈模式。步骤如下：1. 打开拼多多，点击首页右下角的“个人中心”按钮，进入个人中心页面。 2. 如果页面右上方有“关闭大字版”按钮，说明长辈模式已经打开，点击该按钮。如果没有这个按钮，说明长辈模式未打开，无需关闭。 3. 在点击“关闭大字版”按钮后，在长辈版页面中点击关闭长辈版，完成任务。按照以上步骤关闭拼多多长辈模式。,"{""xpath"": ['''//*[contains(@text, ""关闭长辈版"") and contains(@class, ""android.widget.Button"") and bbox_contains_point(@bounds,$point)] ''']}###{""xpath"": ['''//*[contains(@text, ""关闭大字版"")  and bbox_contains_point(@bounds,$point)] ''']}###{""xpath"": [ '''//*[contains(@text, ""设置"")] and //*[contains(@text, ""我的订单"")] and //*[contains(@text, ""查看全部"")] and //*[contains(@text, ""个人中心"") ]''' ]}"
,pinduoduo_28,pinduoduo,拼多多,com.xunmeng.pinduoduo/.ui.activity.MainFrameActivity,个人中心,hard,8,把拼多多头像更换为相册第一张照片,"{""xpath"": ['''//*[contains(@text, ""从手机相册选择"")  and bbox_contains_point(@bounds,$point)] ''' and  '''//*[contains(@resource-id, ""id/pdd"")  and bbox_contains_point(@bounds,$point)  and  (preceding-sibling::*[contains(@text, ""裁剪"") ])] ''' ]}",Need,8,把拼多多头像更换为相册中随机一张照片。步骤如下：1. 打开拼多多，点击首页右下角的“个人中心”按钮，进入个人中心页面。 2. 如果个人中心页面左上方的用户头像，进入“我的资料”页。 3. 在我的资料页中点击头像选项。 4. 在弹出的选项中选择“从手机相册选择”。 5. 在相机胶卷中选择第一张图片。6. 在裁剪页中选择对钩图标，更换头像完成。按照以上步骤更换拼多多头像。,"{""xpath"": ['''//*[contains(@text, ""从手机相册选择"")  and bbox_contains_point(@bounds,$point)] ''' and  '''//*[contains(@resource-id, ""id/pdd"")  and bbox_contains_point(@bounds,$point)  and  (preceding-sibling::*[contains(@text, ""裁剪"") ])] ''' ]}"
,minimap_13,minimap,高德地图,com.autonavi.minimap/com.autonavi.map.activity.SplashActivity,频道,medium,5,查看高德地图回西二旗地铁站的公交,"{""xpath"": ['''   //*[contains(@text, ""公共交通"") and @selected=""true""]   and   //*[contains(@text, ""我的位置"")  and contains(@resource-id, ""id/route_edit_summary_start"")  ]  and //*[contains(@text, ""西二旗"")  and contains(@resource-id, ""id/route_edit_summary_end"")  ]  ''' ]}",Search,5,清除高德地图的搜索历史。步骤如下：1. 打开高德地图，确定在“首页”板块而不是“我的”板块，点击“首页”里的搜索框。2.在搜索页中的历史记录那一栏右侧有一个清空按钮，这代表着清空历史记录，点击这个按钮。3.  在弹出的“清空历史记录”的弹窗中，点击“立即清空”按钮。   按照以上步骤清空搜索历史,"{""xpath"": [ '''//*[contains(@text, ""清空历史记录"")] and //*[contains(@text, ""立即清空"") and bbox_contains_point(@bounds,$point) ] ''' ]} "
,minimap_15,minimap,高德地图,com.autonavi.minimap/com.autonavi.map.activity.SplashActivity,常用地点,hard,9,高德设置一下公司的地址为小米科技园B栋,"{""xpath"": ['''   //*[contains(@text, ""公司  小米科技园"") ]  ''' ]}",Need,9,高德取消设置小米科技园B栋为公司地址。步骤如下：1. 打开高德地图，点击首页右下角的“我的”按钮，进入个人中心页面。 2. 如果个人中心页面右上方的螺帽状的设置图标，进入设置页。 3. 在设置页中点击常去地点管理选项。 4. 在常去地点页面中检查有没有类似“公司 小米科技园”的地点，如果没有，说明任务已完成，无需更多操作。 如果有，点击该地点右侧的三个点形状的图标，打开更多选项。5. 在弹出的选项中点击“删除”。按照以上步骤取消对公司地址的设置。,"{""xpath"": [ '''//*[contains(@text, ""家"")] and //*[contains(@text, ""公司"")] ''' ]} "
,minimap_16,minimap,高德地图,com.autonavi.minimap/com.autonavi.map.activity.SplashActivity,常用地点,hard,9,高德设置一下家的地址为北京大学东门,"{""xpath"": [''' //*[contains(@text, ""家 北京大学"") ] ''' ]}",Need,9,高德取消设置北京大学东门为家的地址。步骤如下：1. 打开高德地图，点击首页右下角的“我的”按钮，进入个人中心页面。 2. 如果个人中心页面右上方的螺帽状的设置图标，进入设置页。 3. 在设置页中点击常去地点管理选项。 4. 在常去地点页面中检查有没有类似“家 北京大学”的地点，如果没有，说明任务已完成，无需更多操作。 如果有，点击该地点右侧的三个点形状的图标，打开更多选项。5. 在弹出的选项中点击“删除”。按照以上步骤取消对家的地址的设置。,"{""xpath"": [ '''//*[contains(@text, ""家"")] and //*[contains(@text, ""公司"")] ''' ]} "
,qq_2,qq,QQ,com.tencent.mobileqq/.activity.SplashActivity,搜索,easy,5,打开QQ搜索找“吓死我了”表情,"{""xpath"": [ '''//*[contains(@text, ""吓死我了"")]   and //*[contains(@text, ""表情"") and @selected=""true""] ''' ]}",Search,5,去QQ清除搜索历史。步骤如下：1. 打开QQ，确定在"消息"的目录栏，点击首页顶部的搜索框。2.在搜索页中的最近搜索那一栏右侧有一个垃圾桶按钮，这代表着清空搜索历史，点击这个垃圾桶按钮。3. 在展开项目中，点击“清空”按钮。  按照以上步骤清空搜索历史,"{""xpath"": [ ''' //*[contains(@text, ""清空"") and bbox_contains_point(@bounds,$point) ] ''' ]} "
,qq_12,qq,QQ,com.tencent.mobileqq/.activity.SplashActivity,消息,hard,9,"打开QQ,将绕堤沙的名片发送给绕堤沙","{""xpath"": [ ''' //*[contains(@text, ""发送给"") ] and  //*[contains(@text, ""绕堤沙"")  ] and  //*[contains(@text, ""绕堤沙"") ] and //*[contains(@text, ""确定"") and contains(@resource-id, ""id/dialogRightBtn"") and bbox_contains_point(@bounds,$point) ] ''' ]}",Message,9,打开QQ，删除和绕堤沙的聊天记录。步骤如下：1. 打开QQ，点击绕堤沙的名字，打开和他的聊天窗口。2.在和绕堤沙的聊天界面里面，点击右上角的一个三条横线的按钮，调出设置菜单。 3. 在设置菜单中，点击删除聊天记录这个选项。 4. 在弹出窗口中，点击确认按钮。按照以上步骤删除和绕堤沙的聊天记录。,"{""xpath"": [ ''' //*[contains(@text, ""绕堤沙"")  ]  and //*[contains(@text, ""聊天设置"")  ]  ''' , ''' //*[contains(@text, ""确定删除本地聊天记录"")   ] and //*[contains(@text, ""确定"")  and bbox_contains_point(@bounds,$point) ] ''' ]}"
,qq_13,qq,QQ,com.tencent.mobileqq/.activity.SplashActivity,消息,hard,6,打开QQ，将和绕堤沙的聊天设为置顶,"{""xpath"": ['''//*[contains(@text, ""绕堤沙"") ] ''', '''//*[contains(@text, ""设为置顶"") ] and //*[contains(@text, ""聊天设置"") and contains(@resource-id, ""id/ivTitleName"") ] ''']} ",Need,6,打开QQ，将和绕堤沙的聊天取消置顶。步骤如下：1. 打开QQ，点击绕堤沙的名字，打开和他的聊天窗口。2.在和绕堤沙的聊天界面里面，点击右上角的一个三条横线的按钮，调出设置菜单。 3. 在设置菜单中，观察设为置顶这个选项，如果开关是打开的，关掉开关，取消将绕堤沙设为置顶。如果开关是关闭的，无需更多操作。按照以上步骤取消置顶和绕堤沙的聊天。,"{""xpath"": ['''//*[contains(@text, ""绕堤沙"") ] ''', '''//*[contains(@text, ""设为置顶"") ] and //*[contains(@text, ""聊天设置"") and contains(@resource-id, ""id/ivTitleName"") ] ''']} "
,qq_15,qq,QQ,com.tencent.mobileqq/.activity.SplashActivity,个人中心,medium,5,设置QQ状态为听歌中,"{""xpath"": [ ''' //*[contains(@text, ""听歌中"") and @selected=""true""] ''' ]}",Need,5,设置QQ状态为隐身。步骤如下：1. 打开QQ，页面左上角有头像和QQ名和一个图标。QQ名下方的图标就代表了当前的QQ状态，点击这个图标进入状态列表。 2. 在状态列表中选择隐身。完成任务。按照以上步骤设置QQ状态为隐身。,"{""xpath"": [ ''' //*[contains(@text, ""隐身"") and @selected=""true""] ''' ]}"
,qq_19,qq,QQ,com.tencent.mobileqq/.activity.SplashActivity,个人中心,hard,8,我要更换QQ模式到关怀模式,"{""xpath"": [ '''  //*[contains(@text, ""开启关怀模式"") and bbox_contains_point(@bounds,$point) ] ''' ]}",Need,8,关闭QQ的关怀模式。步骤如下：1. 打开QQ，点击页面左上角的头像，进入个人中心。 2. 在个人中心中点击左下角的设置按钮。 3. 在设置界面里选择“模式选择”选项。 4. 在模式选择里选中普通模式，如果本来选中的就是普通模式就无需更多操作。 5. 在弹出的提示需要重启才生效的窗口中，点击确定按钮，任务完成。通过以上步骤关闭关怀模式。,"{""xpath"": ['''//*[contains(@text, ""模式选择"") ]  and //*[contains(@text, ""普通模式"") ] and //*[contains(@text, ""关怀模式"")  ] ''']} "
,qq_20,qq,QQ,com.tencent.mobileqq/.activity.SplashActivity,个人中心,easy,4,打开QQ的夜间模式,"{""xpath"": ['''//*[contains(@class, ""RelativeLayout"") and bbox_contains_point(@bounds,$point) and (child::*[contains(@text, ""夜间"")  ] ) ] ''']} ###{""xpath"": ['''//*[contains(@class, ""widget.RecyclerView"") and bbox_contains_point(@bounds,$point) and (child::*[contains(@text, ""夜间模式"") ] ) ] ''']} ",Need,4,关闭QQ的夜间模式。步骤如下：1. 打开QQ，点击页面左上角的头像，进入个人中心。 2. 在个人中心中，如果页面左下角有一个“日间”按钮，说明当前是夜间模式，点击日间按钮以关闭夜间模式。如果页面左下角有一个“夜间”按钮，说明当前的夜间模式已关闭，无需更多操作。通过以上步骤关闭夜间模式。,"{""xpath"": ['''//*[contains(@text, ""设置"") ]  and //*[contains(@text, ""夜间"") ] and //*[contains(@text, ""相册"")  ] and //*[contains(@text, ""收藏"")  ] ''']} "
,qq_27,qq,QQ,com.tencent.mobileqq/.activity.SplashActivity,动态,medium,5,打开QQ动态给最新的一条动态点赞,"{""xpath"": ['''   //*[contains(@text, ""动态"") and @selected=""true""]  ''' , '''  //*[contains(@class, ""ImageView"") and @selected=""true""]  ''' ]}",Need,5,打开QQ取消对给最新的一条动态的点赞。步骤如下：1. 打开QQ，点击页面右下角的“动态”图标，进入动态页面。 2. 在动态页面中，查看第一条动态。在动态洗发，找到拇指形状的点赞按钮。如果这个按钮是蓝色的，说明当前已点赞，再次点击它以取消点赞。如果这个按钮是透明的，说明当前未点赞，无需更多操作。通过以上步骤取消对给最新的QQ动态的点赞。,"{""xpath"": ['''   //*[contains(@text, ""动态"") and @selected=""true""]  ''' , '''  //*[contains(@class, ""ImageView"") and @selected=""false""]  ''' ]}"
,wuba_7,wuba,58同城-招聘找工作租房家政买车,com.wuba/.home.activity.HomeActivity,搜索,hard,7,在58同城中查看58官方的日常保洁的具体用户评价,"{""xpath"": [  '''//*[contains(@text, ""保洁"")]  ''' ,''' //*[contains(@text, ""总分"")] and //*[contains(@text, ""服务评价"")  ]''' ]}",Search,7,清除58同城的搜索记录。步骤如下：1. 打开58同城，点击首页顶部的搜索框。2.在搜索页中的历史搜索那一栏右侧有一个垃圾桶按钮，这代表着清空搜索历史，点击这个垃圾桶按钮。3. 在“是否要清空搜索历史”的弹窗中，点击“确定”按钮。  按照以上步骤清空搜索历史,"{""xpath"": [ '''//*[contains(@text, ""清空搜索历史"")] and //*[contains(@text, ""确定"") and bbox_contains_point(@bounds,$point) ] ''' ]} "
,wuba_12,wuba,58同城-招聘找工作租房家政买车,com.wuba/.home.activity.HomeActivity,搜索,medium,6,帮我在58同城中把当前城市改为合肥,"{""xpath"": ['''  //*[contains(@text, ""合肥"")  and contains(@resource-id, ""id/title"")  ]   ''' ]}",Need,6,在58同城中把当前城市改为北京。步骤如下：1. 打开58同城，首页的左上角显示的是APP定位的当前城市，点击它。 2.在城市列表的顶部是一个搜索框，点击搜索框。3. 在城市列表的搜索框中输入“北京”。 4. 在搜索结果中选中北京。按照以上步骤将当前城市改为北京。,"{""xpath"": ['''  //*[contains(@text, ""北京"")  and contains(@resource-id, ""id/title"")  ]   ''' ]}"
,wuba_23,wuba,58同城-招聘找工作租房家政买车,com.wuba/.home.activity.HomeActivity,设置,hard,6,去58同城打开长辈模式,"{""xpath"": [ '''  //*[contains(@text, ""开启长辈模式"") and contains(@resource-id, ""id/switch_elder"") and bbox_contains_point(@bounds,$point) ] ''' ]}",Need,6,去58同城关闭长辈模式。步骤如下：1. 打开58同城，点击首页右下角的“我的”按钮，进入个人中心页面。 2. 如果页面左下角有“返回普通版”按钮，说明长辈模式已经打开，点击该按钮。如果没有这个按钮，说明长辈模式未打开，无需关闭。 3. 在点击“返回普通版”按钮后，在长辈模式页面中点击关闭长辈模式，完成任务。按照以上步骤关闭58同城长辈模式。,"{""xpath"": ['''//*[contains(@text, ""关闭长辈模式"") and bbox_contains_point(@bounds,$point)] ''']}###{""xpath"": [ '''//*[contains(@text, ""设置"")] and //*[contains(@text, ""我的发布"")] and //*[contains(@text, ""我的收藏"")] and //*[contains(@text, ""扫一扫"") ]''' ]}"
,wuba_24,wuba,58同城-招聘找工作租房家政买车,com.wuba/.home.activity.HomeActivity,设置,hard,9,去58同城关闭首页视频自动播放,"{""xpath"": [''' //*[contains(@text, ""自动播放设置"")] and  //*[contains(@text, ""关闭"") ]  and //*[contains(@text, ""首页视频直播自动播放设置"") ]  ''']} ",Need,9,去58同城将首页视频自动播放设置为“移动网络和WiFI”。步骤如下：1. 打开58同城，点击首页右下角的“我的”按钮，进入个人中心页面。 2. 点击页面右上角的设置按钮。 3. 点击自动播放设置选择。4.  如果“首页视频直播自动播放设置”的选项选择的是“移动网络和WiFI”，说明任务已完成，无需更多操作。否则，点击“首页视频直播自动播放设置”选项，打开选项卡。 5. 在选项卡中选中“移动网络和WiFI”。 6. 点击确定按钮，完成任务。按照以上步骤关闭58同城首页视频自动播放。,"{""xpath"": [''' //*[contains(@text, ""自动播放设置"")] and  //*[contains(@text, ""移动网络和WiFi"") ]  and //*[contains(@text, ""首页视频直播自动播放设置"") ]  ''']} "
,wuba_26,wuba,58同城-招聘找工作租房家政买车,com.wuba/.home.activity.HomeActivity,我的,hard,10,去58同城将我目前的状态更换为随便看看,"{""xpath"": ['''  //*[contains(@text, ""状态"")  and contains(@resource-id, ""id/userinfo_edit_lable"") ]    and //*[contains(@text, ""随便看看"") and contains(@resource-id, ""id/userinfo_edit_value"")  ]     ''' ]}",Need,10,去58同城将状态更换为租房。步骤如下：1. 打开58同城，点击首页右下角的“我的”按钮，进入个人中心页面。2，点击左上角的头像和名字下的“个人主页” 2. 打开“个人主页”后，点击“编辑资料”按钮，进入个人信息页。 3. 在个人信息页中点击头像和账号名右侧的编辑图标，编辑图标长得像一支铅笔和纸。进入编辑个人资料页面。 4. 点击“状态”选项，打开选项卡。 5. 在选项卡中选中“租房”。 6. 点击确定按钮，完成任务。按照以上步骤将58同城状态更换为租房。,"{""xpath"": ['''  //*[contains(@text, ""状态"")  and contains(@resource-id, ""id/userinfo_edit_lable"") ]    and //*[contains(@text, ""租房"") and contains(@resource-id, ""id/userinfo_edit_value"")  ]     ''' ]}"
,wuba_27,wuba,58同城-招聘找工作租房家政买车,com.wuba/.home.activity.HomeActivity,我的,hard,11,去58同城将我的性别修改为女,"{""xpath"": ['''  //*[contains(@text, ""我是"")  and contains(@resource-id, ""id/userinfo_edit_lable"") ]    and //*[contains(@text, ""女"") and contains(@resource-id, ""id/userinfo_edit_value"")  ]     ''' ]}",Need,11,去58同城将性别修改为男。步骤如下：1. 打开58同城，点击首页右下角的“我的”按钮，进入个人中心页面。 2. 点击“编辑资料”按钮，进入个人信息页。 3. 在个人信息页中点击头像和账号名右侧的编辑图标，编辑图标长得像一支铅笔和纸。进入编辑个人资料页面。 4.  点击“我是”选项，打开选项卡。 5. 在选项卡中选中“男”。 6. 点击确定按钮，完成任务。按照以上步骤将58同城状态更换为租房。,"{""xpath"": ['''  //*[contains(@text, ""我是"")  and contains(@resource-id, ""id/userinfo_edit_lable"") ]    and //*[contains(@text, ""男"") and contains(@resource-id, ""id/userinfo_edit_value"")  ]     ''' ]}"
,tonghuashun_9,tonghuashun,同花顺-股票炒股,com.hexin.plat.android/.Hexin,搜索,hard,8,在同花顺看一下燕京啤酒的历史回看,"{""xpath"": [''' //*[contains(@text, ""历史回看"") and contains(@resource-id, ""id/title_bar_middle"") ]  and //*[contains(@text, ""燕京啤酒"") ] ''' ]}",Search,8,清除同花顺的搜索记录。步骤如下：1. 打开同花顺，点击首页顶部的搜索框。2.在搜索页中的历史搜索那一栏右侧有一个垃圾桶按钮，这代表着清空搜索历史，点击这个垃圾桶按钮。3. 在“确认清除全部历史记录”的弹窗中，点击“确定”按钮。  按照以上步骤清空搜索历史,"{""xpath"": [ '''//*[contains(@text, ""全部历史记录"")] and //*[contains(@text, ""确定"") and bbox_contains_point(@bounds,$point) ] ''' ]} ###{""xpath"": [''' //*[ contains(@resource-id, ""id/search_input"") ]  and //*[contains(@text, ""搜索发现"")] and not(//*[contains(@text, ""搜索历史"")] ) ''' ]}"
,tonghuashun_27,tonghuashun,同花顺-股票炒股,com.hexin.plat.android/.Hexin,设置,hard,6,在同花顺开启长辈版,"{""xpath"": [''' //*[contains(@text, ""开启长辈版"") and contains(@resource-id, ""id/tv_older_mode_switch"")  and bbox_contains_point(@bounds,$point)  ] ''' ]}###{""xpath"": [''' //*[contains(@text, ""长辈版"") ] and //*[contains(@text, ""已开启"") ] ''' ]}",Need,6,去同花顺关闭长辈版。步骤如下：1. 打开同花顺，点击首页左上角的用户头像，进入个人中心页面。 2. 点击右上角的设置图标，进入系统设置。 3. 在系统设置中，如果“长辈版”的选项显示已开启，点击该选项。如果选项显示未开启，说明长辈模式未打开，无需关闭。 3. 在长辈版页面中点击“关闭长辈版”按钮，完成任务。按照以上步骤关闭同花顺长辈版。,"{""xpath"": [''' //*[contains(@text, ""关闭长辈版"") and contains(@resource-id, ""id/tv_older_mode_switch"")  and bbox_contains_point(@bounds,$point)  ] ''' ]}###{""xpath"": [''' //*[contains(@text, ""长辈版"") ] and //*[contains(@text, ""未开启"") ] ''' ]}"
,tonghuashun_28,tonghuashun,同花顺-股票炒股,com.hexin.plat.android/.Hexin,设置,medium,5,在同花顺开启屏幕常亮,"{""xpath"": ['''//*[contains(@text, ""屏幕常亮"")     and contains(@resource-id, ""id/textView"")  and ( following-sibling::*[contains(@content-desc, ""已关闭"") and contains(@resource-id, ""id/switch_button"") ]) ]  ''' ]}",Need,5,在同花顺关闭屏幕常亮。步骤如下：1. 打开同花顺，点击首页左上角的用户头像，进入个人中心页面。 2. 点击右上角的设置图标，进入系统设置。 3. 在系统设置中，如果“屏幕常亮”的开关显示开启，点击该开关以关闭它。如果开关显示关闭，说明屏幕常亮未打开，无需关闭。 按照以上步骤关闭同花顺屏幕常亮。,"{""xpath"": ['''//*[contains(@text, ""屏幕常亮"")     and contains(@resource-id, ""id/textView"")  and ( following-sibling::*[contains(@content-desc, ""已开启"") and contains(@resource-id, ""id/switch_button"") ]) ]  ''' ]}"
,tonghuashun_29,tonghuashun,同花顺-股票炒股,com.hexin.plat.android/.Hexin,设置,hard,6,在同花顺设置主题为黑色,"{""xpath"": ['''  //*[contains(@text, ""主题换肤"")  and (bbox_contains_point(../@bounds,$point) )] ''']}",Need,6,在同花顺设置主题为白色。步骤如下：1. 打开同花顺，点击首页左上角的用户头像，进入个人中心页面。 2. 点击右上角的设置图标，进入系统设置。 3. 在系统设置中，点击主题换肤选项。 4. 在主题换肤页面中，选中“始终显示白色”选项。 按照以上步骤设置主题为白色。,"{""xpath"": ['''  //*[contains(@text, ""主题换肤"")  and (bbox_contains_point(../@bounds,$point) )] ''']}"
,baidubrowser_7,baidubrowser,百度-AI智能搜索,com.baidu.searchbox/.MainActivity,频道,hard,8,把百度浏览器小说频道的完结榜的第一本书加入书架,"{""xpath"": ['''//*[contains(@text, ""小说"") and @selected=""true""] and //*[contains(@text, ""完结榜"")  and bbox_contains_point(@bounds,$point)]  ''' ,  ''' //*[contains(@text, ""已加书架"")] ''' ]}",Need,8,去百度浏览器删除我的书架中的第一本书。步骤如下：1. 打开百度浏览器，点击首页右下角的“我的”按钮，进入个人中心页面。 2. 点击页面中的“书架”按钮，进入我的书架。3. 点击页面上边栏，搜索符号‘放大镜’右边的三个点形状的图标，打开拓展功能。4. 点击拓展功能里面的编辑书书架按钮。 5. 选中书架里的第一本书。 6. 点击页面底部的删除。按照以上步骤删除我的书架中的第一本书。,"{""xpath"": [ '''//*[contains(@text, ""全选"")] and //*[contains(@text, ""取消"")] and //*[contains(@text, ""删除"") ]''' ]}"
,baidubrowser_13,baidubrowser,百度-AI智能搜索,com.baidu.searchbox/.MainActivity,设置,medium,5,在百度浏览器打开无痕浏览模式,"{""xpath"": [''' //*[contains(@text, ""已开启无痕浏览"")  and contains(@resource-id, ""id/obfuscated"")] ''']} ###{""xpath"": [''' //*[contains(@text, ""退出无痕"")  and contains(@resource-id, ""id/obfuscated"")] ''']} ",Need,5,去百度浏览器关闭无痕模式。步骤如下：1. 打开百度浏览器，点击首页右下角的“我的”按钮，进入个人中心页面。 2. 点击页面中右上角的有个齿轮状的设置图标，展开更多功能。 3. 在常用功能里，如果发现“退出无痕”按钮，说明当前处于无痕模式，点击“退出无痕”按钮退出该模式，任务结束。如果发现“无痕模式”按钮，说明当前处于普通模式，无需进一步操作，任务结束。按照以上步骤关闭无痕模式。,"{""xpath"": [''' //*[contains(@text, ""无痕模式"")  and contains(@resource-id, ""id/obfuscated"")] ''']} "
,baidubrowser_14,baidubrowser,百度-AI智能搜索,com.baidu.searchbox/.MainActivity,设置,medium,5,设置百度浏览器为夜间模式,"{""xpath"": ['''//*[contains(@class, ""FrameLayout"") and bbox_contains_point(@bounds,$point) and (child::*[contains(@text, ""夜间模式"") ] ) ] ''']}###{""xpath"": [''' //*[contains(@text, ""日间模式"")  and contains(@resource-id, ""id/obfuscated"")] ''']} ",Need,5,设置百度浏览器为日间模式。步骤如下：1. 打开百度浏览器，点击首页右下角的“我的”按钮，进入个人中心页面。 2. 点击页面中右上角的有个齿轮状的设置图标，展开更多功能。 3. 在常用功能里，如果发现“日间模式”按钮，说明当前处于夜间模式，点击“日间模式”按钮更换模式。如果发现“夜间模式”按钮，说明当前已处于日间模式，无需进一步操作。按照以上步骤设置百度浏览器为日间模式。,"{""xpath"": [''' //*[contains(@text, ""夜间模式"")  and contains(@resource-id, ""id/obfuscated"")] ''']} "
,baidubrowser_15,baidubrowser,百度-AI智能搜索,com.baidu.searchbox/.MainActivity,设置,hard,17,在百度浏览器中添加一个收货地址，姓名是张三，电话是13810069493，地区是北京海淀区清河街道，详细地址是小米科技园,"{""xpath"": [  '''//*[contains(@text, ""张三"")] and //*[contains(@text, ""123"")] and //*[contains(@text, ""北京  海淀区  清河街道"")] and //*[contains(@text, ""小米科技园"")] and  //*[contains(@text, ""保存"")  and bbox_contains_point(@bounds,$point) ]  ''' ]}",Need,17,去百度浏览器删除姓名是张三的收货地址。步骤如下：1. 打开百度浏览器，点击首页右下角的“我的”按钮，进入个人中心页面。 2. 点击页面中右上角的有个齿轮状的设置图标，展开更多功能。 3. 在常用功能里，点击收货地址按钮。4. 在我的地址页中，如果发现了一个姓名是张三的收货地址，点击地址右侧的编辑图标。5. 在编辑地址页中，点击“删除地址”按钮。 6. 在“删除提升”弹窗中，点击删除按钮。按照以上步骤删除姓名是张三的收货地址。,"{""xpath"": [ '''//*[contains(@text, ""我的地址"")] and //*[contains(@text, ""添加地址"") ]''' ]}"
,baidubrowser_16,baidubrowser,百度-AI智能搜索,com.baidu.searchbox/.MainActivity,设置,hard,7,关闭百度浏览器的通知栏消息,"{""xpath"": [ '''  //*[@checkable=""true"" and @checked=""false"" and  contains(@class, ""CheckBox"")] and  //*[contains(@text, ""通知栏消息"")] ''' ]}###{""xpath"": [''' //*[contains(@text, ""关闭通知权限"")] and  //*[contains(@text, ""关闭"")  and bbox_contains_point(../@bounds,$point) ] ''']}",Need,7,打开百度浏览器的通知栏信息。步骤如下：1. 打开百度浏览器，点击首页右下角的“我的”按钮，进入个人中心页面。 2. 点击页面中右上角的有个齿轮状的设置图标，展开更多功能。 3. 点击更多功能菜单底部的“设置”按钮，进入设置页。4. 点击“消息设置”选项。 5.如果“通知栏消息”的开关显示关闭，点击该开关以开启它。如果开关显示开启，说明通知栏信息已打开，无需更多操作。 按照以上步骤打开百度浏览器的通知栏信息。,"{""xpath"": [ '''  //*[@checkable=""true"" and @checked=""true"" and  contains(@class, ""CheckBox"")] and  //*[contains(@text, ""通知栏消息"")]  ''' ]}"
,baidubrowser_17,baidubrowser,百度-AI智能搜索,com.baidu.searchbox/.MainActivity,设置,hard,7,在百度浏览器关闭图片自动播放,"{""xpath"": [ '''  //*[@checkable=""true"" and @checked=""false""  ] and  //*[contains(@text, ""图片自动播放"")]  ''' ]}###{""xpath"": [''' //*[contains(@text, ""图片自动播放"")  and (bbox_contains_point(../@bounds,$point)or bbox_contains_point(../../@bounds,$point))] ''']}",Need,7,打开百度浏览器的图片自动播放。步骤如下：1. 打开百度浏览器，点击首页右下角的“我的”按钮，进入个人中心页面。 2.点击页面中右上角的有个齿轮状的设置图标，展开更多功能。 3. 点击更多功能菜单底部的“设置”按钮，进入设置页。4. 点击“播放设置”选项。 5.如果“图片自动播放”的开关显示关闭，点击该开关以开启它。如果开关显示开启，说明图片自动播放已打开，无需更多操作。 按照以上步骤打开百度浏览器的图片自动播放。," {""xpath"": [ '''  //*[@checkable=""true"" and @checked=""true"" and  contains(@class, ""CheckBox"")] and  //*[contains(@text, ""图片自动播放"")]  ''' ]}"
,baidubrowser_18,baidubrowser,百度-AI智能搜索,com.baidu.searchbox/.MainActivity,设置,hard,7,在百度浏览器设置应用安装后删除安装包,"{""xpath"": [ '''  //*[@checkable=""true"" and @checked=""true""] and  //*[contains(@text, ""应用安装后删除安装包"")] ''' ]}###{""xpath"": [''' //*[contains(@text, ""应用安装后删除安装包"")  and (bbox_contains_point(../@bounds,$point)or bbox_contains_point(../../@bounds,$point))] ''']}",Need,7,在百度浏览器取消应用安装后删除安装包的设置。步骤如下：1. 打开百度浏览器，点击首页右下角的“我的”按钮，进入个人中心页面。 2.点击页面中右上角的有个齿轮状的设置图标，展开更多功能。 3. 点击更多功能菜单底部的“设置”按钮，进入设置页。4. 点击“下载设置”选项。 5.如果“应用安装后删除安装包”的开关显示打开，点击该开关以关闭它。如果开关显示关闭，说明应用安装后删除安装包已关闭，无需更多操作。 按照以上步骤关闭百度浏览器的应用安装后删除安装包。," {""xpath"": [ '''  //*[@checkable=""true"" and @checked=""false"" and  contains(@class, ""CheckBox"")] and  //*[contains(@text, ""应用安装后删除安装包"")]  ''' ]}"
,rimet_4,rimet,钉钉,com.alibaba.android.rimet/.biz.LaunchHomeActivity,消息,medium,5,在钉钉里将钉钉小秘书设为置顶,"{""xpath"": [''' //*[contains(@resource-id, ""id/switch_top"") and @checkable=""true"" and @checked=""true""]''' ]}",Need,5,去钉钉取消钉钉小秘书的聊天置顶。步骤如下：1. 打开钉钉，点击钉钉小秘书的名字，打开和他的聊天窗口。2.在和钉钉小秘书的聊天界面里面，点击右上角的一个三个点的按钮，调出设置页。 3. 在设置页中，将“置顶”选项的开关关闭。按照以上步骤取消钉钉小秘书的聊天置顶。,"{""xpath"": [''' //*[contains(@resource-id, ""id/switch_top"") and @checkable=""true"" and @checked=""false""]''' ]}"
,rimet_16,rimet,钉钉,com.alibaba.android.rimet/.biz.LaunchHomeActivity,我的,hard,5,去钉钉添加我的状态为下班了,"{""xpath"": ['''//*[contains(@text, ""不接收消息通知"") ] and //*[contains(@text, ""确定"") and bbox_contains_point(@bounds,$point) ]''']}###{""xpath"": ['''//*[contains(@text, ""下班了"") and contains(@resource-id, ""person_status"")] ''']}",Need,5,去钉钉设置我的当前状态为“无状态”。步骤如下：1. 打开钉钉，点击右下角的“我的”，进入个人中心。2.在用户头像和名称下方有一个图标，表示我的当前状态，点击这个图标，进入状态选择页面。3. 在状态选择页中，选中“无状态”，让这个按钮的背景变蓝。4. 点击确认按钮确认当前状态。按照以上步骤设置钉钉的当前状态为“无状态”。,"{""xpath"": ['''//*[contains(@text, ""状态..."") and contains(@resource-id, ""person_status"")] ''']}"
,rimet_17,rimet,钉钉,com.alibaba.android.rimet/.biz.LaunchHomeActivity,设置,hard,8,在钉钉开启语音和视频通话邀请通知,"{""xpath"": ['''//*[contains(@text, ""开关 打开"") and contains(@resource-id, ""id/sv_switch"")] and //*[contains(@text, ""语音和视频通话邀请通知"") ]  ''']}",Need,8,去钉钉关闭语音和视频通话邀请通知。步骤如下：1. 打开钉钉，点击右下角的“我的”，进入个人中心。2.点击“设置与隐私”按钮，进入设置页面。3. 在设置页中，选中新消息通知选项。 4. 在新消息通知中，将“语音和视频通话邀请通知”选项的开关关闭。 5. 对于弹出的确认弹窗，点击确认关闭按钮。按照以上步骤关闭语音和视频通话邀请通知。,"{""xpath"": ['''//*[contains(@text, ""开关 关闭"") and contains(@resource-id, ""id/sv_switch"")] and //*[contains(@text, ""语音和视频通话邀请通知"") ]  ''']}"
,rimet_18,rimet,钉钉,com.alibaba.android.rimet/.biz.LaunchHomeActivity,设置,hard,8,我想在钉钉设置回车键发送消息,"{""xpath"": ['''//*[contains(@text, ""开关 打开"") and contains(@resource-id, ""id/sv_switch"") and contains(@content-desc, ""回车键发送消息"") ] ''']}",Need,8,去钉钉关闭回车键发送消息。步骤如下：1. 打开钉钉，点击右下角的“我的”，进入个人中心。2.点击“设置与隐私”按钮，进入设置页面。3. 在设置页中，选中“通用”选项。 4. 在通用设置页中，点击“消息设置”选项。 5. 在消息设置页中，将“回车键发送消息”选项的开关关闭。按照以上步骤关闭回车键发送消息。,"{""xpath"": ['''//*[contains(@text, ""开关 关闭"") and contains(@resource-id, ""id/sv_switch"") and contains(@content-desc, ""回车键发送消息"") ] ''']}"
,rimet_19,rimet,钉钉,com.alibaba.android.rimet/.biz.LaunchHomeActivity,设置,hard,7,我想在钉钉设置消息免打扰,"{""xpath"": ['''//*[contains(@text, ""开关 打开"") and contains(@resource-id, ""id/sv_switch"") and contains(@content-desc, ""勿扰模式"") ] ''']}",Need,7,去钉钉关闭勿扰模式。步骤如下：1. 打开钉钉，点击右下角的“我的”，进入个人中心。2.点击“设置与隐私”按钮，进入设置页面。3. 在设置页中，选中新消息通知选项。 4. 在新消息通知中，点击勿扰模式。 5. 将“勿扰模式”选项的开关关闭。按照以上步骤关闭勿扰模式。,"{""xpath"": ['''//*[contains(@text, ""开关 关闭"") and contains(@resource-id, ""id/sv_switch"") and contains(@content-desc, ""勿扰模式"") ] ''']}"
,seeyou_5,seeyou,美柚,com.lingan.seeyou/.ui.activity.main.SeeyouActivity,记录,hard,7,在美柚里面填写我今天的症状为头痛,"{""xpath"": ['''//*[contains(@resource-id, ""symptom_item"") and bbox_contains_point(@bounds,$point) and (self::*[contains(@text, ""头痛"")] or following-sibling::*[contains(@text, ""头痛"")]   ) ]''',''' //*[contains(@text, ""确定"") and bbox_contains_point(@bounds,$point) ]''']}",Need,7,在美柚里填写今天的症状为腰酸。步骤如下：1. 打开美柚，点击底部导航栏的“记录”，进入记录页。2.点击“症状”按钮，记录今天症状。3. 在症状页中，选中“腰酸”按钮。如果有其它按钮被选中，再次点击它们以取消其余选中项， 4. 点击确定以更新状态。按照以上步骤设置今天的症状为腰酸。,"{""xpath"": ['''//*[contains(@resource-id, ""symptom_item"") and contains(@text, ""腰酸"") ]  and  //*[contains(@text, ""确定"") and bbox_contains_point(@bounds,$point) ]''']}"
,seeyou_6,seeyou,美柚,com.lingan.seeyou/.ui.activity.main.SeeyouActivity,记录,hard,10,在美柚里面添加我今天的体重为55公斤,"{""xpath"": [''' //*[contains(@text, ""体重"") and contains(@resource-id, ""id/title_tv"")] and //*[contains(@text, ""55"") and contains(@resource-id, ""id/dltp_tv_value"")] and //*[contains(@text, ""确定"") and bbox_contains_point(@bounds,$point) ]''']}",Need,10,在美柚里面添加我今天的体重为9公斤。步骤如下：1. 打开美柚，点击底部导航栏的“记录”，进入记录页。2.点击“体重”按钮，添加体重。3. 如果弹出的是体重记录页面，选择“添加体重记录”来调出体重菜单。如果弹出的是体重菜单，直接添加体重。 4. 在体重菜单的数字盘中选中“9”，将体重设置为9公斤。 5. 点击确认按钮。按照以上步骤添加我今天的体重为9公斤。,"{""xpath"": [''' //*[contains(@text, ""体重"") and contains(@resource-id, ""id/title_tv"")] and //*[contains(@text, ""9"") and contains(@resource-id, ""id/dltp_tv_value"")] and //*[contains(@text, ""确定"") and bbox_contains_point(@bounds,$point) ]''']}"
,seeyou_7,seeyou,美柚,com.lingan.seeyou/.ui.activity.main.SeeyouActivity,记录,hard,10,在美柚里面添加计划“下周一要早起”,"{""xpath"": [''' //*[contains(@text, ""添加计划"") and contains(@resource-id, ""id/planned_item_title_tv"")] and //*[contains(@text, ""早起"") and contains(@resource-id, ""id/planned_item_et"")] and //*[contains(@text, ""完成"") and bbox_contains_point(@bounds,$point) ]''']}",Need,10,在美柚里面添加“先睡觉吧”的计划。步骤如下：1. 打开美柚，点击底部导航栏的“记录”，进入记录页。2. 向上滑动直到页面里出现“计划”按钮。 3. 点击“计划”按钮。4. 如果弹出的是当天的计划记录，选择“添加计划”来调出添加计划页面。如果弹出的是添加计划页面，直接添加计划。5. 在添加计划的正文中输入“先睡觉吧”。 5. 点击完成按钮。按照以上步骤添加“先睡觉吧”的计划。,"{""xpath"": [''' //*[contains(@text, ""添加计划"") and contains(@resource-id, ""id/planned_item_title_tv"")] and //*[contains(@text, ""先睡觉吧"") and contains(@resource-id, ""id/planned_item_et"")] and //*[contains(@text, ""完成"") and bbox_contains_point(@bounds,$point) ]''']}"
,seeyou_19,seeyou,美柚,com.lingan.seeyou/.ui.activity.main.SeeyouActivity,我的,hard,7,在美柚中设置不使用美柚专属字体,"{""xpath"": ['''//*[contains(@text, ""字体变更将在重启后生效"") ] ''']}",Need,7,在美柚里设置使用美柚专属字体。步骤如下：1. 打开美柚，点击底部导航栏的“我”，进入个人中心页。2. 点击页面右上角的螺帽形图标，进入设置页。 3. 点击“通用”按钮。4.  将“使用美柚专属字体”选项的开关打开。按照以上步骤设置使用美柚专属字体。,"{""xpath"": [ '''//*[contains(@text, ""通用"")] and //*[contains(@text, ""使用美柚专属字体"") ]''' ]}"
