task_identifier,task_app,task_app_CHN,adb_home_page,functional_point,difficulty_level,golden_steps,goal,key_nodes
bili_0,bili,哔哩哔哩,tv.danmaku.bili/tv.danmaku.bili.MainActivityV2,搜索,easy,4,打开B站搜索喜羊羊与灰太狼,"{""xpath"": ['''//*[contains(@text, ""喜羊羊与灰太狼"")  and contains(@resource-id, ""search"") and contains(@resource-id, ""text"")   ]''' ]}"
bili_1,bili,哔哩哔哩,tv.danmaku.bili/tv.danmaku.bili.MainActivityV2,搜索,easy,4,打开B站搜索演员沈腾,"{""xpath"": ['''//*[contains(@text, ""沈腾"")  and contains(@resource-id, ""search"") and contains(@resource-id, ""text"")   ]''' ]}"
bili_2,bili,哔哩哔哩,tv.danmaku.bili/tv.danmaku.bili.MainActivityV2,搜索,easy,4,打开B站搜索王者荣耀官方赛事,"{""xpath"": ['''//*[contains(@text, ""王者荣耀"")  and contains(@text, ""赛事"")  and contains(@resource-id, ""search"") and contains(@resource-id, ""text"")   ]''' ]}"
bili_3,bili,哔哩哔哩,tv.danmaku.bili/tv.danmaku.bili.MainActivityV2,搜索,medium,5,打开B站搜索李健，看看图文栏下有哪些图片,"{""xpath"": ['''//*[contains(@text, ""李健"")  and contains(@resource-id, ""search"") and contains(@resource-id, ""text"")]   and   //*[contains(@text, ""图文"") and @selected=""true""] ''' ]}"
bili_4,bili,哔哩哔哩,tv.danmaku.bili/tv.danmaku.bili.MainActivityV2,搜索,easy,4,打开bilibili热搜榜单,"{""xpath"": ['''//*[contains(@text, ""B站热搜"")  and contains(@class, ""WebView"")] ''' ]}###{""xpath"": ['''//*[contains(@resource-id, ""container_entrance"") and bbox_contains_point(@bounds,$point) and (child::*[contains(@text, ""完整榜单"") ])   and (preceding-sibling::*[contains(@text, ""热搜"") ])   ]   ''']}"
bili_5,bili,哔哩哔哩,tv.danmaku.bili/tv.danmaku.bili.MainActivityV2,消息,easy,4,打开B站查看回复我的消息,"{""xpath"": ['''//*[contains(@text, ""回复"")  and bbox_contains_point(../@bounds,$point)  ]  ''']}"
bili_6,bili,哔哩哔哩,tv.danmaku.bili/tv.danmaku.bili.MainActivityV2,消息,easy,4,打开B站消息查看收到的赞,"{""xpath"": ['''//*[contains(@class, ""view.View"") and bbox_contains_point(@bounds,$point) and (child::*[contains(@text, ""收到的赞"") ]  or child::*[contains(@text, ""收到喜欢"") ]  )   ] ''']}   "
bili_7,bili,哔哩哔哩,tv.danmaku.bili/tv.danmaku.bili.MainActivityV2,消息,medium,5,"打开B站消息,一键已读所有消息","{""xpath"": ['''//*[contains(@class, ""view.View"") and bbox_contains_point(@bounds,$point) and (child::*[contains(@text, ""清除"") ] ) ]  and  //*[contains(@text, ""一键已读"")] and //*[contains(@text, ""消息"")]    ''']}"
bili_8,bili,哔哩哔哩,tv.danmaku.bili/tv.danmaku.bili.MainActivityV2,直播,hard,6,打开一个英雄联盟的哔哩哔哩直播间,"{""xpath"": ['''//*[contains(@class, ""RelativeLayout"") and (child::*[contains(@text, ""英雄联盟"") and contains(@resource-id, ""subtitle"") ] ) ]   ''']} ###{""xpath"": ['''   //*[contains(@text, ""直播"") and contains(@resource-id, ""id/tab_title"") and @selected=""true""]   and  //*[contains(@class, ""LinearLayout"") and bbox_contains_point(@bounds,$point) and (child::*[contains(@text, ""英雄联盟"") and contains(@resource-id, ""id/name"") ] ) ]    ''' ]}###{""xpath"": ['''   //*[contains(@text, ""直播"") and contains(@resource-id, ""id/tab_title"") and @selected=""true""]   and //*[contains(@text, ""英雄联盟"")  and contains(@resource-id, ""search"") and contains(@resource-id, ""text"")]  and  //*[contains(@text, ""英雄联盟"") and contains(@resource-id, ""subtitle"")]    ''' ]}###{""xpath"": ['''   //*[contains(@text, ""英雄联盟"")  and contains(@resource-id, ""search"") and contains(@resource-id, ""text"")]     ''', '''   //*[ contains(@resource-id, ""id/live_send"") or contains(@resource-id, ""id/watched_like_switcher"")]     ''' ]}"
bili_9,bili,哔哩哔哩,tv.danmaku.bili/tv.danmaku.bili.MainActivityV2,热门,easy,4,查看B站热门的排行榜,"{""xpath"": ['''//*[contains(@text, ""排行榜"")] and //*[contains(@text, ""全站"")  and contains(@resource-id, ""tab_title"") ] and //*[contains(@text, ""番剧"")  and contains(@resource-id, ""tab_title"") ] ''' ]}"
bili_10,bili,哔哩哔哩,tv.danmaku.bili/tv.danmaku.bili.MainActivityV2,热门,easy,4,B站的每周必看有哪些,"{""xpath"": ['''//*[contains(@text, ""每周必看"")  and contains(@resource-id, ""id/title"")   ]''' ]}"
bili_11,bili,哔哩哔哩,tv.danmaku.bili/tv.danmaku.bili.MainActivityV2,动画,easy,4,打开哔哩哔哩的动画频道，看看有哪些少儿动画,"{""xpath"": ['''   //*[contains(@text, ""动画"") and contains(@resource-id, ""id/tab_title"") and @selected=""true""]   and  //*[contains(@class, ""view.View"") and bbox_contains_point(@bounds,$point) and (child::*[contains(@text, ""少儿"") ] ) ]    ''' ]}"
bili_12,bili,哔哩哔哩,tv.danmaku.bili/tv.danmaku.bili.MainActivityV2,动画,medium,6,我想在哔哩哔哩看一下牧神记第一集,"{""xpath"": ['''//*[contains(@content-desc, ""牧神记"") ] and //*[contains(@text, ""选集"") and contains(@resource-id, ""title"") ] and //*[contains(@text, ""第 1 话"") and contains(@resource-id, ""title"") ] ''']}"
bili_13,bili,哔哩哔哩,tv.danmaku.bili/tv.danmaku.bili.MainActivityV2,影视,medium,6,在B站打开西游记第二集,"{""xpath"": ['''(//*[contains(@content-desc, ""西游记"") ] or //*[contains(@text, ""西游记"") ]) and //*[contains(@text, ""选集"") and contains(@resource-id, ""title"") ] and //*[contains(@text, ""第 2 集"") and contains(@resource-id, ""title"") ] ''']}###{""xpath"": ['''//*[contains(@text, ""西游记"")] and //*[contains(@text, ""第二集"") and contains(@resource-id, ""id/title"") ]  ''']}"
bili_14,bili,哔哩哔哩,tv.danmaku.bili/tv.danmaku.bili.MainActivityV2,影视,easy,4,在B站的影视频道中，看看有什么好的纪录片,"{""xpath"": ['''   //*[contains(@text, ""影视"") and contains(@resource-id, ""id/tab_title"") and @selected=""true""]   and  //*[contains(@class, ""view.View"") and bbox_contains_point(@bounds,$point) and (child::*[contains(@text, ""纪录片"") ] ) ]    ''' ]}"
bili_15,bili,哔哩哔哩,tv.danmaku.bili/tv.danmaku.bili.MainActivityV2,频道,easy,4,打开B站分区，选择游戏频道,"{""xpath"": ['''//*[contains(@class, ""view.View"") and bbox_contains_point(@bounds,$point) and (child::*[contains(@text, ""游戏"") ]  )   ]  ''']}"
bili_16,bili,哔哩哔哩,tv.danmaku.bili/tv.danmaku.bili.MainActivityV2,关注,easy,4,查看B站我关注的人的动态,"{""xpath"": ['''//*[contains(@text, ""关注"")  and contains(@resource-id, ""id/title"")   ]''' ]}###{""xpath"": [''' //*[contains(@text, ""关注"")  and bbox_contains_point(../@bounds,$point)  ] ''', '''//*[contains(@text, ""关注"") and @selected=""true"" ]''' ]}"
bili_17,bili,哔哩哔哩,tv.danmaku.bili/tv.danmaku.bili.MainActivityV2,关注,easy,4,在哔哩哔哩，找到我关注的人的动态，并给里面的动态点赞,"{""xpath"": [''' //*[contains(@text, ""关注"")  and contains(@resource-id, ""id/title"")   ] and //*[contains(@resource-id, ""id/dy_card_like"") and bbox_contains_point(@bounds,$point)]''' ]}"
bili_18,bili,哔哩哔哩,tv.danmaku.bili/tv.danmaku.bili.MainActivityV2,会员购,medium,6,在B站会员购中搜索哆啦A梦,"{""xpath"": ['''//*[contains(@text, ""会员购"")   and contains(@resource-id, ""id/new_title_text"")   ]'''  , '''//*[(contains(@text, ""哆啦A梦"") or contains(@text, ""哆啦a梦""))  and contains(@class, ""EditText"")   ]''' ]}"
bili_19,bili,哔哩哔哩,tv.danmaku.bili/tv.danmaku.bili.MainActivityV2,会员购,hard,7,B站会员购查看我的待支付订单,"{""xpath"": ['''  //*[contains(@text, ""订单信息"") ]  and //*[contains(@text, ""待支付"") and @selected=""true""] ''' ]}"
bili_20,bili,哔哩哔哩,tv.danmaku.bili/tv.danmaku.bili.MainActivityV2,会员购,hard,6,打开B站会员购查看我的优惠券有哪些,"{""xpath"": ['''//*[contains(@text, ""我的优惠券"")  and contains(@class, ""WebView"")] ''' ]}###{""xpath"": ['''//*[contains(@text, ""优惠券"")  and contains(@resource-id, ""id/id_assets_name"")] ''' ]}"
bili_21,bili,哔哩哔哩,tv.danmaku.bili/tv.danmaku.bili.MainActivityV2,我的,hard,7,打开哔哩哔哩，帮我更换一个随机头像,"{""xpath"": ['''//*[contains(@text, ""更换头像"") and bbox_contains_point(@bounds,$point)] or //*[contains(@class, ""RelativeLayout"") and (child::*[contains(@text, ""头像"")]) and bbox_contains_point(@bounds,$point)]''',  '''//*[contains(@class, ""RelativeLayout"")  and bbox_contains_point(@bounds,$point) and (child::*[contains(@text, ""随机"") and contains(@resource-id, ""id/menu_text"")])]''']}"
bili_22,bili,哔哩哔哩,tv.danmaku.bili/tv.danmaku.bili.MainActivityV2,我的,easy,4,打开B站查看我的粉丝,"{""xpath"": ['''//*[contains(@text, ""我的好友"")  and contains(@resource-id, ""id/tv_toolbar_title"")   ] and  //*[contains(@text, ""粉丝"")]''' ,  '''//*[(contains(@resource-id, ""fans_layout"")  or contains(@text, ""粉丝"") )  and bbox_contains_point(@bounds,$point) ]''' ]} ###{""xpath"": ['''//*[contains(@text, ""我的好友"")  and contains(@resource-id, ""id/tv_toolbar_title"")   ] ''' ,  ''' //*[contains(@class, ""ViewGroup"")  and bbox_contains_point(@bounds,$point) and (child::*[contains(@resource-id, ""fans_dec"")  and contains(@text, ""粉丝"")])]  ''' ]} "
bili_23,bili,哔哩哔哩,tv.danmaku.bili/tv.danmaku.bili.MainActivityV2,我的,easy,4,看一下我最近在哔哩哔哩看什么了？,"{""xpath"": ['''//*[contains(@class, ""ViewGroup"")  and bbox_contains_point(@bounds,$point) and (child::*[contains(@text, ""历史记录"") and contains(@resource-id, ""id/title"")])]''']}"
bili_24,bili,哔哩哔哩,tv.danmaku.bili/tv.danmaku.bili.MainActivityV2,我的,easy,4,打开B站查看离线缓存,"{""xpath"": [''' //*[contains(@text, ""离线缓存"")   and (bbox_contains_point(../@bounds,$point) )] ''']} "
bili_25,bili,哔哩哔哩,tv.danmaku.bili/tv.danmaku.bili.MainActivityV2,我的,easy,4,我要联系B站客服,"{""xpath"": ['''//*[contains(@class, ""ViewGroup"") and bbox_contains_point(@bounds,$point) and (child::*[contains(@text, ""联系客服"") and contains(@resource-id, ""id/title"")])]''']}###{""xpath"": ['''//*[contains(@class, ""EditText"")  and contains(@resource-id, ""id/text_input"")] and //*[contains(@text, ""客服"")]  ''' ]}"
bili_26,bili,哔哩哔哩,tv.danmaku.bili/tv.danmaku.bili.MainActivityV2,我的,easy,4,进入B站的创作中心,"{""xpath"": ['''//*[contains(@class, ""ViewGroup"") and bbox_contains_point(@bounds,$point) and (child::*[contains(@text, ""创作中心"") and contains(@resource-id, ""id/title"")])]''']}"
bili_27,bili,哔哩哔哩,tv.danmaku.bili/tv.danmaku.bili.MainActivityV2,设置,hard,9,打开B站私信智能拦截,"{""xpath"": ['''//*[contains(@text, ""消息设置"")] and //*[contains(@text, ""消息提醒"")] and //*[contains(@text, ""私信智能拦截"")] ''']}###{""xpath"": ['''//*[contains(@text, ""私信智能拦截"")  and bbox_contains_point(../@bounds,$point)] ''' ]}"
bili_28,bili,哔哩哔哩,tv.danmaku.bili/tv.danmaku.bili.MainActivityV2,设置,hard,11,打开B站定时关闭,"{""xpath"": ['''//*[contains(@class, ""ViewGroup"")  and bbox_contains_point(@bounds,$point) and (child::*[contains(@text, ""定时关闭"") and contains(@resource-id, ""id/title"")])]''' , ''' //*[contains(@text, ""定时关闭"") ]  and //*[@checkable=""true"" and @checked=""true"" and (preceding-sibling::*[contains(@text, ""自定义"") or contains(@text, ""分钟"")])]''' ]} ###{""xpath"": ['''//*[contains(@class, ""LinearLayout"") and (child::*[@checkable=""true"" and @checked=""true""]) and (preceding-sibling::*[contains(@class, ""RelativeLayout"") and (child::*[contains(@text, ""自定义"") or contains(@text, ""分钟"")])  ])]''' ]} "
bili_29,bili,哔哩哔哩,tv.danmaku.bili/tv.danmaku.bili.MainActivityV2,我的,easy,4,打开B站扫一扫,"{""xpath"": ['''//*[contains(@text, ""扫描二维码"")  and contains(@resource-id, ""id/title_qr_code"")   ]''' ]}"
neteasemusic_0,neteasemusic,网易云音乐,com.netease.cloudmusic/.activity.IconChangeDefaultAlias,搜索,easy,4,网易云搜索歌曲《唯一》,"{""xpath"": ['''//*[contains(@text, ""唯一"") ] and  //*[contains(@text, ""综合"") ] and //*[contains(@text, ""歌单"") ] and  //*[contains(@text, ""单曲"") ]''' ]}"
neteasemusic_1,neteasemusic,网易云音乐,com.netease.cloudmusic/.activity.IconChangeDefaultAlias,搜索,medium,5,网易云搜索邓紫棋的歌单,"{""xpath"": ['''//*[contains(@text, ""邓紫棋"") ]   and //*[contains(@text, ""歌单"") ] ''' ]}"
neteasemusic_2,neteasemusic,网易云音乐,com.netease.cloudmusic/.activity.IconChangeDefaultAlias,搜索,medium,5,网易云播放林俊杰的豆浆油条,"{""xpath"": ['''//*[contains(@text, ""豆浆油条"")  and contains(@resource-id, ""id/songName"") ]   and //*[contains(@text, ""林俊杰"")  and contains(@resource-id, ""id/authorName"")] ''' ]}"
neteasemusic_3,neteasemusic,网易云音乐,com.netease.cloudmusic/.activity.IconChangeDefaultAlias,搜索,medium,5,网易云播放宝宝巴士的拔萝卜,"{""xpath"": ['''//*[contains(@text, ""拔萝卜"")  and contains(@resource-id, ""id/songName"") ]   and //*[contains(@text, ""宝宝巴士"")  and contains(@resource-id, ""id/authorName"")] ''' ]}"
neteasemusic_4,neteasemusic,网易云音乐,com.netease.cloudmusic/.activity.IconChangeDefaultAlias,搜索,medium,5,网易云播放我是一个粉刷匠,"{""xpath"": ['''//*[contains(@text, ""我是一个粉刷匠"")  and contains(@resource-id, ""id/songName"") ]    ''' ]}"
neteasemusic_5,neteasemusic,网易云音乐,com.netease.cloudmusic/.activity.IconChangeDefaultAlias,搜索,hard,6,网易云播放林肯公园的Numb，并查看评论,"{""xpath"": ['''//*[contains(@text, ""Numb"")  and contains(@resource-id, ""id/name"") ]   and //*[contains(@text, ""Linkin Park"")  and contains(@resource-id, ""id/author"")]  and //*[contains(@text, ""评论"") ]  ''' ]}###{""xpath"": [  ''' //*[contains(@content-desc, ""评论"") and bbox_contains_point(@bounds,$point) ] ''' ]}"
neteasemusic_6,neteasemusic,网易云音乐,com.netease.cloudmusic/.activity.IconChangeDefaultAlias,搜索,hard,6,网易云播放孤勇者，并展示歌词,"{""xpath"": ['''//*[contains(@text, ""孤勇者"")  and contains(@resource-id, ""id/custom_title"") ]   and   //*[contains(@text, ""歌词"") and @selected=""true""] ''' ]}"
neteasemusic_7,neteasemusic,网易云音乐,com.netease.cloudmusic/.activity.IconChangeDefaultAlias,搜索,medium,5,网易云查查包含七里香的歌单有哪些,"{""xpath"": ['''//*[contains(@class, ""view.View"") and bbox_contains_point(@bounds,$point) and (child::*[contains(@text, ""歌单"") ] ) ]  and //*[contains(@text, ""七里香"") ]  ''']}"
neteasemusic_8,neteasemusic,网易云音乐,com.netease.cloudmusic/.activity.IconChangeDefaultAlias,搜索,hard,6,在网易云里找到歌手周杰伦的个人主页并关注他,"{""xpath"": ['''//*[contains(@text, ""周杰伦"")  and contains(@resource-id, ""id/nickname"") ]   and //*[contains(@text, ""已关注"")  and contains(@resource-id, ""id/followBtn"")]  ''' ]}###{""xpath"": ['''//*[contains(@text, ""周杰伦"") ]   and //*[contains(@text, ""粉丝"") ] and //*[contains(@text, ""歌曲"") ]   and //*[contains(@text, ""乐迷团"") ]  ''' ]}"
neteasemusic_9,neteasemusic,网易云音乐,com.netease.cloudmusic/.activity.IconChangeDefaultAlias,搜索,easy,4,在网易云查看我的历史播放列表,"{""xpath"": [''' //*[contains(@text, ""当前播放"") and @selected=""true""]   and   //*[contains(@text, ""历史播放"") and @selected=""true""] ''' ]}###{""xpath"": ['''  //*[contains(@text, ""最近播放"") and @selected=""true""] ''' ]}"
neteasemusic_10,neteasemusic,网易云音乐,com.netease.cloudmusic/.activity.IconChangeDefaultAlias,频道,easy,4,打开网易云推荐扫一扫,"{""xpath"": ['''//*[contains(@text, ""我的二维码"")  and contains(@resource-id, ""id/myBarcode"")   ]''' ]}###{""xpath"": ['''//*[contains(@text, ""Scan QR"") ]   and //*[contains(@text, ""ALBUM"") ] ''' ]}"
neteasemusic_11,neteasemusic,网易云音乐,com.netease.cloudmusic/.activity.IconChangeDefaultAlias,频道,easy,4,网易云查看为我推荐的专属博客,"{""xpath"": ['''//*[contains(@text, ""播客"") and @selected=""true""]   and   //*[contains(@text, ""推荐的专属播客"") ] ''' ]}"
neteasemusic_12,neteasemusic,网易云音乐,com.netease.cloudmusic/.activity.IconChangeDefaultAlias,频道,easy,4,打开网易云的"网络热歌榜","{""xpath"": ['''//*[contains(@text, ""网络热歌榜"") and contains(@resource-id, ""id/musicTitle"") ] and //*[contains(@text, ""网易云音乐"") and contains(@resource-id, ""id/musicCreatorName"")] ''' ]}"
neteasemusic_13,neteasemusic,网易云音乐,com.netease.cloudmusic/.activity.IconChangeDefaultAlias,频道,medium,5,打开网易云的有声书排行榜,"{""xpath"": ['''//*[contains(@class, ""view.ViewGroup"") and bbox_contains_point(@bounds,$point) and (child::*[contains(@text, ""排行榜"") ] ) ]  and //*[contains(@text, ""听书"") and @selected=""true""]  ''']}###{""xpath"": [''' //*[contains(@text, ""全部"")] and //*[contains(@text, ""总榜"")] and //*[contains(@text, ""广播剧"")]  ''']}"
neteasemusic_14,neteasemusic,网易云音乐,com.netease.cloudmusic/.activity.IconChangeDefaultAlias,频道,easy,4,打开网易云频道里的国风频道,"{""xpath"": ['''//*[contains(@text, ""音乐"") and @selected=""true""]   and   //*[contains(@text, ""国风"") and @selected=""true""] ''' ]}###{""xpath"": ['''//*[contains(@text, ""国风"")  and bbox_contains_point(../@bounds,$point)] ''' ]}"
neteasemusic_15,neteasemusic,网易云音乐,com.netease.cloudmusic/.activity.IconChangeDefaultAlias,发现,easy,4,打开网易云发现音乐的精选,"{""xpath"": ['''//*[contains(@text, ""音乐"") and @selected=""true""]   and   //*[contains(@text, ""精选"") and @selected=""true""] ''' ]}###{""xpath"": ['''//*[contains(@text, ""精选"")  and bbox_contains_point(../@bounds,$point)] ''' ]}"
neteasemusic_16,neteasemusic,网易云音乐,com.netease.cloudmusic/.activity.IconChangeDefaultAlias,发现,easy,4,打开网易云发现的歌单,"{""xpath"": ['''//*[contains(@text, ""音乐"") and @selected=""true""]   and   //*[contains(@text, ""歌单"") and @selected=""true""] ''' ]}###{""xpath"": ['''//*[contains(@text, ""歌单"")  and bbox_contains_point(../@bounds,$point)] ''' ]}"
neteasemusic_17,neteasemusic,网易云音乐,com.netease.cloudmusic/.activity.IconChangeDefaultAlias,发现,hard,8,打开网易云发现博客广播电台,"{""xpath"": [''' //*[contains(@text, ""播客"") and @selected=""true""]   and //*[contains(@resource-id, ""id/title"") and contains(@text, ""广播电台"")  and bbox_contains_point(@bounds,$point) ]''' ]}"
neteasemusic_18,neteasemusic,网易云音乐,com.netease.cloudmusic/.activity.IconChangeDefaultAlias,发现,easy,3,打开网易云笔记推荐,"{""xpath"": ['''//*[contains(@text, ""笔记"") and @selected=""true""]   and   //*[contains(@text, ""推荐"") and @selected=""true""]   and   //*[contains(@text, ""关注"") and @selected=""false""]  ''' ]}"
neteasemusic_19,neteasemusic,网易云音乐,com.netease.cloudmusic/.activity.IconChangeDefaultAlias,笔记,hard,7,打开网易云发布笔记“逢考必过”,"{""xpath"": ['''//*[contains(@class, ""view.ViewGroup"") and bbox_contains_point(@bounds,$point) and (child::*[contains(@text, ""发布"") ] ) ]  and //*[contains(@text, ""逢考必过"")  and contains(@class, ""EditText"") ]  ''']}"
neteasemusic_20,neteasemusic,网易云音乐,com.netease.cloudmusic/.activity.IconChangeDefaultAlias,笔记,hard,7,打开网易云，删除我之前发布的笔记,"{""xpath"": [''' //*[contains(@text, ""删除"") and bbox_contains_point(@bounds,$point) ]  and //*[contains(@text, ""删除此动态"") ]  ''']}"
neteasemusic_21,neteasemusic,网易云音乐,com.netease.cloudmusic/.activity.IconChangeDefaultAlias,我的,hard,6,打开网易云编辑我的资料，设置性别为女,"{""xpath"": ['''//*[contains(@text, ""我的资料"") ]   and   //*[contains(@text, ""性别"") ]  and   //*[contains(@text, ""女"") ] ''' ]}"
neteasemusic_22,neteasemusic,网易云音乐,com.netease.cloudmusic/.activity.IconChangeDefaultAlias,我的,hard,6,打开网易云编辑我的资料，设置简介为“事已至此，先睡觉吧”,"{""xpath"": ['''//*[contains(@text, ""我的资料"") ]   and  //*[contains(@text, ""简介"")]  and   //*[contains(@text, ""事已至此，先睡觉吧"") ]   ''' ]}"
neteasemusic_23,neteasemusic,网易云音乐,com.netease.cloudmusic/.activity.IconChangeDefaultAlias,我的,easy,4,打开网易云我喜欢的音乐,"{""xpath"": ['''//*[contains(@text, ""我喜欢的音乐"") and contains(@class, ""TextView"") ] and //*[contains(@text, ""播放全部"") and contains(@class, ""TextView"")] ''' ]}"
neteasemusic_24,neteasemusic,网易云音乐,com.netease.cloudmusic/.activity.IconChangeDefaultAlias,我的,easy,4,打开网易云我的听歌排行,"{""xpath"": ['''//*[contains(@text, ""听歌排行"") ]   and   //*[contains(@text, ""最近一周"") ]  and   //*[contains(@text, ""所有时间"") ] ''' ]}"
neteasemusic_25,neteasemusic,网易云音乐,com.netease.cloudmusic/.activity.IconChangeDefaultAlias,我的,easy,4,打开网易云查看我的本地音乐,"{""xpath"": ['''//*[contains(@class, ""view.ViewGroup"") and bbox_contains_point(@bounds,$point) and (child::*[contains(@text, ""本地"") ] ) ]   ''']}"
neteasemusic_26,neteasemusic,网易云音乐,com.netease.cloudmusic/.activity.IconChangeDefaultAlias,我的,hard,6,在网易云音乐中把我的状态设置为许个愿,"{""xpath"": ['''//*[contains(@class, ""view.ViewGroup"") and bbox_contains_point(@bounds,$point) and (child::*[contains(@text, ""许个愿"") ] ) ]  and //*[contains(@text, ""选择状态"")]  and //*[contains(@text, ""完成"")] ''']}"
neteasemusic_27,neteasemusic,网易云音乐,com.netease.cloudmusic/.activity.IconChangeDefaultAlias,我的,hard,6,打开网易云查看提到我的消息,"{""xpath"": ['''//*[contains(@resource-id, ""atme"") and bbox_contains_point(@bounds,$point) and (child::*[contains(@text, ""提到我"") ] ) ]   ''']}###{""xpath"": [''' //*[contains(@text, ""评论和@提及"") and contains(@resource-id, ""user_name"")   and (bbox_contains_point(../@bounds,$point) )] ''']}"
neteasemusic_28,neteasemusic,网易云音乐,com.netease.cloudmusic/.activity.IconChangeDefaultAlias,我的,hard,7,打开网易云深色模式,"{""xpath"": [''' //*[contains(@text, ""深色模式"") and ( following-sibling::*[@text=""开启""])]  and  //*[contains(@text, ""播放页常亮"") ] ''' ]}"
neteasemusic_29,neteasemusic,网易云音乐,com.netease.cloudmusic/.activity.IconChangeDefaultAlias,我的,medium,5,打开网易云音乐的客服,"{""xpath"": ['''//*[contains(@class, ""view.ViewGroup"") and bbox_contains_point(@bounds,$point) and (child::*[contains(@text, ""我的客服"") ] ) ]   ''']}"
articlenews_0,articlenews,今日头条,com.ss.android.article.news/.activity.MainActivity,搜索,easy,5,今日头条上搜一下黄金今日的价格,"{""xpath"": ['''//*[contains(@text, ""金"") and contains(@text, ""搜索"") and contains(@text, ""价"")] ''']}"
articlenews_1,articlenews,今日头条,com.ss.android.article.news/.activity.MainActivity,搜索,easy,5,去今日头条看看哪吒现在多少票房了,"{""xpath"": ['''//*[contains(@text, ""哪吒"") and contains(@text, ""搜索"") and contains(@text, ""票房"")] ''']}"
articlenews_2,articlenews,今日头条,com.ss.android.article.news/.activity.MainActivity,搜索,easy,5,在今日头条上搜一下今天北京的穿衣指数,"{""xpath"": ['''//*[contains(@text, ""北京"") and contains(@text, ""搜索"") and contains(@text, ""穿衣指数"")] ''']}"
articlenews_3,articlenews,今日头条,com.ss.android.article.news/.activity.MainActivity,搜索,easy,5,去今日头条清空搜索历史,"{""xpath"": [ '''//*[contains(@text, ""清空搜索历史"")] and //*[contains(@text, ""确定"") and bbox_contains_point(@bounds,$point) ] ''' ]} "
articlenews_4,articlenews,今日头条,com.ss.android.article.news/.activity.MainActivity,搜索,hard,7,在今日头条上搜一下今天五粮液的股价,"{""xpath"": ['''//*[contains(@text, ""五粮液"") and contains(@text, ""搜索"") and contains(@text, ""股价"")] ''']}"
articlenews_5,articlenews,今日头条,com.ss.android.article.news/.activity.MainActivity,频道,easy,4,查看今日头条热榜第一条新闻,"{""xpath"": ['''//*[contains(@content-desc, ""热榜"") and @selected=""true""] and //*[contains(@content-desc, ""搜索框"") ] ''' ]}"
articlenews_6,articlenews,今日头条,com.ss.android.article.news/.activity.MainActivity,频道,hard,10,查看今日头条小说频道完结榜第一本书,"{""xpath"": [ '''//*[contains(@text, ""完结榜"") and contains(@text, ""已勾选"")] or //*[contains(@text, ""完结榜"") and bbox_contains_point(@bounds,$point) ] and //*[contains(@class, ""view.View"") and bbox_contains_point(@bounds,$point)] ''' ]}"
articlenews_7,articlenews,今日头条,com.ss.android.article.news/.activity.MainActivity,频道,hard,7,查看今日头条图片频道第一条新闻并点赞,"{""xpath"": ['''//*[contains(@content-desc, ""图片"") and @selected=""true""] ''' ,''' //*[contains(@content-desc, ""赞"") and contains(@class, ""Button"") and bbox_contains_point(@bounds,$point) ]  ''' ]}"
articlenews_8,articlenews,今日头条,com.ss.android.article.news/.activity.MainActivity,频道,hard,7,查看今日头条健康频道第一条新闻并收藏,"{""xpath"": ['''//*[contains(@content-desc, ""健康"") and @selected=""true""] ''' ,''' //*[contains(@content-desc, ""收藏"") and contains(@class, ""Button"") and bbox_contains_point(@bounds,$point) ]  ''' ]}"
articlenews_9,articlenews,今日头条,com.ss.android.article.news/.activity.MainActivity,频道,hard,7,去关注今日头条体育频道第一条新闻的作者,"{""xpath"": ['''//*[contains(@content-desc, ""体育"") and @selected=""true""] ''' ,''' //*[contains(@content-desc, ""已关注"") and contains(@class, ""Button"") ]  ''' ]}"
articlenews_10,articlenews,今日头条,com.ss.android.article.news/.activity.MainActivity,我的,easy,4,打开一下今日头条的浏览历史,"{""xpath"": ['''//*[contains(@text, ""浏览"") ] and  //*[contains(@text, ""推送"") ] and //*[contains(@text, ""评论"") ] ''' ]}"
articlenews_11,articlenews,今日头条,com.ss.android.article.news/.activity.MainActivity,我的,easy,5,查查今日头条里我的收藏有哪些,"{""xpath"": ['''//*[contains(@text, ""收藏"") and contains(@class, ""android.widget.Button"") and bbox_contains_point(@bounds,$point)] ''']}"
articlenews_12,articlenews,今日头条,com.ss.android.article.news/.activity.MainActivity,我的,hard,8,去今日头条更换头像，从默认头像的艺术类中选一个,"{""xpath"": ['''//*[contains(@text,""选择默认头像"")] and //*[contains(@text, ""艺术"")]    and  //*[contains(@text, ""选取"") and bbox_contains_point(@bounds,$point) ] ''' ]} "
articlenews_13,articlenews,今日头条,com.ss.android.article.news/.activity.MainActivity,我的,hard,8,去今日头条将我的性别设置为女,"{""xpath"": ['''//*[contains(@text, ""性别"")]  and //*[contains(@text, ""女"")] and  //*[contains(@text, ""编辑资料"") and contains(@resource-id, ""id/title"")] ''' ]}  "
articlenews_14,articlenews,今日头条,com.ss.android.article.news/.activity.MainActivity,设置,hard,6,打开今日头条里面我的书架,"{""xpath"": ['''//*[contains(@text, ""书架"") and contains(@class, ""FlattenUIText"") ] and //*[contains(@text, ""看过"") and contains(@class, ""FlattenUIText"") ] ''']}"
articlenews_15,articlenews,今日头条,com.ss.android.article.news/.activity.MainActivity,设置,hard,6,打开今日头条的夜间模式,"{""xpath"": [''' //*[contains(@text, ""日间模式"") and contains(@resource-id, ""id/d95"") ]''']}###{""xpath"": [''' //*[contains(@class, ""RelativeLayout"") and bbox_contains_point(@bounds,$point) and (child::*[contains(@text, ""深色模式"")  ] ) ]   ''']}"
articlenews_16,articlenews,今日头条,com.ss.android.article.news/.activity.MainActivity,设置,medium,6,去今日头条把自动开启阅读模式关掉,"{""xpath"": ['''//*[contains(@text, ""自动开启阅读模式"")]  and //*[contains(@text, ""关闭"") and contains(@class, ""Switch"")] ''' ]}"
articlenews_17,articlenews,今日头条,com.ss.android.article.news/.activity.MainActivity,设置,medium,6,去今日头条清除缓存,"{""xpath"": [ '''//*[contains(@text, ""删除所有缓存"")] and //*[contains(@text, ""确定"") and bbox_contains_point(@bounds,$point) ] ''' ]} "
articlenews_18,articlenews,今日头条,com.ss.android.article.news/.activity.MainActivity,设置,medium,6,去今日头条已读所有消息,"{""xpath"": [ '''//*[contains(@text, ""将所有消息和私信标记为已读"")] and //*[contains(@text, ""确定"") and bbox_contains_point(@bounds,$point) ] ''' ]} ###{""xpath"": [ '''//*[contains(@text, ""消息私信"")] and //*[contains(@text, ""设置"") ] and (not(//*[@text=""1""]) )  ''' ]}"
articlenews_19,articlenews,今日头条,com.ss.android.article.news/.activity.MainActivity,设置,medium,7,去今日头条设置不接受陌生人消息,"{""xpath"": [ '''//*[contains(@text, ""不再接收陌生人消息"")] and //*[contains(@text, ""确定关闭"") and bbox_contains_point(@bounds,$point) ] ''' ]} ###{""xpath"": [ '''//*[contains(@text, ""接收陌生人的消息"")] and //*[contains(@text, ""已关闭"") ] ''' ]} ###{""xpath"": [ '''//*[contains(@text, ""陌生人消息"")] and //*[contains(@text, ""不接受陌生人的消息"")]  ''' ]}"
fanqieread_0,fanqieread,番茄免费小说,com.dragon.read/.pages.splash.SplashActivity,搜索,easy,5,在番茄小说里面打开刘慈欣的三体,"{""xpath"": [ '''//*[contains(@text, ""三体"") and contains(@class, ""EditText"")   ]''' , '''//*[contains(@text, ""三体"")] and //*[contains(@text, ""刘慈欣"") ]''' ]}###{""xpath"": [ '''//*[contains(@text, ""三体"") and contains(@class, ""EditText"")   ]  and //*[contains(@text, ""刘慈欣"") ]''' ]}"
fanqieread_1,fanqieread,番茄免费小说,com.dragon.read/.pages.splash.SplashActivity,搜索,easy,5,在番茄小说里面打开我在精神病院学斩神,"{""xpath"": [ '''//*[contains(@text, ""我在精神病院学斩神"") and contains(@class, ""EditText"")   ]''' ,'''//*[contains(@text, ""我在精神病院学斩神"")] and //*[contains(@text, ""三九音域"") ]''' ]}###{""xpath"": [ '''//*[contains(@text, ""我在精神病院学斩神"") and contains(@class, ""EditText"")   ]  and //*[contains(@text, ""三九音域"") ]''' ]}"
fanqieread_2,fanqieread,番茄免费小说,com.dragon.read/.pages.splash.SplashActivity,搜索,medium,6,在番茄小说里面打开三体的听书,"{""xpath"": [ '''//*[contains(@text, ""三体"") and contains(@class, ""EditText"")] and //*[contains(@text, ""听书"") and bbox_contains_point(@bounds,$point)  ]    ''' , '''//*[contains(@text, ""真人讲书"")] and //*[contains(@text, ""智能朗读"")  ]''' ]}###{""xpath"": [ '''//*[contains(@text, ""三体"") and contains(@class, ""EditText"")] and //*[contains(@text, ""听书"") and bbox_contains_point(@bounds,$point)  ]   and //*[contains(@text, ""真人讲书"")] and //*[contains(@text, ""智能朗读"")  ]''' ]}"
fanqieread_3,fanqieread,番茄免费小说,com.dragon.read/.pages.splash.SplashActivity,搜索,easy,4,用番茄搜索三体的作者是谁,"{""xpath"": [  '''//*[contains(@text, ""三体"")] and //*[contains(@text, ""作者"")] and //*[contains(@text, ""刘慈欣"")  ]''' ]}"
fanqieread_4,fanqieread,番茄免费小说,com.dragon.read/.pages.splash.SplashActivity,搜索,easy,4,在番茄里面搜索红楼梦,"{""xpath"": [ '''//*[contains(@text, ""红楼梦"") and contains(@class, ""EditText"") ]'''  ]}"
fanqieread_5,fanqieread,番茄免费小说,com.dragon.read/.pages.splash.SplashActivity,搜索,hard,7,"在番茄里面看看明朝那些事儿的书评,并给第一条书评点赞","{""xpath"": [ '''//*[contains(@text, ""明朝那些事儿"") and contains(@text, ""书评"")  and contains(@class, ""EditText"") ]  and //*[contains(@text, ""轻按星星点评此书"") ] and //*[contains(@resource-id, ""id/ewe"") and bbox_contains_point(@bounds,$point) ]  '''  ]}"
fanqieread_6,fanqieread,番茄免费小说,com.dragon.read/.pages.splash.SplashActivity,搜索,easy,4,通过番茄小说搜索框搜索“阴间神探","{""xpath"": [ '''//*[contains(@text, ""阴间神探"") and contains(@class, ""EditText"") ]'''  ]}"
fanqieread_7,fanqieread,番茄免费小说,com.dragon.read/.pages.splash.SplashActivity,频道,easy,3,打开番茄小说完本榜,"{""xpath"": ['''//*[contains(@text, ""完本榜"") and bbox_contains_point(@bounds,$point) ] ''']}"
fanqieread_8,fanqieread,番茄免费小说,com.dragon.read/.pages.splash.SplashActivity,频道,medium,5,打开番茄小说玄幻类的阅读榜,"{""xpath"": ['''//*[contains(@text, ""阅读榜"") and bbox_contains_point(@bounds,$point) ] ''', '''//*[contains(@text, ""玄幻"") and bbox_contains_point(@bounds,$point) ] ''']}"
fanqieread_9,fanqieread,番茄免费小说,com.dragon.read/.pages.splash.SplashActivity,频道,medium,6,在番茄里面筛选玄幻、无女主小说,"{""xpath"": ['''//*[contains(@text, ""玄幻"") and contains(@resource-id, ""id/j3"") and (parent::*[contains(@class, ""view.ViewGroup"") ] ) ]  and //*[contains(@text, ""无女主"") and contains(@resource-id, ""id/j3"") and (parent::*[contains(@class, ""view.ViewGroup"") ] ) ]   ''']}"
fanqieread_10,fanqieread,番茄免费小说,com.dragon.read/.pages.splash.SplashActivity,频道,medium,6,在番茄里面筛选历史、搞笑轻松小说,"{""xpath"": ['''//*[contains(@text, ""历史"") and contains(@resource-id, ""id/j3"") and (parent::*[contains(@class, ""view.ViewGroup"") ] ) ]  and //*[contains(@text, ""搞笑轻松"") and @selected=""true""]   ''']}"
fanqieread_11,fanqieread,番茄免费小说,com.dragon.read/.pages.splash.SplashActivity,频道,hard,8,在番茄里面筛选包含美食、种田、系统等标签的小说,"{""xpath"": ['''//*[contains(@text, ""美食"") and contains(@resource-id, ""id/j3"") and (parent::*[contains(@class, ""view.ViewGroup"") ] ) ] and //*[contains(@text, ""种田"") and contains(@resource-id, ""id/j3"") and (parent::*[contains(@class, ""view.ViewGroup"") ] ) ] and //*[contains(@text, ""系统"") and contains(@resource-id, ""id/j3"") and (parent::*[contains(@class, ""view.ViewGroup"") ] ) ] ''']}"
fanqieread_12,fanqieread,番茄免费小说,com.dragon.read/.pages.splash.SplashActivity,频道,hard,9,在番茄女生频道里面筛选包含天灾、末世、无CP等标签的小说,"{""xpath"": ['''//*[contains(@text, ""天灾"") and contains(@resource-id, ""id/j3"") and (parent::*[contains(@class, ""view.ViewGroup"") ] ) ] and //*[contains(@text, ""末世"") and contains(@resource-id, ""id/j3"") and (parent::*[contains(@class, ""view.ViewGroup"") ] ) ] and //*[contains(@text, ""无CP"") and contains(@resource-id, ""id/j3"") and (parent::*[contains(@class, ""view.ViewGroup"") ] ) ] ''']}"
fanqieread_13,fanqieread,番茄免费小说,com.dragon.read/.pages.splash.SplashActivity,频道,medium,5,我要看番茄漫画,"{""xpath"": ['''//*[contains(@text, ""漫画"") and bbox_contains_point(@bounds,$point) ] ''']}"
fanqieread_14,fanqieread,番茄免费小说,com.dragon.read/.pages.splash.SplashActivity,频道,easy,4,前往番茄听书功能模块,"{""xpath"": ['''//*[contains(@text, ""听书"") and bbox_contains_point(@bounds,$point) ] ''']}"
fanqieread_15,fanqieread,番茄免费小说,com.dragon.read/.pages.splash.SplashActivity,书架,easy,4,在番茄书架中查阅浏览历史,"{""xpath"": ['''//*[contains(@text, ""历史"") ]  and //*[contains(@text, ""全部"") ] and //*[contains(@text, ""阅读"") ] and //*[contains(@text, ""听书"") ]   and //*[contains(@text, ""书架"") and @selected=""true""]   ''']}"
fanqieread_16,fanqieread,番茄免费小说,com.dragon.read/.pages.splash.SplashActivity,书架,easy,4,去番茄小说我的书架追剧,"{""xpath"": ['''//*[contains(@text, ""追剧"") ]  and (//*[contains(@text, ""找短剧"") ] or //*[contains(@text, ""查看短剧"") ])   and //*[contains(@text, ""书架"") and @selected=""true""]   ''']}"
fanqieread_17,fanqieread,番茄免费小说,com.dragon.read/.pages.splash.SplashActivity,书架,hard,7,进入番茄小说的“穿越”圈子并订阅它,"{""xpath"": [  '''//*[contains(@text, ""穿越圈"")] and //*[contains(@text, ""已订阅"")] and //*[contains(@text, ""最热"")]   and //*[contains(@text, ""最新"") ]''' ]}"
fanqieread_18,fanqieread,番茄免费小说,com.dragon.read/.pages.splash.SplashActivity,我的,hard,8,把番茄的阅读偏好设置成男生小说,"{""xpath"": [ '''//*[contains(@text, ""选择你的兴趣偏好"")] and //*[contains(@text, ""男生小说"")] and //*[contains(@text, ""女生小说"")] and //*[contains(@text, ""我都爱看"") ]''' ]}"
fanqieread_19,fanqieread,番茄免费小说,com.dragon.read/.pages.splash.SplashActivity,我的,easy,4,去番茄小说查看我的消息,"{""xpath"": ['''//*[contains(@class, ""ViewGroup"") and bbox_contains_point(@bounds,$point) and (child::*[contains(@text, ""我的消息"") ])] ''']}"
fanqieread_20,fanqieread,番茄免费小说,com.dragon.read/.pages.splash.SplashActivity,我的,medium,5,打开番茄我的关注,"{""xpath"": ['''//*[contains(@class, ""ViewGroup"") and bbox_contains_point(@bounds,$point) and (child::*[contains(@text, ""关注"") ])] and //*[contains(@text, ""编辑资料"") ] ''']}"
fanqieread_21,fanqieread,番茄免费小说,com.dragon.read/.pages.splash.SplashActivity,我的,medium,5,查看番茄我下载的记录,"{""xpath"": ['''//*[contains(@class, ""ViewGroup"") and bbox_contains_point(@bounds,$point) and (child::*[contains(@text, ""我的下载"") ])] ''']}"
fanqieread_22,fanqieread,番茄免费小说,com.dragon.read/.pages.splash.SplashActivity,我的,hard,5,在番茄小说签到,"{""xpath"": [ '''//*[contains(@text, ""今日签到"")] and //*[contains(@text, ""立即签到"") and bbox_contains_point(@bounds,$point) ] ''' ]}###{""xpath"": [ '''  //*[contains(@text, ""签到赚钱"") and bbox_contains_point(@bounds,$point) ] ''' ]}"
fanqieread_23,fanqieread,番茄免费小说,com.dragon.read/.pages.splash.SplashActivity,我的,medium,5,进入番茄小说的笔记页面,"{""xpath"": ['''//*[contains(@class, ""ViewGroup"") and bbox_contains_point(@bounds,$point) and (child::*[contains(@text, ""我的笔记"") ])] ''']}"
fanqieread_24,fanqieread,番茄免费小说,com.dragon.read/.pages.splash.SplashActivity,我的,easy,4,查阅番茄小说的历史浏览记录,"{""xpath"": ['''//*[contains(@class, ""ViewGroup"") and bbox_contains_point(@bounds,$point) and (child::*[contains(@text, ""浏览历史"") ])] ''']}"
fanqieread_25,fanqieread,番茄免费小说,com.dragon.read/.pages.splash.SplashActivity,设置,hard,7,番茄切换成大字体,"{""xpath"": [ '''//*[contains(@text, ""字体大小预览"")] and //*[contains(@text, ""大"") and bbox_contains_point(@bounds,$point) ] '''  ]} "
fanqieread_26,fanqieread,番茄免费小说,com.dragon.read/.pages.splash.SplashActivity,设置,hard,7,在番茄小说中随便打开一本小说，设置字号为22，翻页方式为上下,"{""xpath"": [ '''//*[contains(@text, ""翻页"")] and //*[contains(@text, ""上下"") and bbox_contains_point(@bounds,$point) ] ''' , '''//*[contains(@text, ""字号"")] and //*[contains(@text, ""22"")   ] ''' ]} "
fanqieread_27,fanqieread,番茄免费小说,com.dragon.read/.pages.splash.SplashActivity,设置,medium,5,打开番茄小说中一键清理缓存,"{""xpath"": ['''//*[contains(@text, ""一键清理"") and bbox_contains_point(@bounds,$point) ] and  //*[contains(@text, ""清理缓存"") ]   '''  ]}"
fanqieread_28,fanqieread,番茄免费小说,com.dragon.read/.pages.splash.SplashActivity,设置,hard,7,在番茄小说中启用消息通知功能,"{""xpath"": [''' //*[contains(@text, ""推送通知"") and ( following-sibling::*[@text=""已开启""])]  ''' ]}###{""xpath"": ['''//*[contains(@resource-id, ""id/be9"") and bbox_contains_point(@bounds,$point) and (preceding-sibling::*[contains(@text, ""接收消息通知"") ] ) ]   ''']}###{""xpath"": [''' //*[contains(@text, ""番 茄免费小说"")] and //*[contains(@text, ""允许通知"")  ]  and //*[contains(@class, ""CheckBox"") and @checkable=""true"" and @checked=""true""]  ''']}"
fanqieread_29,fanqieread,番茄免费小说,com.dragon.read/.pages.splash.SplashActivity,设置,medium,5,查看番茄小说客服电话,"{""xpath"": [''' //*[contains(@text, ""客服"") and contains(@resource-id, ""id/title"")  and (bbox_contains_point(../@bounds,$point)or bbox_contains_point(../../@bounds,$point))] ''']}"
pinduoduo_0,pinduoduo,拼多多,com.xunmeng.pinduoduo/.ui.activity.MainFrameActivity,搜索,easy,4,拼多多搜索iPhone 16 promax ,"{""xpath"": ['''//*[ (contains(@text, ""iphone"") or contains(@text, ""iPhone"") or contains(@text, ""IPhone"") or contains(@text, ""IPHONE"") ) and contains(@text, ""16"")  and (contains(@text, ""pro"") or contains(@text, ""PRO"")  )   and contains(@resource-id, ""id/pdd"")  and (ancestor::*[contains(@content-desc, ""搜索"")  and contains(@resource-id, ""id/pdd"") ])   ]'''   ]}"
pinduoduo_1,pinduoduo,拼多多,com.xunmeng.pinduoduo/.ui.activity.MainFrameActivity,搜索,easy,4,拼多多搜索冰箱贴,"{""xpath"": ['''//*[ contains(@text, ""冰箱贴"") and contains(@resource-id, ""id/pdd"")  and (ancestor::*[contains(@content-desc, ""搜索"")  and contains(@resource-id, ""id/pdd"") ])   ]'''   ]}"
pinduoduo_2,pinduoduo,拼多多,com.xunmeng.pinduoduo/.ui.activity.MainFrameActivity,搜索,easy,3,打开拼多多拍照搜索,"{""xpath"": ['''//*[ contains(@text, ""点击拍照"") and contains(@resource-id, ""id/pdd"")  ]'''   ]}"
pinduoduo_3,pinduoduo,拼多多,com.xunmeng.pinduoduo/.ui.activity.MainFrameActivity,搜索,easy,5,在拼多多里面查看黑色垃圾袋的商品页,"{""xpath"": ['''//*[ contains(@content-desc, ""袋"") and contains(@content-desc, ""黑"")  and contains(@resource-id, ""id/tv_title"") ] and  //*[ contains(@text, ""店铺"") and contains(@resource-id, ""id/pdd"") ] and  //*[ contains(@text, ""收藏"") and contains(@resource-id, ""id/pdd"") ]  and  //*[ contains(@text, ""客服"") and contains(@resource-id, ""id/pdd"") ] '''   ]}"
pinduoduo_4,pinduoduo,拼多多,com.xunmeng.pinduoduo/.ui.activity.MainFrameActivity,搜索,hard,7,在拼多多里复制一个白色Type-C数据线的商品链接,"{""xpath"": ['''//*[ contains(@content-desc, ""数据线"") and (contains(@content-desc, ""type-c"")  or  contains(@content-desc, ""Type-c""))  and contains(@resource-id, ""id/tv_title"") ] and  //*[ contains(@text, ""店铺"") and contains(@resource-id, ""id/pdd"") ]  ''' ,   '''//*[contains(@class, ""LinearLayout"") and bbox_contains_point(@bounds,$point) and (child::*[contains(@text, ""复制链接"") and contains(@resource-id, ""id/pdd"") ] ) ]   ''' ]}"
pinduoduo_5,pinduoduo,拼多多,com.xunmeng.pinduoduo/.ui.activity.MainFrameActivity,搜索,hard,7,在拼多多里面查看一个无线鼠标商品的评价,"{""xpath"": ['''//*[ contains(@content-desc, ""无线"") and contains(@content-desc, ""鼠标"")  and contains(@resource-id, ""id/tv_title"") ] and  //*[ contains(@text, ""店铺"") and contains(@resource-id, ""id/pdd"") ]  ''' ,   '''//*[ contains(@text, ""评价"")  and contains(@text, ""商品"")  and contains(@resource-id, ""id/tv_title"") ]''' ]}"
pinduoduo_6,pinduoduo,拼多多,com.xunmeng.pinduoduo/.ui.activity.MainFrameActivity,搜索,hard,6,去拼多多收藏1个马克杯，要有卡通小狗图案的,"{""xpath"": ['''//*[ contains(@content-desc, ""小狗"") and contains(@content-desc, ""马克杯"") and contains(@resource-id, ""id/tv_title"") ] and  //*[ contains(@text, ""店铺"") and contains(@resource-id, ""id/pdd"") ]  ''' ,   ''' (//*[ contains(@content-desc, ""收藏"") and contains(@class, ""LinearLayout"") and bbox_contains_point(@bounds,$point)  ] ) or  (//*[ contains(@content-desc, ""已收藏"") and contains(@class, ""LinearLayout"")] )   ''' ]}"
pinduoduo_7,pinduoduo,拼多多,com.xunmeng.pinduoduo/.ui.activity.MainFrameActivity,搜索,hard,6,去拼多多打开婴儿湿巾的店铺首页,"{""xpath"": ['''//*[ contains(@content-desc, ""婴儿"")  and contains(@content-desc, ""湿巾"")  and contains(@resource-id, ""id/tv_title"") ] and  //*[ contains(@text, ""店铺"") and contains(@resource-id, ""id/pdd"") ]  ''' ,   ''' //*[ (contains(@text, ""店铺"") or contains(@text, ""进店"") or contains(@text, ""进入品牌""))  and bbox_contains_point(../@bounds,$point) ]  ''' ]}"
pinduoduo_8,pinduoduo,拼多多,com.xunmeng.pinduoduo/.ui.activity.MainFrameActivity,频道,easy,4,查看拼多多限时秒杀第一个商品详情,"{""xpath"": ['''//*[ contains(@text, ""限时秒杀"") and contains(@resource-id, ""id/tv_title"") ]  and //*[contains(@class, ""view.View"") and bbox_contains_point(@bounds,$point)  ] '''   ]}"
pinduoduo_9,pinduoduo,拼多多,com.xunmeng.pinduoduo/.ui.activity.MainFrameActivity,频道,easy,3,打开拼多多充值中心,"{""xpath"": ['''//*[contains(@class, ""RelativeLayout"") and bbox_contains_point(@bounds,$point) and (child::*[contains(@text, ""充值中心"") and contains(@resource-id, ""id/name"") ] ) ] ''']} "
pinduoduo_10,pinduoduo,拼多多,com.xunmeng.pinduoduo/.ui.activity.MainFrameActivity,频道,medium,5,查看拼多多百亿补贴手机类商品,"{""xpath"": ['''//*[contains(@text, ""百亿补贴"") and (bbox_contains_point(../@bounds,$point)or bbox_contains_point(../../@bounds,$point))] ''','''//*[contains(@text, ""手机"") and (bbox_contains_point(../@bounds,$point)or bbox_contains_point(../../@bounds,$point))]''']} "
pinduoduo_11,pinduoduo,拼多多,com.xunmeng.pinduoduo/.ui.activity.MainFrameActivity,频道,medium,5,查看拼多多多多买菜蔬菜类的第一个商品,"{""xpath"": ['''//*[contains(@text, ""蔬菜"") and contains(@class, ""Button"") and bbox_contains_point(@bounds,$point) ] '''   ]}"
pinduoduo_12,pinduoduo,拼多多,com.xunmeng.pinduoduo/.ui.activity.MainFrameActivity,频道,medium,5,查看拼多多休闲零食板块的豆干辣条商品列表,"{""xpath"": ['''//*[contains(@class, ""LinearLayout"") and bbox_contains_point(@bounds,$point) and (child::*[contains(@text, ""休闲零食"") and contains(@resource-id, ""id/name"") ] ) ]   ''',  '''   //*[contains(@text, ""豆干辣条"") and @selected=""true""]  ''' ]}"
pinduoduo_13,pinduoduo,拼多多,com.xunmeng.pinduoduo/.ui.activity.MainFrameActivity,频道,medium,5,查看拼多多男装板块的上衣外套第一个商品的详情,"{""xpath"": ['''//*[contains(@class, ""LinearLayout"") and bbox_contains_point(@bounds,$point) and (child::*[contains(@text, ""上衣外套"") and contains(@resource-id, ""id/name"") ] ) ]   ''',  ''' //*[ contains(@text, ""店铺"") and contains(@resource-id, ""id/pdd"") ] ''' ]}"
pinduoduo_14,pinduoduo,拼多多,com.xunmeng.pinduoduo/.ui.activity.MainFrameActivity,频道,hard,7,复制拼多多频道的水杯餐具类目第一款商品链接,"{""xpath"": ['''//*[contains(@class, ""LinearLayout"") and bbox_contains_point(@bounds,$point) and (child::*[contains(@text, ""水杯餐具"") and contains(@resource-id, ""id/name"") ] ) ]   ''',  ''' //*[ contains(@text, ""店铺"") and contains(@resource-id, ""id/pdd"") ] ''' , '''//*[contains(@class, ""LinearLayout"") and bbox_contains_point(@bounds,$point) and (child::*[contains(@text, ""复制链接"") and contains(@resource-id, ""id/pdd"") ] ) ]   ''' ]}"
pinduoduo_15,pinduoduo,拼多多,com.xunmeng.pinduoduo/.ui.activity.MainFrameActivity,频道,hard,9,查看拼多多手机小米类目第一款商品评价,"{""xpath"": ['''//*[ contains(@content-desc, ""小米"") and contains(@content-desc, ""手机"")  and contains(@resource-id, ""id/tv_title"") ] and  //*[ contains(@text, ""店铺"") and contains(@resource-id, ""id/pdd"") ]  ''' ,   '''//*[ contains(@text, ""评价"") and contains(@text, ""商品"")  and contains(@resource-id, ""id/tv_title"") ]''' ]}"
pinduoduo_16,pinduoduo,拼多多,com.xunmeng.pinduoduo/.ui.activity.MainFrameActivity,频道,medium,6,收藏拼多多袜子第一款商品,"{""xpath"": ['''//*[ contains(@content-desc, ""袜子"")  and contains(@resource-id, ""id/tv_title"") ] and  //*[ contains(@text, ""店铺"") and contains(@resource-id, ""id/pdd"") ]  ''' ,   ''' (//*[ contains(@content-desc, ""收藏"") and contains(@class, ""LinearLayout"") and bbox_contains_point(@bounds,$point)  ] ) or  (//*[ contains(@content-desc, ""已收藏"") and contains(@class, ""LinearLayout"")] )   ''' ]}"
pinduoduo_17,pinduoduo,拼多多,com.xunmeng.pinduoduo/.ui.activity.MainFrameActivity,频道,hard,7,查看拼多多橡皮泥第三款商品的评价,"{""xpath"": ['''//*[ contains(@content-desc, ""橡皮泥"")  and contains(@resource-id, ""id/tv_title"") ] and  //*[ contains(@text, ""店铺"") and contains(@resource-id, ""id/pdd"") ]  ''' ,    '''//*[ contains(@text, ""评价"")  and contains(@text, ""商品"")  and contains(@resource-id, ""id/tv_title"") ]'''  ]}"
pinduoduo_18,pinduoduo,拼多多,com.xunmeng.pinduoduo/.ui.activity.MainFrameActivity,频道,hard,8,查看并关注拼多多女鞋第一款商品的所属店铺,"{""xpath"": ['''//*[ contains(@content-desc, ""女"") and contains(@content-desc, ""鞋"")  and contains(@resource-id, ""id/tv_title"") ] and  //*[ contains(@text, ""店铺"") and contains(@resource-id, ""id/pdd"") ]  ''' ,   '''//*[ contains(@text, ""已关注"") ]  and //*[ contains(@text, ""客服"") ]  ''' ]}###{""xpath"": ['''//*[ contains(@content-desc, ""女"") and contains(@content-desc, ""鞋"")  and contains(@resource-id, ""id/tv_title"") ] and  //*[ contains(@text, ""店铺"") and contains(@resource-id, ""id/pdd"") ] and //*[ contains(@text, ""已关注"") ]  and //*[ contains(@text, ""客服"") ]  ''' ]}"
pinduoduo_19,pinduoduo,拼多多,com.xunmeng.pinduoduo/.ui.activity.MainFrameActivity,频道,hard,7,打开拼多多查看垂钓装备第一款商品的发货说明详情,"{""xpath"": ['''//*[ (contains(@content-desc, ""鱼"") or  contains(@content-desc, ""渔"") or   contains(@content-desc, ""钓"") ) and contains(@resource-id, ""id/tv_title"") ] and  //*[ contains(@text, ""店铺"") and contains(@resource-id, ""id/pdd"") ]  ''' ,   '''//*[ contains(@text, ""发货说明"")  and contains(@class, ""TextView"") ]  ''' ]}"
pinduoduo_20,pinduoduo,拼多多,com.xunmeng.pinduoduo/.ui.activity.MainFrameActivity,频道,hard,7,打开拼多多查看自行车第一款商品的店铺详情,"{""xpath"": ['''//*[ contains(@content-desc, ""自行车"")  and contains(@resource-id, ""id/tv_title"") ] and  //*[ contains(@text, ""店铺"") and contains(@resource-id, ""id/pdd"") ]  ''' ,    '''//*[ contains(@text, ""店铺"") ]  and //*[ contains(@text, ""关注"") ]  and //*[ contains(@text, ""客服"") ]  ''' ]}"
pinduoduo_21,pinduoduo,拼多多,com.xunmeng.pinduoduo/.ui.activity.MainFrameActivity,个人中心,easy,4,在拼多多查看我待付款的订单,"{""xpath"": [  ''' //*[ contains(@text, ""我的订单"")  and contains(@resource-id, ""id/tv_title"") ]  and   //*[contains(@text, ""待付款"") and @selected=""true""]  ''' ]}"
pinduoduo_22,pinduoduo,拼多多,com.xunmeng.pinduoduo/.ui.activity.MainFrameActivity,个人中心,easy,4,拼多多查看我的评价,"{""xpath"": [  ''' //*[ contains(@text, ""我的订单"")  and contains(@resource-id, ""id/tv_title"") ]  and   //*[contains(@text, ""评价"") and @selected=""true""]  ''' ]}"
pinduoduo_23,pinduoduo,拼多多,com.xunmeng.pinduoduo/.ui.activity.MainFrameActivity,个人中心,easy,4,打开拼多多，查看多多钱包余额,"{""xpath"": ['''//*[contains(@text, ""多多钱包"")  and bbox_contains_point(../@bounds,$point)] ''' ]}"
pinduoduo_24,pinduoduo,拼多多,com.xunmeng.pinduoduo/.ui.activity.MainFrameActivity,个人中心,easy,4,拼多多看我有哪些优惠券,"{""xpath"": ['''//*[contains(@text, ""优惠券"")  and bbox_contains_point(../@bounds,$point)] ''' ]}"
pinduoduo_25,pinduoduo,拼多多,com.xunmeng.pinduoduo/.ui.activity.MainFrameActivity,个人中心,medium,5,查看拼多多店铺浏览历史,"{""xpath"": [  ''' //*[ contains(@text, ""历史浏览"")  and contains(@resource-id, ""id/tv_title"") ]  and   //*[contains(@text, ""店铺"") and (bbox_contains_point(../@bounds,$point)or bbox_contains_point(../../@bounds,$point))] ''' ]}"
pinduoduo_26,pinduoduo,拼多多,com.xunmeng.pinduoduo/.ui.activity.MainFrameActivity,个人中心,hard,7,暂时关闭拼多多自动免拼,"{""xpath"": [  ''' //*[ contains(@text, ""免拼设置"")  and contains(@resource-id, ""id/tv_title"") ] and //*[contains(@text, ""暂时关闭"")   ]  ''' ]}"
pinduoduo_27,pinduoduo,拼多多,com.xunmeng.pinduoduo/.ui.activity.MainFrameActivity,个人中心,hard,6,开启拼多多长辈模式,"{""xpath"": ['''//*[contains(@text, ""切换为长辈版"") and contains(@class, ""android.widget.Button"") and bbox_contains_point(@bounds,$point)] ''']}"
pinduoduo_28,pinduoduo,拼多多,com.xunmeng.pinduoduo/.ui.activity.MainFrameActivity,个人中心,hard,8,把拼多多头像更换为相册第一张照片,"{""xpath"": ['''//*[contains(@text, ""从手机相册选择"")  and bbox_contains_point(@bounds,$point)] ''' and  '''//*[contains(@resource-id, ""id/pdd"")  and bbox_contains_point(@bounds,$point)  and  (preceding-sibling::*[contains(@text, ""裁剪"") ])] ''' ]}"
pinduoduo_29,pinduoduo,拼多多,com.xunmeng.pinduoduo/.ui.activity.MainFrameActivity,个人中心,easy,4,去拼多多看看我收藏的商品,"{""xpath"": [''' //*[contains(@text, ""商品收藏"")   and (bbox_contains_point(../@bounds,$point) )] ''']} "
minimap_0,minimap,高德地图,com.autonavi.minimap/com.autonavi.map.activity.SplashActivity,搜索,medium,7,在高德地图中查找前往一家附近的烤肉店的路线,"{""xpath"": ['''//*[contains(@content-desc, ""烤肉"") and contains(@content-desc, ""搜索"")] and //*[contains(@content-desc, ""烤肉"")]''']}"
minimap_1,minimap,高德地图,com.autonavi.minimap/com.autonavi.map.activity.SplashActivity,搜索,hard,10,在高德地图中查一下上海市外地小客车的限行政策,"{""xpath"": ['''//*[contains(@text, ""上海市"")]  and //*[contains(@text, ""查看限行政策"")]  and //*[contains(@text, ""外地小客车"")] ''']}"
minimap_2,minimap,高德地图,com.autonavi.minimap/com.autonavi.map.activity.SplashActivity,搜索,hard,5,在高德地图中查看一下北京8号线的地铁图,"{""xpath"": ['''//*[contains(@content-desc, ""搜索框"") and contains(@content-desc, ""8号线"")] and //*[contains(@content-desc, ""地铁8号线"")] ''']} ###{""xpath"": [''' //*[contains(@text, ""地铁图"")  and (bbox_contains_point(../@bounds,$point)or bbox_contains_point(../../@bounds,$point))] ''']}"
minimap_3,minimap,高德地图,com.autonavi.minimap/com.autonavi.map.activity.SplashActivity,搜索,medium,5,在高德地图中查看天安门附近的的酒店,"{""xpath"": ['''//*[contains(@content-desc, ""搜索框"") and contains(@content-desc, ""天安门"") and contains(@content-desc, ""酒店"")] and //*[contains(@content-desc, ""酒店"")] ''']}###{""xpath"": ['''//*[contains(@content-desc, ""搜索框"") and contains(@content-desc, ""酒店"")] and //*[contains(@text, ""天安门"")] ''']}"
minimap_4,minimap,高德地图,com.autonavi.minimap/com.autonavi.map.activity.SplashActivity,搜索,medium,5,在高德地图中查看附近特惠油站,"{""xpath"": ['''//*[contains(@content-desc, ""搜索框"") and contains(@content-desc, ""特惠"") and contains(@content-desc, ""油站"")] and //*[contains(@content-desc, ""油站"")] ''']}"
minimap_5,minimap,高德地图,com.autonavi.minimap/com.autonavi.map.activity.SplashActivity,搜索,hard,9,高德查一下天坛公园到天安门广场的驾车路线,"{""xpath"": ['''   //*[contains(@text, ""驾车"") and @selected=""true""]   and   //*[contains(@text, ""天坛公园"")  and contains(@resource-id, ""id/route_edit_summary_start"")  ]  and //*[contains(@text, ""天安门广场"")  and contains(@resource-id, ""id/route_edit_summary_end"")  ]  ''' ]}"
minimap_6,minimap,高德地图,com.autonavi.minimap/com.autonavi.map.activity.SplashActivity,搜索,hard,9,高德查一下颐和园到北京大学的步行路线,"{""xpath"": ['''   //*[contains(@text, ""步行"") and @selected=""true""]   and   //*[contains(@text, ""颐和园"")  and contains(@resource-id, ""id/route_edit_summary_start"")  ]  and //*[contains(@text, ""北京大学"")  and contains(@resource-id, ""id/route_edit_summary_end"")  ]  ''' ]}"
minimap_7,minimap,高德地图,com.autonavi.minimap/com.autonavi.map.activity.SplashActivity,搜索,hard,9,高德查一下北京南站到北京丰台站的地铁路线,"{""xpath"": ['''   //*[contains(@text, ""公共交通"") and @selected=""true""]   and   //*[contains(@text, ""北京南站"")  and contains(@resource-id, ""id/route_edit_summary_start"")  ]  and //*[contains(@text, ""北京丰台站"")  and contains(@resource-id, ""id/route_edit_summary_end"")  ]  ''' ]}"
minimap_8,minimap,高德地图,com.autonavi.minimap/com.autonavi.map.activity.SplashActivity,搜索,medium,5,高德搜索三里屯附近的麦当劳,"{""xpath"": ['''//*[contains(@content-desc, ""搜索框"") and contains(@content-desc, ""三里屯"") and contains(@content-desc, ""麦当劳"")] and //*[contains(@content-desc, ""麦当劳"")] ''']}"
minimap_9,minimap,高德地图,com.autonavi.minimap/com.autonavi.map.activity.SplashActivity,搜索,easy,3,打开高德地图扫一扫,"{""xpath"": ['''//*[contains(@content-desc, ""扫描二维码"")]  and //*[contains(@content-desc, ""相册"")]''' ]}"
minimap_10,minimap,高德地图,com.autonavi.minimap/com.autonavi.map.activity.SplashActivity,搜索,hard,9,高德查一下到最近的麦当劳的步行路线,"{""xpath"": ['''   //*[contains(@text, ""步行"") and @selected=""true""]   and   //*[contains(@text, ""我的位置"")  and contains(@resource-id, ""id/route_edit_summary_start"")  ]  and //*[contains(@text, ""麦当劳"")  and contains(@resource-id, ""id/route_edit_summary_end"")  ]  ''' ]}"
minimap_11,minimap,高德地图,com.autonavi.minimap/com.autonavi.map.activity.SplashActivity,搜索,hard,7,高德查一下北京丰台站到上海南站的路线,"{""xpath"": ['''  //*[contains(@text, ""北京丰台"")  and contains(@resource-id, ""id/route_edit_summary_start"")  ]  and //*[contains(@text, ""上海南站"")  and contains(@resource-id, ""id/route_edit_summary_end"")  ]  ''' ]}"
minimap_12,minimap,高德地图,com.autonavi.minimap/com.autonavi.map.activity.SplashActivity,频道,medium,4,在高德看看我的收藏夹,"{""xpath"": [''' //*[contains(@text, ""收藏夹"")  and (bbox_contains_point(../@bounds,$point)or bbox_contains_point(../../@bounds,$point))] ''']}"
minimap_13,minimap,高德地图,com.autonavi.minimap/com.autonavi.map.activity.SplashActivity,频道,medium,5,查看高德地图回西二旗地铁站的公交,"{""xpath"": ['''   //*[contains(@text, ""公共交通"") and @selected=""true""]   and   //*[contains(@text, ""我的位置"")  and contains(@resource-id, ""id/route_edit_summary_start"")  ]  and //*[contains(@text, ""西二旗"")  and contains(@resource-id, ""id/route_edit_summary_end"")  ]  ''' ]}"
minimap_14,minimap,高德地图,com.autonavi.minimap/com.autonavi.map.activity.SplashActivity,频道,medium,4,打开高德地图实时公交服务,"{""xpath"": ['''//*[contains(@text, ""周边的公交地铁"")]  and //*[contains(@text, ""通勤助手"")]''' ]}###'''//*[contains(@text, ""实时公交"") and (bbox_contains_point(../@bounds,$point)or bbox_contains_point(../../@bounds,$point))]''']}"
minimap_15,minimap,高德地图,com.autonavi.minimap/com.autonavi.map.activity.SplashActivity,常用地点,hard,8,高德设置一下公司的地址为小米科技园B栋,"{""xpath"": ['''   //*[contains(@text, ""公司  小米科技园"") ]  ''' ]} ###{""xpath"": [''' //*[contains(@text, ""设置公司地址"") ] and //*[contains(@text, ""小米科技园"")  and contains(@class, ""EditText"") ] ''' ]} "
minimap_16,minimap,高德地图,com.autonavi.minimap/com.autonavi.map.activity.SplashActivity,常用地点,hard,8,高德设置一下家的地址为北京大学东门,"{""xpath"": [''' //*[contains(@text, ""家 北京大学"") ] ''' ]}###{""xpath"": [''' //*[contains(@text, ""设置 家庭住址"") ] and //*[contains(@text, ""北京大学"") and contains(@text, ""东门"")  and contains(@class, ""EditText"") ] ''' ]}"
minimap_17,minimap,高德地图,com.autonavi.minimap/com.autonavi.map.activity.SplashActivity,附近,medium,5,打开高德地图附近页，看看有没有附件的4s店,"{""xpath"": ['''//*[contains(@resource-id, ""id/tab_bar_item_parent"") and bbox_contains_point(@bounds,$point) and (child::*[contains(@text, ""附近"") ]  )   ]  ''' ,  '''//*[contains(@content-desc, ""搜索框"") and (contains(@content-desc, ""4S店"") or contains(@content-desc, ""4s店"") ) ] ''' ]}  "
minimap_18,minimap,高德地图,com.autonavi.minimap/com.autonavi.map.activity.SplashActivity,附近,medium,5,进入高德地图附近页，查看周边有哪些医院,"{""xpath"": ['''//*[contains(@resource-id, ""id/tab_bar_item_parent"") and bbox_contains_point(@bounds,$point) and (child::*[contains(@text, ""附近"") ]  )   ]  ''' ,  '''//*[contains(@content-desc, ""搜索框"") and contains(@content-desc, ""医院"")  ] ''' ]}  "
minimap_19,minimap,高德地图,com.autonavi.minimap/com.autonavi.map.activity.SplashActivity,消息,easy,3,打开高德地图的消息,"{""xpath"": ['''//*[contains(@resource-id, ""id/tab_bar_item_parent"") and bbox_contains_point(@bounds,$point) and (child::*[contains(@text, ""消息"") ]  )   ]  '''  ]}  "
qq_0,qq,QQ,com.tencent.mobileqq/.activity.SplashActivity,搜索,easy,5,打开qq搜索中国矿业大学,"{""xpath"": [ '''//*[contains(@text, ""中国矿业大学"")] and //*[contains(@text, ""用户"")]  and //*[contains(@text, ""群聊"")]  and //*[contains(@text, ""频道"")] ''' ]}"
qq_1,qq,QQ,com.tencent.mobileqq/.activity.SplashActivity,搜索,easy,5,查看QQ搜索找DND群组,"{""xpath"": [ '''//*[contains(@text, ""DND"")] and //*[contains(@text, ""用户"")]  and //*[contains(@text, ""群聊"")]  and //*[contains(@text, ""频道"")] ''' ]}"
qq_2,qq,QQ,com.tencent.mobileqq/.activity.SplashActivity,搜索,easy,5,打开QQ搜索找“吓死我了”表情,"{""xpath"": [ '''//*[contains(@text, ""吓死我了"")]   and //*[contains(@text, ""表情"") and @selected=""true""] ''' ]}###{""xpath"": [ '''//*[contains(@text, ""吓死我了"") and contains(@class, ""EditText"")]   and //*[contains(@text, ""表情"") ] ''' ]}"
qq_3,qq,QQ,com.tencent.mobileqq/.activity.SplashActivity,搜索,easy,3,打开QQ扫一扫,"{""xpath"": [ '''//*[contains(@text, ""扫一扫"") and contains(@content-desc, ""扫码"") ]''' ]}###{""xpath"": [''' //*[contains(@text, ""扫一扫"")  and (bbox_contains_point(../@bounds,$point)or bbox_contains_point(../../@bounds,$point))] ''']}"
qq_4,qq,QQ,com.tencent.mobileqq/.activity.SplashActivity,搜索,hard,7,打开QQ添加1098074562为好友,"{""xpath"": [ '''//*[contains(@text, ""绕堤沙"") and contains(@resource-id, ""id/nickname"") ] and //*[contains(@text, ""发送"") and bbox_contains_point(@bounds,$point) ] ''' ]}###{""xpath"": [ '''//*[contains(@text, ""1098074562"") and contains(@class, ""EditText"") and contains(@content-desc, ""搜索"") ]   and  //*[contains(@text, ""1098074562"") and contains(@class, ""TextView"") and ( following-sibling::*[@text=""已添加""])]  ''' ]}"
qq_5,qq,QQ,com.tencent.mobileqq/.activity.SplashActivity,消息,medium,6,打开QQ给绕堤沙发送“早上好”,"{""xpath"": ['''//*[contains(@text, ""绕堤沙"")   ]  and //*[contains(@text, ""早上好"")  and contains(@class, ""EditText"")]  and //*[contains(@text, ""发送"") and bbox_contains_point(@bounds,$point) ]''']}"
qq_6,qq,QQ,com.tencent.mobileqq/.activity.SplashActivity,消息,medium,6,打开QQ给绕堤沙发送看30s广告即可复活1次,"{""xpath"": ['''//*[contains(@text, ""绕堤沙"")    ]  and //*[contains(@text, ""看30s广告即可复活1次"")  and contains(@class, ""EditText"")]  and //*[contains(@text, ""发送"") and bbox_contains_point(@bounds,$point) ]''']}"
qq_7,qq,QQ,com.tencent.mobileqq/.activity.SplashActivity,消息,medium,6,打开QQ给绕堤沙发送“事已至此，先吃饭吧”,"{""xpath"": ['''//*[contains(@text, ""绕堤沙"")    ]  and //*[contains(@text, ""事已至此，先吃饭吧"")  and contains(@class, ""EditText"")]  and //*[contains(@text, ""发送"") and bbox_contains_point(@bounds,$point) ]''']}"
qq_8,qq,QQ,com.tencent.mobileqq/.activity.SplashActivity,消息,hard,7,打开QQ给绕堤沙发送“恭喜发财”的表情包,"{""xpath"": ['''//*[contains(@text, ""绕堤沙"") ]  and //*[contains(@text, ""恭喜发财"")  and contains(@class, ""EditText"")]  and //*[contains(@class, ""RelativeLayout"") and bbox_contains_point(@bounds,$point) ]''']}"
qq_9,qq,QQ,com.tencent.mobileqq/.activity.SplashActivity,消息,hard,8,打开QQ给绕堤沙发送相册里的第一张图片,"{""xpath"": ['''//*[contains(@text, ""绕堤沙"")  ]  ''', '''  //*[contains(@text, ""最近照片"")  ] and //*[contains(@text, ""发送"") and bbox_contains_point(@bounds,$point) ]''' ]}"
qq_10,qq,QQ,com.tencent.mobileqq/.activity.SplashActivity,消息,hard,7,打开QQ给绕堤沙发送一个微笑的emoji,"{""xpath"": ['''//*[contains(@text, ""绕堤沙"")    ]  and //*[contains(@text, "".."")  and contains(@class, ""EditText"")]  and //*[contains(@text, ""发送"") and bbox_contains_point(@bounds,$point) ]''']}"
qq_11,qq,QQ,com.tencent.mobileqq/.activity.SplashActivity,消息,medium,6,打开QQ，对绕堤沙戳一戳,"{""xpath"": [ '''  //*[contains(@content-desc, ""戳一戳"") and bbox_contains_point(@bounds,$point) ] ''' ]}"
qq_12,qq,QQ,com.tencent.mobileqq/.activity.SplashActivity,消息,hard,9,"打开QQ,将绕堤沙的名片发送给绕堤沙","{""xpath"": [ ''' //*[contains(@text, ""发送给"") ] and  //*[contains(@text, ""绕堤沙"")  ] and  //*[contains(@text, ""绕堤沙"") ] and //*[contains(@text, ""确定"") and contains(@resource-id, ""id/dialogRightBtn"") and bbox_contains_point(@bounds,$point) ] ''' ]}"
qq_13,qq,QQ,com.tencent.mobileqq/.activity.SplashActivity,消息,hard,6,打开QQ，将和绕堤沙的聊天设为置顶,"{""xpath"": ['''//*[contains(@text, ""绕堤沙"") ] ''', '''//*[contains(@text, ""设为置顶"") ] and //*[contains(@text, ""聊天设置"") and contains(@resource-id, ""id/ivTitleName"") ] ''']} "
qq_14,qq,QQ,com.tencent.mobileqq/.activity.SplashActivity,消息,hard,8,打开QQ，删除和绕堤沙的聊天记录,"{""xpath"": [ ''' //*[contains(@text, ""绕堤沙"")  ]  and //*[contains(@text, ""聊天设置"")  ]  ''' , ''' //*[contains(@text, ""确定删除本地聊天记录"")   ] and //*[contains(@text, ""确定"")  and bbox_contains_point(@bounds,$point) ] ''' ]}"
qq_15,qq,QQ,com.tencent.mobileqq/.activity.SplashActivity,个人中心,medium,5,设置QQ状态为听歌中,"{""xpath"": [ ''' //*[contains(@text, ""听歌中"") and @selected=""true""] ''' ]}"
qq_16,qq,QQ,com.tencent.mobileqq/.activity.SplashActivity,个人中心,medium,5,打开我的qq二维码,"{""xpath"": [ ''' //*[contains(@text, ""我的二维码"")] and //*[contains(@text, ""扫一扫"")] ''' ]}"
qq_17,qq,QQ,com.tencent.mobileqq/.activity.SplashActivity,个人中心,easy,4,查看一下我的QQ钱包,"{""xpath"": ['''//*[contains(@class, ""Button"") and bbox_contains_point(@bounds,$point) and (child::*[contains(@text, ""钱包"") ]  )   ]  '''  ]}  "
qq_18,qq,QQ,com.tencent.mobileqq/.activity.SplashActivity,个人中心,easy,4,打开QQ我的相册,"{""xpath"": [ '''//*[contains(@text, ""相册"") and contains(@class, ""RadioButton"") ] and //*[contains(@text, ""照片"") and contains(@class, ""RadioButton"") ] and //*[contains(@text, ""视频"") and contains(@class, ""RadioButton"") ]''' ]}"
qq_19,qq,QQ,com.tencent.mobileqq/.activity.SplashActivity,个人中心,hard,8,我要更换QQ模式到关怀模式,"{""xpath"": [ '''  //*[contains(@text, ""开启关怀模式"") and bbox_contains_point(@bounds,$point) ] ''' ]}"
qq_20,qq,QQ,com.tencent.mobileqq/.activity.SplashActivity,个人中心,easy,4,打开QQ的夜间模式,"{""xpath"": ['''//*[contains(@class, ""RelativeLayout"") and bbox_contains_point(@bounds,$point) and (child::*[contains(@text, ""夜间"")  ] ) ] ''']} ###{""xpath"": ['''//*[contains(@class, ""widget.RecyclerView"") and bbox_contains_point(@bounds,$point) and (child::*[contains(@text, ""夜间模式"") ] ) ] ''']} "
qq_21,qq,QQ,com.tencent.mobileqq/.activity.SplashActivity,个人中心,easy,4,在QQ中查看当地天气,"{""xpath"": ['''//*[contains(@class, ""LinearLayout"") and bbox_contains_point(@bounds,$point) and (child::*[contains(@text, ""当地天气"")  ] ) ] ''']}###{""xpath"": ['''//*[contains(@text, ""°C"")] and //*[contains(@text, ""湿度"")] ''']}"
qq_22,qq,QQ,com.tencent.mobileqq/.activity.SplashActivity,频道,easy,4,看看QQ频道的知识中有哪些内容,"{""xpath"": ['''   //*[contains(@text, ""频道"") and @selected=""true""]   and  //*[contains(@text, ""知识"") and @selected=""true""]  ''' ]}"
qq_23,qq,QQ,com.tencent.mobileqq/.activity.SplashActivity,频道,medium,5,打开QQ频道的勋章墙看看。,"{""xpath"": ['''//*[contains(@class, ""QUISingleLineListItem"") and bbox_contains_point(@bounds,$point) and (child::*[contains(@text, ""勋章墙"")  ] ) ] ''']}"
qq_24,qq,QQ,com.tencent.mobileqq/.activity.SplashActivity,频道,medium,5,我想看看qq频道的个性档案。,"{""xpath"": ['''//*[contains(@class, ""QUISingleLineListItem"") and bbox_contains_point(@bounds,$point) and (child::*[contains(@text, ""个性档案"")  ] ) ] ''']}"
qq_25,qq,QQ,com.tencent.mobileqq/.activity.SplashActivity,联系人,medium,4,查看QQ我加入的群聊,"{""xpath"": ['''   //*[contains(@text, ""联系人"") and @selected=""true""]   and  //*[contains(@text, ""群聊"") and @selected=""true""]  ''' ]}"
qq_26,qq,QQ,com.tencent.mobileqq/.activity.SplashActivity,联系人,medium,4,打开QQ联系人查看群通知,"{""xpath"": ['''//*[contains(@class, ""RelativeLayout"") and bbox_contains_point(@bounds,$point) and contains(@content-desc, ""群通知"") ] ''']} "
qq_27,qq,QQ,com.tencent.mobileqq/.activity.SplashActivity,动态,medium,5,打开QQ动态给最新的一条动态点赞,"{""xpath"": ['''   //*[contains(@text, ""动态"") and @selected=""true""]  ''' , '''  //*[contains(@class, ""ImageView"") and @selected=""true""]  ''' ]}"
qq_28,qq,QQ,com.tencent.mobileqq/.activity.SplashActivity,动态,hard,6,打开QQ运动查看我的运动勋章,"{""xpath"": ['''//*[contains(@class, ""LinearLayout"") and bbox_contains_point(@bounds,$point) and (child::*[contains(@text, ""运动"")  ] ) ] ''']}"
qq_29,qq,QQ,com.tencent.mobileqq/.activity.SplashActivity,动态,medium,4,我想去qq看看朋友们的说说,"{""xpath"": [''' //*[contains(@text, ""说说"")  and (bbox_contains_point(../@bounds,$point)or bbox_contains_point(../../@bounds,$point))] ''']}"
wuba_0,wuba,58同城-招聘找工作租房家政买车,com.wuba/.home.activity.HomeActivity,搜索,easy,4,在58同城中搜索“文员”工作,"{""xpath"": ['''  //*[contains(@text, ""文员"")  and (contains(@resource-id, ""id/search_text"")  or contains(@resource-id, ""id/tags""))  ]   ''' ]}"
wuba_1,wuba,58同城-招聘找工作租房家政买车,com.wuba/.home.activity.HomeActivity,搜索,easy,4,在58同城中搜索上地附近的合租房屋,"""xpath"": ['''  //*[contains(@text, ""上地"")  and (contains(@resource-id, ""id/search_text"")  or contains(@resource-id, ""id/tags""))  ]   ''' ,'''  //*[contains(@text, ""租房"")  and (contains(@resource-id, ""id/search_result_count_text"") or contains(@resource-id, ""id/tv_tab_title"") )  ]   ''' ]}"
wuba_2,wuba,58同城-招聘找工作租房家政买车,com.wuba/.home.activity.HomeActivity,搜索,easy,4,在58同城中搜索空调上门安装,"{""xpath"": ['''  //*[contains(@text, ""上门"")  and contains(@text, ""空调"")  and (contains(@resource-id, ""id/search_text"")  or contains(@resource-id, ""id/tags"")) ]   ''' ]}"
wuba_3,wuba,58同城-招聘找工作租房家政买车,com.wuba/.home.activity.HomeActivity,频道,easy,4,在58同城中去租房频道看看合租房源,"{""xpath"": ['''  //*[contains(@text, ""合租房源"")  and contains(@resource-id, ""id/tv_title"")  ]   ''' ]}"
wuba_4,wuba,58同城-招聘找工作租房家政买车,com.wuba/.home.activity.HomeActivity,频道,hard,8,在58同城的二手房频道看看智学苑小区的绿化率,"{""xpath"": ['''  //*[contains(@text, ""智学苑"")  and contains(@resource-id, ""id/titleTv"")  ]  and //*[contains(@text, ""绿  化  率"")  and contains(@resource-id, ""id/itemKey4"")  ] ''' ]}"
wuba_5,wuba,58同城-招聘找工作租房家政买车,com.wuba/.home.activity.HomeActivity,搜索,hard,7,在58同城中查看二手车小米SU7的具体参数配置,"{""xpath"": ['''  //*[contains(@text, ""参数配置"")  and contains(@resource-id, ""id/title"")  ]  and //*[contains(@text, ""小米SU7"")  and contains(@resource-id, ""id/tv_top_title"")  ] ''' ]}"
wuba_6,wuba,58同城-招聘找工作租房家政买车,com.wuba/.home.activity.HomeActivity,搜索,hard,7,在58同城中查看58官方搬家的收费标准,"{""xpath"": [  '''//*[contains(@text, ""收费标准"")] and //*[contains(@text, ""起步价"")] and //*[contains(@text, ""总费用"")  ]''' ]}"
wuba_7,wuba,58同城-招聘找工作租房家政买车,com.wuba/.home.activity.HomeActivity,搜索,hard,7,在58同城中查看58官方的日常保洁的具体用户评价,"{""xpath"": [  '''//*[contains(@text, ""保洁"")]  ''' ,''' //*[contains(@text, ""总分"")] and //*[contains(@text, ""服务评价"")  ]''' ]}###{""xpath"": [  '''//*[contains(@text, ""日常保洁"")]  and //*[contains(@text, ""家庭保洁"")] and //*[contains(@text, ""评价"")  ]''' ]}"
wuba_8,wuba,58同城-招聘找工作租房家政买车,com.wuba/.home.activity.HomeActivity,频道,medium,5,在58同城中查看全部服务频道,"{""xpath"": [  '''//*[contains(@text, ""全职工作"")] and //*[contains(@text, ""兼职工作"")] and //*[contains(@text, ""二手房"")] and //*[contains(@text, ""新房"") ]''' ]}###{""xpath"": [  '''//*[contains(@text, ""保洁清洗"")] and //*[contains(@text, ""家电维修"")] and //*[contains(@text, ""搬家"")] and //*[contains(@text, ""保姆"") ]''' ]}"
wuba_9,wuba,58同城-招聘找工作租房家政买车,com.wuba/.home.activity.HomeActivity,搜索,medium,5,打开58同城中租房推荐信息的第一条,"{""xpath"": ['''  //*[contains(@text, ""整租"")] and //*[contains(@text, ""合租"")] and //*[contains(@text, ""推荐"") and @selected=""true""]   and  //*[ contains(@resource-id, ""id/house_zf_item_container"") and bbox_contains_point(@bounds,$point) ]  ''' ]}"
wuba_10,wuba,58同城-招聘找工作租房家政买车,com.wuba/.home.activity.HomeActivity,搜索,easy,7,在58同城中的家具回收服务中选择2~3件桌椅,"{""xpath"": [ '''  //*[contains(@text, ""2～3件"") and (bbox_contains_point(../@bounds,$point) )] ''' ,''' //*[contains(@text, ""桌椅"") and (bbox_contains_point(../@bounds,$point) ) ]   ''' ]}###{""xpath"": [ '''  //*[contains(@content-desc, ""2～3件"") and (bbox_contains_point(../@bounds,$point) )] ''' ,''' //*[contains(@content-desc, ""桌椅"") and (bbox_contains_point(../@bounds,$point) ) ]   ''' ]}"
wuba_11,wuba,58同城-招聘找工作租房家政买车,com.wuba/.home.activity.HomeActivity,搜索,hard,9,在58同城的租房频道筛选合租、主卧的个人房源,"{""xpath"": ['''//*[contains(@class, ""RelativeLayout"") and bbox_contains_point(@bounds,$point) and (child::*[contains(@text, ""个人"")  and contains(@resource-id, ""id/select_item_text"")  ] ) ] ''', '''//*[contains(@class, ""RelativeLayout"") and bbox_contains_point(@bounds,$point) and (child::*[contains(@text, ""主卧"")  and contains(@resource-id, ""id/select_item_text"")  ] ) ] ''']}###{""xpath"": ['''//*[contains(@text, ""个人"") and bbox_contains_point(../@bounds,$point)] ''', '''//*[contains(@text, ""合租"") and bbox_contains_point(../@bounds,$point)] ''', '''//*[contains(@text, ""主卧"") and bbox_contains_point(../../@bounds,$point)] ''']}"
wuba_12,wuba,58同城-招聘找工作租房家政买车,com.wuba/.home.activity.HomeActivity,搜索,medium,6,帮我在58同城中把当前城市改为合肥,"{""xpath"": ['''  //*[contains(@text, ""合肥"")  and contains(@resource-id, ""id/title"")  ]   ''' ]}"
wuba_13,wuba,58同城-招聘找工作租房家政买车,com.wuba/.home.activity.HomeActivity,社区,medium,5,查看58同城中社区广场话题榜,"{""xpath"": ['''//*[contains(@class, ""ViewGroup"")  and bbox_contains_point(@bounds,$point) and (child::*[contains(@text, ""ngf0afhv__w216_h64"") or contains(@text, ""话题榜"")])]''']}"
wuba_14,wuba,58同城-招聘找工作租房家政买车,com.wuba/.home.activity.HomeActivity,社区,medium,5,关注58同城中社区广场第一条帖子,"{""xpath"": ['''  //*[contains(@text, ""广场"")   ] and //*[contains(@text, ""推荐"")   ]  and //*[contains(@text, ""附近"")   ]  ''' , '''  //*[contains(@text, ""已关注"")   ]   ''' ]}"
wuba_15,wuba,58同城-招聘找工作租房家政买车,com.wuba/.home.activity.HomeActivity,消息,easy,4,查看58同城中的未读消息,"{""xpath"": [ '''  //*[contains(@text, ""未读"") and contains(@resource-id, ""id/tv_unread_select"") and bbox_contains_point(@bounds,$point) ] ''' ]}"
wuba_16,wuba,58同城-招聘找工作租房家政买车,com.wuba/.home.activity.HomeActivity,消息,medium,5,清除58同城中的未读消息,"{""xpath"": [ '''  //*[contains(@text, ""确定"")  and bbox_contains_point(@bounds,$point) ] and //*[contains(@text, ""确定清除全部未读消息"")  ]  ''' ]}"
wuba_17,wuba,58同城-招聘找工作租房家政买车,com.wuba/.home.activity.HomeActivity,我的,easy,4,看一下58同城中我的粉丝,"{""xpath"": ['''//*[contains(@class, ""view.View"") and (child::*[contains(@text, ""粉丝"")  and contains(@text, ""你"")]) and (following-sibling::*[contains(@class, ""view.View"")  and (child::*[contains(@text, ""全部"") ] ) ])] ''']} ###{""xpath"": [  '''  //*[contains(@text, ""粉丝"") and (bbox_contains_point(../@bounds,$point)or bbox_contains_point(../../@bounds,$point))] ''' ]}"
wuba_18,wuba,58同城-招聘找工作租房家政买车,com.wuba/.home.activity.HomeActivity,我的,easy,4,看一下58同城中我的钱包,"{""xpath"": [  '''//*[contains(@text, ""我的钱包"")] and //*[contains(@text, ""钱包余额"") and contains(@resource-id, ""id/tv_title"") ] and //*[contains(@text, ""去提现"")  ]''' ]}"
wuba_19,wuba,58同城-招聘找工作租房家政买车,com.wuba/.home.activity.HomeActivity,我的,easy,4,打开我在58同城中的简历,"{""xpath"": [  '''  //*[contains(@text, ""简历"") and (bbox_contains_point(../@bounds,$point)or bbox_contains_point(../../@bounds,$point))] ''' ]}"
wuba_20,wuba,58同城-招聘找工作租房家政买车,com.wuba/.home.activity.HomeActivity,我的,easy,4,去58同城打开房贷计算器,"{""xpath"": ['''  //*[contains(@text, ""组合贷"")   ] and //*[contains(@text, ""商业贷"")   ]  and //*[contains(@text, ""公积金贷"")   ]    ''' ]}"
wuba_21,wuba,58同城-招聘找工作租房家政买车,com.wuba/.home.activity.HomeActivity,我的,easy,4,查看我在58同城中最新的浏览记录,"{""xpath"": ['''  //*[contains(@text, ""全部类别"")  and contains(@resource-id, ""id/cate_select"") ]    and //*[contains(@text, ""浏览记录"")   ]    ''' ]}"
wuba_22,wuba,58同城-招聘找工作租房家政买车,com.wuba/.home.activity.HomeActivity,设置,easy,4,联系一下58同城的客服,"{""xpath"": [  '''  //*[contains(@text, ""客服"") and (bbox_contains_point(../@bounds,$point)or bbox_contains_point(../../@bounds,$point))] ''' ]}"
wuba_23,wuba,58同城-招聘找工作租房家政买车,com.wuba/.home.activity.HomeActivity,设置,hard,6,去58同城打开长辈模式,"{""xpath"": [ '''  //*[contains(@text, ""开启长辈模式"") and contains(@resource-id, ""id/switch_elder"") and bbox_contains_point(@bounds,$point) ] ''' ]}"
wuba_24,wuba,58同城-招聘找工作租房家政买车,com.wuba/.home.activity.HomeActivity,设置,hard,9,去58同城关闭首页视频自动播放,"{""xpath"": [''' //*[contains(@text, ""自动播放设置"")] and  //*[contains(@text, ""关闭"") ]  and //*[contains(@text, ""首页视频直播自动播放设置"") ]  ''']} "
wuba_25,wuba,58同城-招聘找工作租房家政买车,com.wuba/.home.activity.HomeActivity,设置,hard,6,去58同城看一下它的资质协议,"{""xpath"": ['''//*[contains(@class, ""RelativeLayout"") and bbox_contains_point(@bounds,$point) and (child::*[contains(@text, ""资质协议"")  ] )  ] ''']} "
wuba_26,wuba,58同城-招聘找工作租房家政买车,com.wuba/.home.activity.HomeActivity,我的,hard,10,去58同城将我目前的状态更换为随便看看,"{""xpath"": ['''  //*[contains(@text, ""状态"")  and contains(@resource-id, ""id/userinfo_edit_lable"") ]    and //*[contains(@text, ""随便看看"") and contains(@resource-id, ""id/userinfo_edit_value"")  ]     ''' ]}"
wuba_27,wuba,58同城-招聘找工作租房家政买车,com.wuba/.home.activity.HomeActivity,我的,hard,11,去58同城将我的性别修改为女,"{""xpath"": ['''  //*[contains(@text, ""我是"")  and contains(@resource-id, ""id/userinfo_edit_lable"") ]    and //*[contains(@text, ""女"") and contains(@resource-id, ""id/userinfo_edit_value"")  ]     ''' ]}"
wuba_28,wuba,58同城-招聘找工作租房家政买车,com.wuba/.home.activity.HomeActivity,我的,hard,6,去58同城打开我的认证,"{""xpath"": [''' //*[contains(@text, ""认证中心"")] and //*[contains(@text, ""个人认证"")] and //*[contains(@text, ""企业认证"")]''' ]}"
wuba_29,wuba,58同城-招聘找工作租房家政买车,com.wuba/.home.activity.HomeActivity,我的,hard,6,去58同城打开任务中心,"{""xpath"": [  '''//*[contains(@text, ""任务中心"")] and //*[contains(@text, ""每日任务"")] and //*[contains(@text, ""规则"")  ]''' ]}"
tonghuashun_0,tonghuashun,同花顺-股票炒股,com.hexin.plat.android/.Hexin,搜索,medium,5,在同花顺看一下小米集团的当前股价,"{""xpath"": [''' //*[contains(@text, ""小米集团"") and contains(@resource-id, ""id/navi_title_text"") ]  ''' ]}"
tonghuashun_1,tonghuashun,同花顺-股票炒股,com.hexin.plat.android/.Hexin,搜索,medium,5,在同花顺看一下贵州茅台的当前股价,"{""xpath"": [''' //*[contains(@text, ""贵州茅台"") and contains(@resource-id, ""id/navi_title_text"") ]  ''' ]}"
tonghuashun_2,tonghuashun,同花顺-股票炒股,com.hexin.plat.android/.Hexin,搜索,hard,6,在同花顺看一下云南白药的周K线,"{""xpath"": [''' //*[contains(@text, ""云南白药"") and contains(@resource-id, ""id/navi_title_text"") ] and //*[contains(@text, ""周K"")  and @selected=""true""]  ''' ]}"
tonghuashun_3,tonghuashun,同花顺-股票炒股,com.hexin.plat.android/.Hexin,搜索,hard,6,在同花顺看一下美的集团的月K线,"{""xpath"": [''' //*[contains(@text, ""美的集团"") and contains(@resource-id, ""id/navi_title_text"") ] and //*[contains(@text, ""月K"")  and @selected=""true""]  ''' ]}###{""xpath"": [''' //*[contains(@text, ""美的集团"") and contains(@resource-id, ""id/navi_title_text"") ] and //*[contains(@text, ""月K"")  and bbox_contains_point(@bounds,$point)]  ''' ]}"
tonghuashun_4,tonghuashun,同花顺-股票炒股,com.hexin.plat.android/.Hexin,搜索,medium,5,在同花顺将江淮汽车加入自选股,"{""xpath"": [''' //*[contains(@text, ""江淮汽车"") and contains(@resource-id, ""id/navi_title_text"") ] and //*[contains(@text, ""删自选"")  and contains(@resource-id, ""id/tv_add_remove_zixuan"")  ]  ''' ]}###{""xpath"": [''' //*[contains(@text, ""江淮汽车"") and contains(@resource-id, ""id/stock_name"") and (following-sibling::*[ contains(@resource-id, ""id/add_delete_op"")   ] )  ]  ''' ]}"
tonghuashun_5,tonghuashun,同花顺-股票炒股,com.hexin.plat.android/.Hexin,搜索,medium,5,在同花顺将光大证券加入自选股,"{""xpath"": [''' //*[contains(@text, ""光大证券"") and contains(@resource-id, ""id/navi_title_text"") ] and //*[contains(@text, ""删自选"")  and contains(@resource-id, ""id/tv_add_remove_zixuan"")  ]  ''' ]}###{""xpath"": [''' //*[contains(@text, ""光大证券"") and contains(@resource-id, ""id/stock_name"") and (following-sibling::*[ contains(@resource-id, ""id/add_delete_op"")   ] )  ]  ''' ]}"
tonghuashun_6,tonghuashun,同花顺-股票炒股,com.hexin.plat.android/.Hexin,搜索,hard,9,在同花顺看一下青岛啤酒的图解财报,"{""xpath"": [''' //*[contains(@text, ""青岛啤酒"")] and //*[contains(@text, ""图解财报"") and contains(@resource-id, ""id/title_bar_middle"") ]  ''' ]} ###{""xpath"": [  '''  //*[contains(@text, ""青岛啤酒"")] and //*[contains(@text, ""财报"") and bbox_contains_point(../@bounds,$point) ] ''' ]}"
tonghuashun_7,tonghuashun,同花顺-股票炒股,com.hexin.plat.android/.Hexin,搜索,hard,8,在同花顺看一下古井贡酒的大事提醒详情,"{""xpath"": [''' //*[contains(@text, ""古井贡酒"")] and //*[contains(@text, ""大事提醒详情"") and contains(@resource-id, ""id/title_bar_middle"") ]  ''' ]}"
tonghuashun_8,tonghuashun,同花顺-股票炒股,com.hexin.plat.android/.Hexin,搜索,hard,6,在同花顺看一下青岛啤酒的综合诊断,"{""xpath"": [''' //*[contains(@text, ""青岛啤酒"")] and //*[contains(@text, ""综合诊断"") and contains(@resource-id, ""id/title_bar_middle"") ]  ''' ]} ###{""xpath"": [  '''  //*[contains(@text, ""青岛啤酒"")] and //*[contains(@text, ""诊股"") and bbox_contains_point(../@bounds,$point) ] ''' ]}"
tonghuashun_9,tonghuashun,同花顺-股票炒股,com.hexin.plat.android/.Hexin,搜索,hard,8,在同花顺看一下燕京啤酒的历史回看,"{""xpath"": [''' //*[contains(@text, ""历史回看"") and contains(@resource-id, ""id/title_bar_middle"") ]  and //*[contains(@text, ""燕京啤酒"") ] ''' ]}"
tonghuashun_10,tonghuashun,同花顺-股票炒股,com.hexin.plat.android/.Hexin,频道,medium,4,在同花顺看一下有哪些学投资的电子书,"{""xpath"": ['''  //*[contains(@text, ""学投资"")  and contains(@resource-id, ""id/title_bar_middle"")  ]  and //*[contains(@text, ""电子书"") ] ''' ]}"
tonghuashun_11,tonghuashun,同花顺-股票炒股,com.hexin.plat.android/.Hexin,行情,easy,4,在同花顺看一下A股的个股行情,"{""xpath"": ['''//*[contains(@text, ""A股"")  and @selected=""true""] and //*[contains(@text, ""个股"") and contains(@resource-id, ""id/hushen_tab_bar_stocklist"") ] and //*[contains(@text, ""查看更多"") and contains(@resource-id, ""id/content_show_more_text"") ]  ''']}"
tonghuashun_12,tonghuashun,同花顺-股票炒股,com.hexin.plat.android/.Hexin,行情,medium,5,在同花顺看一下港股的经纪商排行,"{""xpath"": [  '''//*[contains(@text, ""经纪商排行"")] and //*[contains(@text, ""持股市值"")] and //*[contains(@text, ""经纪商名称"")  ] ''' ]}"
tonghuashun_13,tonghuashun,同花顺-股票炒股,com.hexin.plat.android/.Hexin,行情,medium,6,在同花顺看一下A股热门的行业板块,"{""xpath"": ['''//*[contains(@text, ""A股"")  and @selected=""true""] ''','''//*[contains(@text, ""行业板块"")  and contains(@resource-id, ""id/tab_button"")  and @selected=""true""] ''']}"
tonghuashun_14,tonghuashun,同花顺-股票炒股,com.hexin.plat.android/.Hexin,行情,medium,5,在同花顺看一下美股近一月的涨跌统计,"{""xpath"": ['''//*[contains(@text, ""美股"")  and @selected=""true""] and //*[contains(@text, ""上涨家数"")]  and //*[contains(@text, ""近一月"")] ''']}"
tonghuashun_15,tonghuashun,同花顺-股票炒股,com.hexin.plat.android/.Hexin,行情,easy,4,在同花顺看一下黄金行情,"{""xpath"": [  '''//*[contains(@text, ""黄金行情"")] and //*[contains(@text, ""国内现货"")] and //*[contains(@text, ""国内期货"")  ] and //*[contains(@text, ""国际现货"")  ] ''' ]}"
tonghuashun_16,tonghuashun,同花顺-股票炒股,com.hexin.plat.android/.Hexin,行情,easy,4,在同花顺看一下期货行情,"{""xpath"": ['''//*[contains(@text, ""期货"")  and @selected=""true""]  ''']}"
tonghuashun_17,tonghuashun,同花顺-股票炒股,com.hexin.plat.android/.Hexin,自选,hard,6,在同花顺播放自选股资讯的全部新闻,"{""xpath"": ['''  //*[contains(@text, ""自选股新闻"")  and contains(@resource-id, ""id/title_bar_middle"")  ]  and //*[contains(@resource-id, ""id/tts_bar_play_all"") and contains(@text, ""播放全部"") and bbox_contains_point(@bounds,$point)  ] ''' ]}"
tonghuashun_18,tonghuashun,同花顺-股票炒股,com.hexin.plat.android/.Hexin,自选,medium,5,在同花顺看一下自选分析里的早报,"{""xpath"": ['''  //*[contains(@text, ""自选分析"")  and contains(@resource-id, ""id/title_bar_middle"")  ]  and //*[ contains(@text, ""每天8:30"") ] ''' ]}###{""xpath"": ['''//*[contains(@text, ""自选分析"")  and contains(@resource-id, ""id/title_bar_middle"")  ]  and //*[contains(@text, ""早报"")  and bbox_contains_point(@bounds,$point)] ''' ]}"
tonghuashun_19,tonghuashun,同花顺-股票炒股,com.hexin.plat.android/.Hexin,自选,medium,6,在同花顺订阅自选分析里的晚报,"{""xpath"": ['''  //*[contains(@text, ""自选分析"")  and contains(@resource-id, ""id/title_bar_middle"")  ]  and //*[ contains(@text, ""每天20:30"") ]  and //*[ contains(@text, ""已订阅"") ] ''' ]}###{""xpath"": ['''//*[contains(@text, ""自选分析"")  and contains(@resource-id, ""id/title_bar_middle"")  ]  and //*[contains(@text, ""晚报"")  and bbox_contains_point(@bounds,$point)] ''' ]}"
tonghuashun_20,tonghuashun,同花顺-股票炒股,com.hexin.plat.android/.Hexin,理财,hard,5,我想看一下同花顺的基金涨幅榜,"{""xpath"": [  '''//*[contains(@text, ""涨幅榜"")] and //*[contains(@text, ""反弹榜"")] and //*[contains(@text, ""人气榜"")  ] and //*[contains(@text, ""加仓榜"")  ] ''' ]}"
tonghuashun_21,tonghuashun,同花顺-股票炒股,com.hexin.plat.android/.Hexin,理财,medium,6,在同花顺看一下有哪些新发基金,"{""xpath"": [''' //*[contains(@text, ""新发基金"") and contains(@resource-id, ""id/title"") ]  ''' ]}"
tonghuashun_22,tonghuashun,同花顺-股票炒股,com.hexin.plat.android/.Hexin,理财,hard,6,在同花顺查一下基金的稳健榜,"{""xpath"": [  '''//*[contains(@text, ""稳健榜"")] and //*[contains(@text, ""机构青睐"")] and //*[contains(@text, ""基金类型"")  ] and //*[contains(@text, ""加仓榜"")  ] ''' ]}"
tonghuashun_23,tonghuashun,同花顺-股票炒股,com.hexin.plat.android/.Hexin,交易,hard,5,打开同花顺模拟炒股的卖出页面,"{""xpath"": ['''//*[contains(@text, ""卖出"")  and @selected=""true""] and //*[contains(@text, ""模拟炒股"")  ]   ''']}"
tonghuashun_24,tonghuashun,同花顺-股票炒股,com.hexin.plat.android/.Hexin,交易,medium,5,在同花顺看一下模拟大赛,"{""xpath"": ['''  //*[contains(@text, ""模拟炒股"")  and contains(@resource-id, ""id/title_bar_middle"")  ]  and //*[ contains(@text, ""赛事广场"") ] and //*[ contains(@text, ""搜索"") ] ''' ]}"
tonghuashun_25,tonghuashun,同花顺-股票炒股,com.hexin.plat.android/.Hexin,我的,medium,5,在同花顺看一下我的收藏,"{""xpath"": ['''  //*[contains(@text, ""我的收藏"")  and contains(@resource-id, ""id/title_bar_middle"")  ] ''' ]}"
tonghuashun_26,tonghuashun,同花顺-股票炒股,com.hexin.plat.android/.Hexin,我的,medium,5,在同花顺看一下我的消息,"{""xpath"": [''' //*[contains(@text, ""评论我的"") and contains(@resource-id, ""id/tv_name_comment"") ]  and //*[contains(@text, ""点赞"") and contains(@resource-id, ""id/tv_name_like"") ]  ''' ]}"
tonghuashun_27,tonghuashun,同花顺-股票炒股,com.hexin.plat.android/.Hexin,设置,hard,6,在同花顺开启长辈版,"{""xpath"": [''' //*[contains(@text, ""开启长辈版"") and contains(@resource-id, ""id/tv_older_mode_switch"")  and bbox_contains_point(@bounds,$point)  ] ''' ]}###{""xpath"": [''' //*[contains(@text, ""长辈版"") ] and //*[contains(@text, ""已开启"") ] ''' ]}"
tonghuashun_28,tonghuashun,同花顺-股票炒股,com.hexin.plat.android/.Hexin,设置,medium,5,在同花顺开启屏幕常亮,"{""xpath"": ['''//*[contains(@text, ""屏幕常亮"")     and contains(@resource-id, ""id/textView"")  and ( following-sibling::*[contains(@content-desc, ""已关闭"") and contains(@resource-id, ""id/switch_button"") ]) ]  ''' ]}"
tonghuashun_29,tonghuashun,同花顺-股票炒股,com.hexin.plat.android/.Hexin,设置,hard,6,在同花顺设置主题为黑色,"{""xpath"": ['''  //*[contains(@text, ""主题换肤"")  and (bbox_contains_point(../@bounds,$point) )] ''']}"
baidubrowser_0,baidubrowser,百度-AI智能搜索,com.baidu.searchbox/.MainActivity,搜索,easy,4,在百度浏览器里搜索北京今日的天气,"{""xpath"": [''' //*[contains(@text, ""天气"") and contains(@text, ""北京"") and contains(@resource-id, ""id/obfuscated"")] ''']}  "
baidubrowser_1,baidubrowser,百度-AI智能搜索,com.baidu.searchbox/.MainActivity,搜索,easy,4,在百度浏览器里搜索今日大盘点数,"{""xpath"": [''' //*[contains(@text, ""大盘点数"")  and contains(@resource-id, ""id/obfuscated"")] ''']}  "
baidubrowser_2,baidubrowser,百度-AI智能搜索,com.baidu.searchbox/.MainActivity,搜索,easy,4,在百度浏览器里查查西二旗的邮政编码,"{""xpath"": [''' //*[contains(@text, ""西二旗"") and contains(@text, ""邮"") and contains(@resource-id, ""id/obfuscated"")] ''']}  "
baidubrowser_3,baidubrowser,百度-AI智能搜索,com.baidu.searchbox/.MainActivity,搜索,medium,5,在百度浏览器里打开百度热搜的民生榜,"{""xpath"": ['''//*[contains(@text, ""民生榜"") and @selected=""true""]  ''' ]}###{""xpath"": ['''//*[contains(@class, ""FrameLayout"") and bbox_contains_point(@bounds,$point) and (child::*[contains(@text, ""民生榜"")  ] ) ] ''']}"
baidubrowser_4,baidubrowser,百度-AI智能搜索,com.baidu.searchbox/.MainActivity,搜索,medium,6,在百度浏览器里打开百度热搜的体育榜的第一条新闻,"{""xpath"": ['''(//*[contains(@text, ""体育"") and @selected=""true""] or //*[contains(@class, ""FrameLayout"") and bbox_contains_point(@bounds,$point) and (child::*[contains(@text, ""体育"")  ] ) ] ) and //*[contains(@class, ""ViewGroup"")  and bbox_contains_point(@bounds,$point)]  ''' ]}"
baidubrowser_5,baidubrowser,百度-AI智能搜索,com.baidu.searchbox/.MainActivity,搜索,hard,7,在百度浏览器里打开百度热搜的文娱榜的第一条新闻,"{""xpath"": ['''(//*[contains(@text, ""文娱"") and @selected=""true""] or //*[contains(@class, ""FrameLayout"") and bbox_contains_point(@bounds,$point) and (child::*[contains(@text, ""文娱"")  ] ) ] ) and //*[contains(@class, ""ViewGroup"")  and bbox_contains_point(@bounds,$point)]  ''' ]}"
baidubrowser_6,baidubrowser,百度-AI智能搜索,com.baidu.searchbox/.MainActivity,频道,medium,6,查看百度浏览器的购物优惠券,"{""xpath"": ['''//*[contains(@text, ""优惠券"")] and //*[contains(@text, ""未使用"")] and //*[contains(@text, ""已使用"")]''']}"
baidubrowser_7,baidubrowser,百度-AI智能搜索,com.baidu.searchbox/.MainActivity,频道,hard,8,把百度浏览器小说频道的完结榜的第一本书加入书架,"{""xpath"": ['''//*[contains(@text, ""小说"") and @selected=""true""] and //*[contains(@text, ""完结榜"")  and bbox_contains_point(@bounds,$point)]  ''' ,  ''' //*[contains(@text, ""已加书架"")] ''' ]}"
baidubrowser_8,baidubrowser,百度-AI智能搜索,com.baidu.searchbox/.MainActivity,视频,hard,7,在百度浏览器推荐的第一个视频评论泰酷辣,"{""xpath"": ['''//*[contains(@class, ""FrameLayout"") and bbox_contains_point(@bounds,$point) and (child::*[contains(@text, ""发送"")  ] ) ] and  //*[contains(@text, ""太酷了"")  and contains(@class, ""EditText"")] ''']}"
baidubrowser_9,baidubrowser,百度-AI智能搜索,com.baidu.searchbox/.MainActivity,我的,easy,4,在百度浏览器中打开我的书架,"{""xpath"": [''' //*[contains(@text, ""小说"")  and contains(@resource-id, ""id/obfuscated"")] and //*[contains(@text, ""专栏"")  and contains(@resource-id, ""id/obfuscated"")] ''']}  "
baidubrowser_10,baidubrowser,百度-AI智能搜索,com.baidu.searchbox/.MainActivity,我的,easy,4,在百度浏览器中查看我的收藏,"{""xpath"": ['''//*[contains(@text, ""收藏"") and @selected=""true""]  ''' ]}"
baidubrowser_11,baidubrowser,百度-AI智能搜索,com.baidu.searchbox/.MainActivity,我的,hard,6,打开百度浏览器看看我最近下载的图片,"{""xpath"": [  '''//*[contains(@text, ""最近图片"")] and //*[contains(@text, ""我的相册"")]  ''' ]}###{""xpath"": [  ''' //*[contains(@text, ""手机文件"")]   and  //*[contains(@text, ""最近下载"") and bbox_contains_point(../../@bounds,$point)] ''' ]}"
baidubrowser_12,baidubrowser,百度-AI智能搜索,com.baidu.searchbox/.MainActivity,我的,hard,10,在百度浏览器中，用“快乐最重要”让AI帮我生成个性签名,"{""xpath"": ['''//*[contains(@text, ""立即生成"") and bbox_contains_point(@bounds,$point) ] and //*[contains(@text, ""AI生成个性签名"") ] and  //*[contains(@text, ""快乐最重要"")  and contains(@class, ""EditText"")] ''']}"
baidubrowser_13,baidubrowser,百度-AI智能搜索,com.baidu.searchbox/.MainActivity,设置,medium,5,在百度浏览器打开无痕浏览模式,"{""xpath"": [''' //*[contains(@text, ""已开启无痕浏览"")  and contains(@resource-id, ""id/obfuscated"")] ''']} ###{""xpath"": [''' //*[contains(@text, ""退出无痕"")  and contains(@resource-id, ""id/obfuscated"")] ''']} "
baidubrowser_14,baidubrowser,百度-AI智能搜索,com.baidu.searchbox/.MainActivity,设置,medium,5,设置百度浏览器为夜间模式,"{""xpath"": ['''//*[contains(@class, ""FrameLayout"") and bbox_contains_point(@bounds,$point) and (child::*[contains(@text, ""夜间模式"") ] ) ] ''']}###{""xpath"": [''' //*[contains(@text, ""日间模式"")  and contains(@resource-id, ""id/obfuscated"")] ''']} "
baidubrowser_15,baidubrowser,百度-AI智能搜索,com.baidu.searchbox/.MainActivity,设置,hard,17,在百度浏览器中添加一个收货地址，姓名是张三，电话是13810069493，地区是北京海淀区清河街道，详细地址是小米科技园,"{""xpath"": [  '''//*[contains(@text, ""张三"")] and //*[contains(@text, ""123"")] and //*[contains(@text, ""北京  海淀区  清河街道"")] and //*[contains(@text, ""小米科技园"")] and  //*[contains(@text, ""保存"")  and bbox_contains_point(@bounds,$point) ]  ''' ]}"
baidubrowser_16,baidubrowser,百度-AI智能搜索,com.baidu.searchbox/.MainActivity,设置,hard,7,关闭百度浏览器的通知栏消息,"{""xpath"": [ '''  //*[@checkable=""true"" and @checked=""false"" and  contains(@class, ""CheckBox"")] and  //*[contains(@text, ""通知栏消息"")] ''' ]}###{""xpath"": [''' //*[contains(@text, ""关闭通知权限"")] and  //*[contains(@text, ""关闭"")  and bbox_contains_point(../@bounds,$point) ] ''']}"
baidubrowser_17,baidubrowser,百度-AI智能搜索,com.baidu.searchbox/.MainActivity,设置,hard,7,在百度浏览器关闭图片自动播放,"{""xpath"": [ '''  //*[@checkable=""true"" and @checked=""false"" and (preceding-sibling::*[contains(@text, ""图片自动播放"")  ])]''' ]}###{""xpath"": [''' //*[contains(@text, ""图片自动播放"")  and (bbox_contains_point(../@bounds,$point)or bbox_contains_point(../../@bounds,$point))] ''']}"
baidubrowser_18,baidubrowser,百度-AI智能搜索,com.baidu.searchbox/.MainActivity,设置,hard,7,在百度浏览器设置应用安装后删除安装包,"{""xpath"": [ '''  //*[@checkable=""true"" and @checked=""true""] and  //*[contains(@text, ""应用安装后删除安装包"")] ''' ]}###{""xpath"": [''' //*[contains(@text, ""应用安装后删除安装包"")  and (bbox_contains_point(../@bounds,$point)or bbox_contains_point(../../@bounds,$point))] ''']}"
baidubrowser_19,baidubrowser,百度-AI智能搜索,com.baidu.searchbox/.MainActivity,设置,medium,6,在百度浏览器中清理缓存,"{""xpath"": ['''//*[contains(@text, ""放心清理"") and bbox_contains_point(@bounds,$point) ] and //*[contains(@text, ""清理缓存"") ] and  //*[contains(@text, ""占用手机空间"") ] ''']}"
rimet_0,rimet,钉钉,com.alibaba.android.rimet/.biz.LaunchHomeActivity,消息,easy,3,去钉钉查看我的待办,"{""xpath"": [  '''//*[contains(@text, ""待办"")] and //*[contains(@text, ""优先处理"")] and //*[contains(@text, ""我已处理"")  ] ''' ]}###{""xpath"": [  ''' //*[contains(@text, ""待办"") and (bbox_contains_point(../@bounds,$point) or bbox_contains_point(../../@bounds,$point))] ''' ]}"
rimet_1,rimet,钉钉,com.alibaba.android.rimet/.biz.LaunchHomeActivity,消息,easy,3,去钉钉查看未读消息,"{""xpath"": ['''//*[contains(@text, ""未读"")  and @selected=""true""]  ''']}"
rimet_2,rimet,钉钉,com.alibaba.android.rimet/.biz.LaunchHomeActivity,消息,medium,5,去钉钉向钉钉小秘书发送“早上中午和晚上好”,"{""xpath"": [''' //*[contains(@text, ""钉钉小秘书"") and contains(@resource-id, ""id/tv_title"") ] and  //*[contains(@text, ""早上中午和晚上好"") and contains(@resource-id, ""id/chatting_content_tv"") ]  ''' ]}"
rimet_3,rimet,钉钉,com.alibaba.android.rimet/.biz.LaunchHomeActivity,消息,hard,7,去钉钉向钉钉小秘书发送微笑的emoji,"{""xpath"": [''' //*[contains(@text, ""钉钉小秘书"") and contains(@resource-id, ""id/tv_title"") ] and  //*[ contains(@text, ""["") and contains(@text, ""]"")  and contains(@resource-id, ""id/chatting_content_tv"") ]  ''' ]}"
rimet_4,rimet,钉钉,com.alibaba.android.rimet/.biz.LaunchHomeActivity,消息,medium,5,在钉钉里将钉钉小秘书设为置顶,"{""xpath"": [''' //*[contains(@resource-id, ""id/switch_top"") and @checkable=""true"" and @checked=""true""]''' ]}"
rimet_5,rimet,钉钉,com.alibaba.android.rimet/.biz.LaunchHomeActivity,消息,hard,9,在钉钉里将相册里的第一张图片发送给钉钉小秘书,"{""xpath"": [''' //*[contains(@text, ""图片和视频"") and contains(@resource-id, ""id/tv_image_folder"") ] ''' ,'''  //*[contains(@text, ""发送"") and contains(@resource-id, ""id/tv"") and bbox_contains_point(@bounds,$point) ]  ''' ]}"
rimet_6,rimet,钉钉,com.alibaba.android.rimet/.biz.LaunchHomeActivity,消息,hard,7,去钉钉添加15010284323为我的好友,"{""xpath"": [''' //*[contains(@class, ""FrameLayout"" ) and bbox_contains_point(@bounds,$point) and (child::*[contains(@text, ""发送好友请求"") and contains(@resource-id, ""id/menu_item_entry_tv"") ]) ] and  //*[contains(@text, ""倬"") and contains(@resource-id, ""id/tv_nick_multiline"") ]  ''' ]}###{""xpath"": ['''//*[contains(@text, ""吴沁倬"") and contains(@resource-id, ""id/tv_nick_multiline"") ] ''']}###{""xpath"": ['''//*[contains(@text, ""倬"") and contains(@resource-id, ""id/tv_nick_multiline"") ]  and //*[contains(@text, ""再次发送好友请求"") ]''']}"
rimet_7,rimet,钉钉,com.alibaba.android.rimet/.biz.LaunchHomeActivity,消息,hard,5,去钉钉将查看特别关注的消息,"{""xpath"": ['''//*[contains(@text, ""特别关注"")  and @selected=""true""]  ''']}"
rimet_8,rimet,钉钉,com.alibaba.android.rimet/.biz.LaunchHomeActivity,消息,medium,4,在钉钉打开邮件收件箱,"{""xpath"": ['''//*[contains(@text, ""收件箱"") and contains(@resource-id, ""id/title"")] ''']}"
rimet_9,rimet,钉钉,com.alibaba.android.rimet/.biz.LaunchHomeActivity,协作,easy,3,帮我查看一下钉钉今天的待办事项,"{""xpath"": ['''//*[contains(@class, ""FrameLayout"" ) and bbox_contains_point(@bounds,$point) and (child::*[contains(@text, ""待办"") and contains(@resource-id, ""id/im_ding_kit_item_txt"") ])] ''']}###{""xpath"": [  ''' //*[contains(@text, ""待办"") and (bbox_contains_point(../@bounds,$point)or bbox_contains_point(../../@bounds,$point))] ''' ]}"
rimet_10,rimet,钉钉,com.alibaba.android.rimet/.biz.LaunchHomeActivity,协作,medium,4,查看一下钉钉里最近的文档,"{""xpath"": ['''//*[contains(@text, ""文档"") and contains(@resource-id, ""id/tv_tab_name"") and @selected=""true""] ''']}"
rimet_11,rimet,钉钉,com.alibaba.android.rimet/.biz.LaunchHomeActivity,通讯录,medium,4,帮我查看一下我的钉钉好友动态,"{""xpath"": ['''//*[contains(@text, ""动态"") and contains(@resource-id, ""id/circle_actionbar_title"")] ''']}"
rimet_12,rimet,钉钉,com.alibaba.android.rimet/.biz.LaunchHomeActivity,我的,medium,4,去钉钉打开我的收藏,"{""xpath"": [  '''//*[contains(@text, ""历史收藏"")] and //*[contains(@text, ""新建标签"")]  ''' ]}###{""xpath"": [  ''' //*[( contains(@text, ""收藏"") or contains(@content-desc, ""收藏""))  and (bbox_contains_point(../@bounds,$point) or bbox_contains_point(../../@bounds,$point))] ''' ]}"
rimet_13,rimet,钉钉,com.alibaba.android.rimet/.biz.LaunchHomeActivity,我的,medium,4,在钉钉遇到问题，帮我找一下客服,"{""xpath"": ['''//*[(contains(@text, ""客服"") or contains(@content-desc, ""客服"")) and bbox_contains_point(@bounds,$point) ]''']}"
rimet_14,rimet,钉钉,com.alibaba.android.rimet/.biz.LaunchHomeActivity,我的,hard,5,去钉钉打开个人空间,"{""xpath"": ['''//*[contains(@text, ""个人空间"") and contains(@resource-id, ""id/tv_personal_space"")] ''']}"
rimet_15,rimet,钉钉,com.alibaba.android.rimet/.biz.LaunchHomeActivity,我的,easy,3,去钉钉打开扫一扫,"{""xpath"": ['''//*[contains(@text, ""扫码"")] and //*[contains(@text, ""扫名片"")] ''']}###{""xpath"": [  ''' //*[contains(@text, ""扫一扫"") and bbox_contains_point(../@bounds,$point) ] ''' ]}"
rimet_16,rimet,钉钉,com.alibaba.android.rimet/.biz.LaunchHomeActivity,我的,hard,5,去钉钉添加我的状态为下班了,"{""xpath"": ['''//*[contains(@text, ""不接收消息通知"") ] and //*[contains(@text, ""确定"") and bbox_contains_point(@bounds,$point) ]''']}###{""xpath"": ['''//*[contains(@text, ""下班了"") and contains(@resource-id, ""person_status"")] ''']}"
rimet_17,rimet,钉钉,com.alibaba.android.rimet/.biz.LaunchHomeActivity,设置,hard,8,在钉钉开启语音和视频通话邀请通知,"{""xpath"": ['''//*[contains(@text, ""开关 打开"") and contains(@resource-id, ""id/sv_switch"")] and //*[contains(@text, ""语音和视频通话邀请通知"") ]  ''']}"
rimet_18,rimet,钉钉,com.alibaba.android.rimet/.biz.LaunchHomeActivity,设置,hard,8,我想在钉钉设置回车键发送消息,"{""xpath"": ['''//*[contains(@text, ""开关 打开"") and contains(@resource-id, ""id/sv_switch"") and contains(@content-desc, ""回车键发送消息"") ] ''']}"
rimet_19,rimet,钉钉,com.alibaba.android.rimet/.biz.LaunchHomeActivity,设置,hard,7,我想在钉钉设置消息免打扰,"{""xpath"": ['''//*[contains(@text, ""开关 打开"") and contains(@resource-id, ""id/sv_switch"") and contains(@content-desc, ""勿扰模式"") ] ''']}"
seeyou_0,seeyou,美柚,com.lingan.seeyou/.ui.activity.main.SeeyouActivity,推荐,easy,4,在美柚里搜索祛湿方法,"{""xpath"": ['''//*[contains(@text, ""祛湿方法"") and contains(@resource-id, ""id/act_search_title_edt"")] ''']}"
seeyou_1,seeyou,美柚,com.lingan.seeyou/.ui.activity.main.SeeyouActivity,推荐,easy,5,在美柚里搜索化痰止咳的帖子,"{""xpath"": ['''//*[contains(@text, ""化痰止咳"") and contains(@resource-id, ""id/act_search_title_edt"")] and //*[contains(@text, ""帖子"") ]''']}"
seeyou_2,seeyou,美柚,com.lingan.seeyou/.ui.activity.main.SeeyouActivity,推荐,easy,5,在美柚里搜索夏季饮食的知识,"{""xpath"": ['''//*[contains(@text, ""夏季饮食"") and contains(@resource-id, ""id/act_search_title_edt"")] and //*[contains(@text, ""知识"")   ]''']}"
seeyou_3,seeyou,美柚,com.lingan.seeyou/.ui.activity.main.SeeyouActivity,推荐,medium,5,在美柚里面打开运动减肥的健康百科,"{""xpath"": [ '''//*[contains(@text, ""运动减肥"") and contains(@resource-id, ""id/tv_title"")]  ''' ]}"
seeyou_4,seeyou,美柚,com.lingan.seeyou/.ui.activity.main.SeeyouActivity,记录,hard,8,在美柚里面填写我今天的经期症状为腹痛、便秘,"{""xpath"": ['''//*[contains(@resource-id, ""symptom_item"") and bbox_contains_point(@bounds,$point) and (self::*[contains(@text, ""腹痛"")] or following-sibling::*[contains(@text, ""腹痛"")]   ) ]''','''//*[contains(@resource-id, ""symptom_item"") and bbox_contains_point(@bounds,$point) and (self::*[contains(@text, ""便秘"")] or following-sibling::*[contains(@text, ""便秘"")]    ) ] ''', ''' //*[contains(@text, ""确定"") and bbox_contains_point(@bounds,$point) ]''']}"
seeyou_5,seeyou,美柚,com.lingan.seeyou/.ui.activity.main.SeeyouActivity,记录,hard,7,在美柚里面填写我今天的症状为头痛,"{""xpath"": ['''//*[contains(@resource-id, ""symptom_item"") and bbox_contains_point(@bounds,$point) and (self::*[contains(@text, ""头痛"")] or following-sibling::*[contains(@text, ""头痛"")]   ) ]''',''' //*[contains(@text, ""确定"") and bbox_contains_point(@bounds,$point) ]''']}"
seeyou_6,seeyou,美柚,com.lingan.seeyou/.ui.activity.main.SeeyouActivity,记录,hard,10,在美柚里面添加我今天的体重为55公斤,"{""xpath"": [''' //*[contains(@text, ""体重"") and contains(@resource-id, ""id/title_tv"")] and //*[contains(@text, ""55"") and contains(@resource-id, ""id/dltp_tv_value"")] and //*[contains(@text, ""确定"") and bbox_contains_point(@bounds,$point) ]''']}"
seeyou_7,seeyou,美柚,com.lingan.seeyou/.ui.activity.main.SeeyouActivity,记录,hard,10,在美柚里面添加计划“下周一要早起”,"{""xpath"": [''' //*[contains(@text, ""添加计划"") and contains(@resource-id, ""id/planned_item_title_tv"")] and //*[contains(@text, ""早起"") and contains(@resource-id, ""id/planned_item_et"")] and //*[contains(@text, ""完成"") and bbox_contains_point(@bounds,$point) ]''']}"
seeyou_8,seeyou,美柚,com.lingan.seeyou/.ui.activity.main.SeeyouActivity,记录,medium,5,帮我查看美柚的经期分析,"{""xpath"": ['''//*[contains(@text, ""分析"") ] and //*[contains(@text, ""经期健康度"") ] ''']}"
seeyou_9,seeyou,美柚,com.lingan.seeyou/.ui.activity.main.SeeyouActivity,记录,easy,4,帮我在美柚上开启备孕模式,"{""xpath"": ['''//*[contains(@text, ""开启备孕模式"")   and bbox_contains_point(@bounds,$point) ] ''']}###{""xpath"": [''' //*[contains(@text, ""备孕模式"") and ( following-sibling::*[@text=""当前""])]  ''' ]}"
seeyou_10,seeyou,美柚,com.lingan.seeyou/.ui.activity.main.SeeyouActivity,消息,easy,3,在美柚上查看我的消息界面,"{""xpath"": ['''//*[contains(@text, ""消息"") and contains(@resource-id, ""id/baselayout_tv_title"")] ''']}"
seeyou_11,seeyou,美柚,com.lingan.seeyou/.ui.activity.main.SeeyouActivity,我的,hard,10,帮我在美柚问医生里上问一下医生经期腹痛应该怎么缓解？,"{""xpath"": ['''//*[contains(@text, ""经期"") and contains(@text, ""腹痛"") and preceding-sibling::*[contains(@resource-id, ""填写症状描述、持续时间"")] ] and //*[contains(@content-desc, ""发送"")  and bbox_contains_point(@bounds,$point) ]  ''']}"
seeyou_12,seeyou,美柚,com.lingan.seeyou/.ui.activity.main.SeeyouActivity,我的,medium,5,打开美柚上的柚子街,"{""xpath"": [  ''' //*[contains(@text, ""柚子街"") and  bbox_contains_point(../../@bounds,$point)] ''' ]} "
seeyou_13,seeyou,美柚,com.lingan.seeyou/.ui.activity.main.SeeyouActivity,我的,medium,6,帮我查看美柚健康养生馆的最新发帖,"{""xpath"": [ '''//*[contains(@text, ""健康养生馆"") and contains(@resource-id, ""id/tv_name"")] and //*[contains(@text, ""最新发帖"")  and bbox_contains_point(@bounds,$point) ] ''' ]}"
seeyou_14,seeyou,美柚,com.lingan.seeyou/.ui.activity.main.SeeyouActivity,我的,medium,6,在美柚上打开我的任务中心,"{""xpath"": ['''//*[contains(@text, ""任务中心"") ] and //*[contains(@text, ""我的奖品"") ] and //*[contains(@text, ""当前等级"") ] ''']}"
seeyou_15,seeyou,美柚,com.lingan.seeyou/.ui.activity.main.SeeyouActivity,我的,medium,6,在美柚上打开我的挂件墙,"{""xpath"": ['''//*[contains(@text, ""挂件墙"") ] and //*[contains(@text, ""恢复默认"") ]  ''']}"
seeyou_16,seeyou,美柚,com.lingan.seeyou/.ui.activity.main.SeeyouActivity,我的,medium,6,在美柚打开“娱乐大爆炸”圈子,"{""xpath"": [ '''//*[contains(@text, ""娱乐大爆炸"") and contains(@resource-id, ""id/tv_name"")]  ''' ]}"
seeyou_17,seeyou,美柚,com.lingan.seeyou/.ui.activity.main.SeeyouActivity,我的,medium,5,查看美柚里我的订单,"{""xpath"": [ '''//*[contains(@text, ""订单"") and contains(@resource-id, ""id/web_tv_title"")]  ''' ]}###{""xpath"": [  ''' //*[contains(@text, ""订单"") and   bbox_contains_point(../../@bounds,$point)] ''' ]}"
seeyou_18,seeyou,美柚,com.lingan.seeyou/.ui.activity.main.SeeyouActivity,我的,medium,5,看一下美柚上我的金豆有多少,"{""xpath"": ['''//*[contains(@text, ""金豆"") ] and //*[contains(@text, ""现金"") ] and //*[contains(@text, ""钱包"")]  ''']}###{""xpath"": [  ''' //*[contains(@text, ""钱包"") and   bbox_contains_point(../../@bounds,$point)] ''' ]}"
seeyou_19,seeyou,美柚,com.lingan.seeyou/.ui.activity.main.SeeyouActivity,我的,hard,7,在美柚中设置不使用美柚专属字体,"{""xpath"": ['''//*[contains(@text, ""字体变更将在重启后生效"") ] ''']}###{""xpath"": ['''//*[contains(@text, ""使用美柚专属字体"") ] ''']}"
